timestamp,LSTM,Actual
2018-07-04 21:00:00+00:00,52.4524,52.777
2018-07-04 22:00:00+00:00,48.462646,49.440002
2018-07-04 23:00:00+00:00,46.762806,47.288
2018-07-05 00:00:00+00:00,45.52457,45.864998
2018-07-05 01:00:00+00:00,45.365788,45.961
2018-07-05 02:00:00+00:00,46.72099,46.793
2018-07-05 03:00:00+00:00,48.23195,49.342003
2018-07-05 04:00:00+00:00,55.3717,56.932003
2018-07-05 05:00:00+00:00,61.550224,63.188
2018-07-05 06:00:00+00:00,64.54821,67.206
2018-07-05 07:00:00+00:00,65.94122,69.171
2018-07-05 08:00:00+00:00,67.667305,70.693
2018-07-05 09:00:00+00:00,68.47126,70.809
2018-07-05 10:00:00+00:00,67.94714,70.254
2018-07-05 11:00:00+00:00,67.24153,70.07
2018-07-05 12:00:00+00:00,66.87942,69.25
2018-07-05 13:00:00+00:00,66.04777,67.86
2018-07-05 14:00:00+00:00,65.07235,66.697
2018-07-05 15:00:00+00:00,64.72889,66.244
2018-07-05 16:00:00+00:00,64.94348,65.566
2018-07-05 17:00:00+00:00,63.69219,64.547005
2018-07-05 18:00:00+00:00,61.558403,61.727
2018-07-05 19:00:00+00:00,58.076096,59.118004
2018-07-05 20:00:00+00:00,55.72132,56.808
2018-07-05 21:00:00+00:00,52.22877,52.829002
2018-07-05 22:00:00+00:00,48.537918,49.318996
2018-07-05 23:00:00+00:00,46.649498,47.216
2018-07-06 00:00:00+00:00,45.53004,46.269997
2018-07-06 01:00:00+00:00,45.891727,46.538
2018-07-06 02:00:00+00:00,47.359627,47.518
2018-07-06 03:00:00+00:00,49.35141,50.177
2018-07-06 04:00:00+00:00,56.151546,57.814
2018-07-06 05:00:00+00:00,62.060402,63.901
2018-07-06 06:00:00+00:00,64.961945,66.654
2018-07-06 07:00:00+00:00,65.46858,68.634
2018-07-06 08:00:00+00:00,67.468636,69.607
2018-07-06 09:00:00+00:00,67.71546,70.873
2018-07-06 10:00:00+00:00,67.94946,70.658005
2018-07-06 11:00:00+00:00,67.557816,69.323
2018-07-06 12:00:00+00:00,66.045456,66.604996
2018-07-06 13:00:00+00:00,63.57243,65.379
2018-07-06 14:00:00+00:00,63.068947,63.426003
2018-07-06 15:00:00+00:00,62.159836,63.06
2018-07-06 16:00:00+00:00,62.69941,61.618
2018-07-06 17:00:00+00:00,60.515488,61.152
2018-07-06 18:00:00+00:00,59.01541,58.618
2018-07-06 19:00:00+00:00,55.519558,55.375
2018-07-06 20:00:00+00:00,52.405716,53.578
2018-07-06 21:00:00+00:00,49.47962,50.086
2018-07-06 22:00:00+00:00,46.35161,46.648
2018-07-06 23:00:00+00:00,44.31788,44.501
2018-07-07 00:00:00+00:00,42.87369,43.167
2018-07-07 01:00:00+00:00,42.36992,42.57
2018-07-07 02:00:00+00:00,42.23147,42.186
2018-07-07 03:00:00+00:00,41.67392,42.108
2018-07-07 04:00:00+00:00,42.156178,44.406002
2018-07-07 05:00:00+00:00,47.286648,47.898
2018-07-07 06:00:00+00:00,50.762882,52.107
2018-07-07 07:00:00+00:00,54.011112,54.701
2018-07-07 08:00:00+00:00,54.697624,56.22
2018-07-07 09:00:00+00:00,54.883858,57.554005
2018-07-07 10:00:00+00:00,55.677017,56.677998
2018-07-07 11:00:00+00:00,54.110447,54.347
2018-07-07 12:00:00+00:00,51.70202,52.718998
2018-07-07 13:00:00+00:00,51.193962,52.024
2018-07-07 14:00:00+00:00,51.87445,51.593
2018-07-07 15:00:00+00:00,52.00412,51.548
2018-07-07 16:00:00+00:00,51.649624,51.51
2018-07-07 17:00:00+00:00,50.6785,50.860996
2018-07-07 18:00:00+00:00,49.324345,49.158
2018-07-07 19:00:00+00:00,47.44527,46.967
2018-07-07 20:00:00+00:00,45.15334,46.246002
2018-07-07 21:00:00+00:00,43.59266,43.947998
2018-07-07 22:00:00+00:00,40.96779,41.047
2018-07-07 23:00:00+00:00,39.1149,39.154
2018-07-08 00:00:00+00:00,37.91128,37.857002
2018-07-08 01:00:00+00:00,37.23793,37.119
2018-07-08 02:00:00+00:00,36.798515,36.985
2018-07-08 03:00:00+00:00,36.686504,36.561
2018-07-08 04:00:00+00:00,37.18342,37.172
2018-07-08 05:00:00+00:00,39.28036,39.853
2018-07-08 06:00:00+00:00,43.270206,43.523
2018-07-08 07:00:00+00:00,46.43998,46.493
2018-07-08 08:00:00+00:00,48.289223,48.332
2018-07-08 09:00:00+00:00,48.520527,50.029
2018-07-08 10:00:00+00:00,48.954414,50.102
2018-07-08 11:00:00+00:00,47.999294,48.438
2018-07-08 12:00:00+00:00,46.375027,47.008003
2018-07-08 13:00:00+00:00,45.754654,46.68
2018-07-08 14:00:00+00:00,46.661476,46.534
2018-07-08 15:00:00+00:00,47.008812,47.216
2018-07-08 16:00:00+00:00,47.789513,47.872997
2018-07-08 17:00:00+00:00,47.811806,47.899998
2018-07-08 18:00:00+00:00,47.24321,48.161
2018-07-08 19:00:00+00:00,47.34779,47.57
2018-07-08 20:00:00+00:00,46.35287,48.58
2018-07-08 21:00:00+00:00,46.533947,45.36
2018-07-08 22:00:00+00:00,41.97072,42.337
2018-07-08 23:00:00+00:00,40.39218,40.892998
2018-07-09 00:00:00+00:00,39.87826,39.588
2018-07-09 01:00:00+00:00,39.419365,39.854
2018-07-09 02:00:00+00:00,40.76284,41.043
2018-07-09 03:00:00+00:00,43.392895,44.47
2018-07-09 04:00:00+00:00,51.658108,53.265
2018-07-09 05:00:00+00:00,58.914223,60.193
2018-07-09 06:00:00+00:00,62.03967,64.316
2018-07-09 07:00:00+00:00,63.570457,65.770004
2018-07-09 08:00:00+00:00,65.20054,67.692
2018-07-09 09:00:00+00:00,66.459465,68.837
2018-07-09 10:00:00+00:00,66.53929,68.151
2018-07-09 11:00:00+00:00,65.34222,67.557
2018-07-09 12:00:00+00:00,64.54649,66.768005
2018-07-09 13:00:00+00:00,63.67215,65.826004
2018-07-09 14:00:00+00:00,62.92849,64.124
2018-07-09 15:00:00+00:00,61.764046,63.974
2018-07-09 16:00:00+00:00,62.38601,63.883
2018-07-09 17:00:00+00:00,61.84485,63.131004
2018-07-09 18:00:00+00:00,59.764313,60.024002
2018-07-09 19:00:00+00:00,56.245205,57.293
2018-07-09 20:00:00+00:00,54.035076,55.079998
2018-07-09 21:00:00+00:00,50.43125,50.269
2018-07-09 22:00:00+00:00,46.39664,46.536003
2018-07-09 23:00:00+00:00,44.39391,44.688
2018-07-10 00:00:00+00:00,43.173565,43.329998
2018-07-10 01:00:00+00:00,43.023182,43.713
2018-07-10 02:00:00+00:00,44.94254,44.341
2018-07-10 03:00:00+00:00,46.08432,47.270996
2018-07-10 04:00:00+00:00,54.023808,54.634
2018-07-10 05:00:00+00:00,59.76513,61.137
2018-07-10 06:00:00+00:00,63.019302,64.757
2018-07-10 07:00:00+00:00,64.08467,65.844
2018-07-10 08:00:00+00:00,65.06567,67.799995
2018-07-10 09:00:00+00:00,66.41887,68.979004
2018-07-10 10:00:00+00:00,66.50752,68.859
2018-07-10 11:00:00+00:00,65.77846,68.138
2018-07-10 12:00:00+00:00,64.96734,65.942
2018-07-10 13:00:00+00:00,62.76416,64.904
2018-07-10 14:00:00+00:00,62.12599,63.204
2018-07-10 15:00:00+00:00,61.243988,62.949
2018-07-10 16:00:00+00:00,61.82617,62.498
2018-07-10 17:00:00+00:00,60.935852,61.508003
2018-07-10 18:00:00+00:00,58.676712,58.427002
2018-07-10 19:00:00+00:00,55.194267,55.467003
2018-07-10 20:00:00+00:00,52.685505,53.82
2018-07-10 21:00:00+00:00,49.917515,49.057
2018-07-10 22:00:00+00:00,45.106762,45.687
2018-07-10 23:00:00+00:00,43.549694,43.817
2018-07-11 00:00:00+00:00,42.130898,42.639
2018-07-11 01:00:00+00:00,42.20907,42.689
2018-07-11 02:00:00+00:00,43.29202,43.772
2018-07-11 03:00:00+00:00,45.685623,46.620003
2018-07-11 04:00:00+00:00,52.82751,54.713
2018-07-11 05:00:00+00:00,59.30242,60.798
2018-07-11 06:00:00+00:00,62.219563,64.201004
2018-07-11 07:00:00+00:00,63.212048,64.934
2018-07-11 08:00:00+00:00,64.14264,66.857
2018-07-11 09:00:00+00:00,65.37971,68.364
2018-07-11 10:00:00+00:00,65.78907,67.159004
2018-07-11 11:00:00+00:00,64.0294,66.476
2018-07-11 12:00:00+00:00,63.32065,65.167
2018-07-11 13:00:00+00:00,62.114597,65.046
2018-07-11 14:00:00+00:00,62.398754,63.525
2018-07-11 15:00:00+00:00,61.25948,62.944004
2018-07-11 16:00:00+00:00,61.050125,62.288002
2018-07-11 17:00:00+00:00,59.99853,61.383003
2018-07-11 18:00:00+00:00,58.10557,58.445
2018-07-11 19:00:00+00:00,54.909218,55.866997
2018-07-11 20:00:00+00:00,52.833824,53.749
2018-07-11 21:00:00+00:00,49.093918,49.524998
2018-07-11 22:00:00+00:00,45.75205,45.739002
2018-07-11 23:00:00+00:00,43.53411,43.95
2018-07-12 00:00:00+00:00,42.55358,42.723
2018-07-12 01:00:00+00:00,42.421368,42.657
2018-07-12 02:00:00+00:00,43.433273,43.557
2018-07-12 03:00:00+00:00,45.24923,46.355
2018-07-12 04:00:00+00:00,52.80103,53.687
2018-07-12 05:00:00+00:00,58.722008,60.316998
2018-07-12 06:00:00+00:00,62.22462,63.778004
2018-07-12 07:00:00+00:00,63.044952,65.171
2018-07-12 08:00:00+00:00,64.30986,66.809
2018-07-12 09:00:00+00:00,65.40514,67.499
2018-07-12 10:00:00+00:00,65.08025,67.221
2018-07-12 11:00:00+00:00,64.31729,66.506
2018-07-12 12:00:00+00:00,63.426266,65.443
2018-07-12 13:00:00+00:00,62.30907,64.33
2018-07-12 14:00:00+00:00,61.538197,63.373
2018-07-12 15:00:00+00:00,61.30084,63.331997
2018-07-12 16:00:00+00:00,61.735664,62.448997
2018-07-12 17:00:00+00:00,60.083683,60.817
2018-07-12 18:00:00+00:00,57.70795,58.352
2018-07-12 19:00:00+00:00,55.11525,55.866
2018-07-12 20:00:00+00:00,52.81437,54.221996
2018-07-12 21:00:00+00:00,50.050343,49.418003
2018-07-12 22:00:00+00:00,45.456577,46.242996
2018-07-12 23:00:00+00:00,44.075596,44.193
2018-07-13 00:00:00+00:00,42.461727,43.158
2018-07-13 01:00:00+00:00,42.939873,43.465
2018-07-13 02:00:00+00:00,44.425186,44.37
2018-07-13 03:00:00+00:00,46.46035,47.034
2018-07-13 04:00:00+00:00,53.364296,54.532
2018-07-13 05:00:00+00:00,59.34587,60.818
2018-07-13 06:00:00+00:00,62.538143,64.763
2018-07-13 07:00:00+00:00,63.935444,65.764
2018-07-13 08:00:00+00:00,64.805405,66.51
2018-07-13 09:00:00+00:00,65.141556,67.884
2018-07-13 10:00:00+00:00,65.64726,67.23
2018-07-13 11:00:00+00:00,64.34367,65.961006
2018-07-13 12:00:00+00:00,62.814125,63.673
2018-07-13 13:00:00+00:00,60.716274,62.659004
2018-07-13 14:00:00+00:00,60.24099,61.835003
2018-07-13 15:00:00+00:00,60.510166,61.352
2018-07-13 16:00:00+00:00,60.308258,60.564003
2018-07-13 17:00:00+00:00,58.801086,59.292
2018-07-13 18:00:00+00:00,56.59329,56.525
2018-07-13 19:00:00+00:00,53.53548,53.89
2018-07-13 20:00:00+00:00,51.262775,52.101
2018-07-13 21:00:00+00:00,48.052414,48.325
2018-07-13 22:00:00+00:00,44.601376,45.234
2018-07-13 23:00:00+00:00,42.95278,43.077
2018-07-14 00:00:00+00:00,41.443684,40.89
2018-07-14 01:00:00+00:00,40.070045,40.391
2018-07-14 02:00:00+00:00,40.29798,40.387
2018-07-14 03:00:00+00:00,40.243107,40.237
2018-07-14 04:00:00+00:00,40.34143,42.436
2018-07-14 05:00:00+00:00,45.433167,45.982998
2018-07-14 06:00:00+00:00,49.29634,49.994
2018-07-14 07:00:00+00:00,52.457035,53.151
2018-07-14 08:00:00+00:00,53.71178,55.077
2018-07-14 09:00:00+00:00,54.098507,56.09
2018-07-14 10:00:00+00:00,54.2397,55.089996
2018-07-14 11:00:00+00:00,52.606716,53.190998
2018-07-14 12:00:00+00:00,50.54693,51.838997
2018-07-14 13:00:00+00:00,50.270817,50.734
2018-07-14 14:00:00+00:00,50.16028,50.444
2018-07-14 15:00:00+00:00,50.865246,50.274998
2018-07-14 16:00:00+00:00,50.222565,49.801
2018-07-14 17:00:00+00:00,49.039185,49.425
2018-07-14 18:00:00+00:00,48.314102,47.574
2018-07-14 19:00:00+00:00,46.23343,45.55
2018-07-14 20:00:00+00:00,44.49949,44.908
2018-07-14 21:00:00+00:00,42.593624,41.438
2018-07-14 22:00:00+00:00,38.768936,39.257
2018-07-14 23:00:00+00:00,37.57187,37.359
2018-07-15 00:00:00+00:00,36.059265,35.945
2018-07-15 01:00:00+00:00,35.342285,35.581
2018-07-15 02:00:00+00:00,35.36247,35.393
2018-07-15 03:00:00+00:00,35.103962,35.118
2018-07-15 04:00:00+00:00,35.948666,36.214
2018-07-15 05:00:00+00:00,38.540417,39.038002
2018-07-15 06:00:00+00:00,42.69954,42.457
2018-07-15 07:00:00+00:00,45.392994,45.406
2018-07-15 08:00:00+00:00,47.1764,47.741
2018-07-15 09:00:00+00:00,48.056133,49.49
2018-07-15 10:00:00+00:00,48.55539,48.996
2018-07-15 11:00:00+00:00,47.109554,47.506
2018-07-15 12:00:00+00:00,45.74052,46.405
2018-07-15 13:00:00+00:00,45.33343,45.614
2018-07-15 14:00:00+00:00,45.53443,45.659
2018-07-15 15:00:00+00:00,46.388027,45.858
2018-07-15 16:00:00+00:00,46.478756,46.298
2018-07-15 17:00:00+00:00,46.511948,47.109
2018-07-15 18:00:00+00:00,46.81625,47.144
2018-07-15 19:00:00+00:00,46.403477,46.672
2018-07-15 20:00:00+00:00,45.685547,47.095997
2018-07-15 21:00:00+00:00,44.86401,43.782
2018-07-15 22:00:00+00:00,40.65088,40.846
2018-07-15 23:00:00+00:00,39.029255,39.148
2018-07-16 00:00:00+00:00,38.019836,38.235
2018-07-16 01:00:00+00:00,38.13929,38.213
2018-07-16 02:00:00+00:00,38.91601,39.45
2018-07-16 03:00:00+00:00,41.673542,42.734
2018-07-16 04:00:00+00:00,49.47873,51.149002
2018-07-16 05:00:00+00:00,57.210796,58.13
2018-07-16 06:00:00+00:00,60.487076,62.266003
2018-07-16 07:00:00+00:00,61.963074,63.899002
2018-07-16 08:00:00+00:00,63.486893,65.658
2018-07-16 09:00:00+00:00,64.66067,66.823
2018-07-16 10:00:00+00:00,64.76312,66.089005
2018-07-16 11:00:00+00:00,63.43793,65.379
2018-07-16 12:00:00+00:00,62.463833,64.448
2018-07-16 13:00:00+00:00,61.439163,63.879
2018-07-16 14:00:00+00:00,61.09382,62.177002
2018-07-16 15:00:00+00:00,59.820915,62.376003
2018-07-16 16:00:00+00:00,60.73795,61.496002
2018-07-16 17:00:00+00:00,59.14857,60.508
2018-07-16 18:00:00+00:00,57.349777,58.328
2018-07-16 19:00:00+00:00,54.851986,55.908
2018-07-16 20:00:00+00:00,52.65728,53.864002
2018-07-16 21:00:00+00:00,49.44245,49.178997
2018-07-16 22:00:00+00:00,45.27851,45.684
2018-07-16 23:00:00+00:00,43.50767,43.746002
2018-07-17 00:00:00+00:00,42.162895,42.508
2018-07-17 01:00:00+00:00,42.313995,42.46
2018-07-17 02:00:00+00:00,43.402493,43.206
2018-07-17 03:00:00+00:00,44.948063,45.913
2018-07-17 04:00:00+00:00,52.332733,52.95
2018-07-17 05:00:00+00:00,58.472755,59.562
2018-07-17 06:00:00+00:00,61.904488,63.178
2018-07-17 07:00:00+00:00,62.861694,64.665
2018-07-17 08:00:00+00:00,64.033424,66.08
2018-07-17 09:00:00+00:00,64.92907,67.669
2018-07-17 10:00:00+00:00,65.42692,67.441
2018-07-17 11:00:00+00:00,64.560165,66.824005
2018-07-17 12:00:00+00:00,63.69423,65.586
2018-07-17 13:00:00+00:00,62.481136,64.644
2018-07-17 14:00:00+00:00,61.792656,63.293003
2018-07-17 15:00:00+00:00,61.03818,63.276
2018-07-17 16:00:00+00:00,61.73771,62.103004
2018-07-17 17:00:00+00:00,59.913292,61.219
2018-07-17 18:00:00+00:00,58.318848,58.885998
2018-07-17 19:00:00+00:00,55.532616,56.350002
2018-07-17 20:00:00+00:00,53.216427,54.481003
2018-07-17 21:00:00+00:00,50.451607,49.639004
2018-07-17 22:00:00+00:00,45.62407,46.046997
2018-07-17 23:00:00+00:00,43.826344,44.275
2018-07-18 00:00:00+00:00,42.586037,43.104
2018-07-18 01:00:00+00:00,42.708714,43.43
2018-07-18 02:00:00+00:00,44.41235,44.63
2018-07-18 03:00:00+00:00,47.143112,47.115997
2018-07-18 04:00:00+00:00,53.50058,53.770004
2018-07-18 05:00:00+00:00,58.692852,60.091
2018-07-18 06:00:00+00:00,62.167305,63.830997
2018-07-18 07:00:00+00:00,63.341007,64.92
2018-07-18 08:00:00+00:00,64.078514,66.315
2018-07-18 09:00:00+00:00,65.042885,67.577
2018-07-18 10:00:00+00:00,65.31565,67.227
2018-07-18 11:00:00+00:00,64.30592,66.692
2018-07-18 12:00:00+00:00,63.60852,65.367004
2018-07-18 13:00:00+00:00,62.337414,64.201996
2018-07-18 14:00:00+00:00,61.464256,62.535
2018-07-18 15:00:00+00:00,60.413483,62.232002
2018-07-18 16:00:00+00:00,60.897057,61.961998
2018-07-18 17:00:00+00:00,60.146774,61.332
2018-07-18 18:00:00+00:00,58.290344,59.379
2018-07-18 19:00:00+00:00,55.74265,56.795998
2018-07-18 20:00:00+00:00,53.375805,54.373
2018-07-18 21:00:00+00:00,49.84454,49.652
2018-07-18 22:00:00+00:00,45.846684,46.162
2018-07-18 23:00:00+00:00,43.9915,44.133
2018-07-19 00:00:00+00:00,42.53396,43.055
2018-07-19 01:00:00+00:00,42.759632,42.923
2018-07-19 02:00:00+00:00,43.540287,43.808
2018-07-19 03:00:00+00:00,45.33446,46.117
2018-07-19 04:00:00+00:00,51.666107,53.087997
2018-07-19 05:00:00+00:00,58.196735,59.277
2018-07-19 06:00:00+00:00,61.448387,63.152
2018-07-19 07:00:00+00:00,62.715317,64.903
2018-07-19 08:00:00+00:00,63.98495,65.807
2018-07-19 09:00:00+00:00,64.37365,67.186005
2018-07-19 10:00:00+00:00,64.911804,66.771996
2018-07-19 11:00:00+00:00,63.936134,65.788
2018-07-19 12:00:00+00:00,62.64069,64.644
2018-07-19 13:00:00+00:00,61.616043,63.642
2018-07-19 14:00:00+00:00,60.948334,62.465
2018-07-19 15:00:00+00:00,60.40742,62.423
2018-07-19 16:00:00+00:00,60.972687,61.842
2018-07-19 17:00:00+00:00,59.699684,60.875
2018-07-19 18:00:00+00:00,57.73832,58.495
2018-07-19 19:00:00+00:00,55.056404,56.567
2018-07-19 20:00:00+00:00,53.32185,54.239
2018-07-19 21:00:00+00:00,49.679623,49.663
2018-07-19 22:00:00+00:00,45.836708,46.125
2018-07-19 23:00:00+00:00,43.848404,44.048
2018-07-20 00:00:00+00:00,42.422153,42.709
2018-07-20 01:00:00+00:00,42.268837,42.771
2018-07-20 02:00:00+00:00,43.512268,43.690998
2018-07-20 03:00:00+00:00,45.337563,46.043
2018-07-20 04:00:00+00:00,51.81246,52.866997
2018-07-20 05:00:00+00:00,58.118813,59.448997
2018-07-20 06:00:00+00:00,61.707947,63.145
2018-07-20 07:00:00+00:00,62.704468,64.448
2018-07-20 08:00:00+00:00,63.64554,65.949005
2018-07-20 09:00:00+00:00,64.70454,67.099
2018-07-20 10:00:00+00:00,64.83311,65.694
2018-07-20 11:00:00+00:00,62.84878,64.479996
2018-07-20 12:00:00+00:00,61.536823,63.426003
2018-07-20 13:00:00+00:00,60.582233,62.22
2018-07-20 14:00:00+00:00,59.76788,61.144005
2018-07-20 15:00:00+00:00,59.51726,60.845
2018-07-20 16:00:00+00:00,59.735004,59.826004
2018-07-20 17:00:00+00:00,57.990253,58.351
2018-07-20 18:00:00+00:00,55.83438,55.507
2018-07-20 19:00:00+00:00,52.76966,53.579998
2018-07-20 20:00:00+00:00,51.29197,51.644
2018-07-20 21:00:00+00:00,47.669235,47.422
2018-07-20 22:00:00+00:00,43.814213,44.542
2018-07-20 23:00:00+00:00,42.342148,42.54
2018-07-21 00:00:00+00:00,40.87085,40.976
2018-07-21 01:00:00+00:00,40.368683,40.238003
2018-07-21 02:00:00+00:00,40.14323,39.64
2018-07-21 03:00:00+00:00,39.378574,39.771
2018-07-21 04:00:00+00:00,39.84392,42.044003
2018-07-21 05:00:00+00:00,44.994373,46.126
2018-07-21 06:00:00+00:00,49.752308,49.822998
2018-07-21 07:00:00+00:00,52.307995,52.635002
2018-07-21 08:00:00+00:00,53.19446,54.553
2018-07-21 09:00:00+00:00,53.71259,55.094
2018-07-21 10:00:00+00:00,53.218563,54.21
2018-07-21 11:00:00+00:00,51.77508,52.583
2018-07-21 12:00:00+00:00,50.172314,51.005
2018-07-21 13:00:00+00:00,49.43488,50.295
2018-07-21 14:00:00+00:00,50.12587,50.102
2018-07-21 15:00:00+00:00,50.514355,50.445
2018-07-21 16:00:00+00:00,50.566605,50.645
2018-07-21 17:00:00+00:00,49.86217,49.758
2018-07-21 18:00:00+00:00,48.20827,47.699
2018-07-21 19:00:00+00:00,46.299164,46.274
2018-07-21 20:00:00+00:00,45.06178,45.462
2018-07-21 21:00:00+00:00,42.938217,42.305
2018-07-21 22:00:00+00:00,39.520485,40.197
2018-07-21 23:00:00+00:00,38.387012,38.397
2018-07-22 00:00:00+00:00,37.01535,37.354
2018-07-22 01:00:00+00:00,36.940166,36.818
2018-07-22 02:00:00+00:00,36.681618,36.851997
2018-07-22 03:00:00+00:00,36.87003,36.463
2018-07-22 04:00:00+00:00,37.158745,36.857998
2018-07-22 05:00:00+00:00,39.00362,39.165
2018-07-22 06:00:00+00:00,42.522026,42.152
2018-07-22 07:00:00+00:00,44.989674,45.176
2018-07-22 08:00:00+00:00,47.16932,47.458004
2018-07-22 09:00:00+00:00,48.055695,49.618
2018-07-22 10:00:00+00:00,48.938004,49.55
2018-07-22 11:00:00+00:00,47.610233,47.687
2018-07-22 12:00:00+00:00,45.81762,46.179
2018-07-22 13:00:00+00:00,45.033886,45.863
2018-07-22 14:00:00+00:00,45.94662,46.05
2018-07-22 15:00:00+00:00,46.880898,47.17
2018-07-22 16:00:00+00:00,47.949364,48.015
2018-07-22 17:00:00+00:00,47.938675,47.981
2018-07-22 18:00:00+00:00,47.234543,47.86
2018-07-22 19:00:00+00:00,47.02567,47.786
2018-07-22 20:00:00+00:00,46.72265,47.763
2018-07-22 21:00:00+00:00,45.410686,44.539
2018-07-22 22:00:00+00:00,41.47462,42.072998
2018-07-22 23:00:00+00:00,40.22075,40.545
2018-07-23 00:00:00+00:00,39.544544,39.808002
2018-07-23 01:00:00+00:00,39.901455,39.809998
2018-07-23 02:00:00+00:00,40.68133,41.238
2018-07-23 03:00:00+00:00,44.04155,44.383
2018-07-23 04:00:00+00:00,51.404438,52.339
2018-07-23 05:00:00+00:00,58.03107,59.527
2018-07-23 06:00:00+00:00,61.684475,63.453003
2018-07-23 07:00:00+00:00,62.935303,64.579
2018-07-23 08:00:00+00:00,64.08098,66.047005
2018-07-23 09:00:00+00:00,65.17041,67.646
2018-07-23 10:00:00+00:00,65.60535,67.520004
2018-07-23 11:00:00+00:00,64.75463,66.797005
2018-07-23 12:00:00+00:00,63.78839,65.371
2018-07-23 13:00:00+00:00,62.354084,64.49
2018-07-23 14:00:00+00:00,61.736736,63.042
2018-07-23 15:00:00+00:00,60.84291,62.775
2018-07-23 16:00:00+00:00,61.240826,62.399998
2018-07-23 17:00:00+00:00,60.406403,61.381
2018-07-23 18:00:00+00:00,58.29437,59.113003
2018-07-23 19:00:00+00:00,55.65167,56.875
2018-07-23 20:00:00+00:00,53.581642,54.971
2018-07-23 21:00:00+00:00,50.386875,50.427998
2018-07-23 22:00:00+00:00,46.486225,46.724
2018-07-23 23:00:00+00:00,44.4746,44.708
2018-07-24 00:00:00+00:00,43.12291,43.586002
2018-07-24 01:00:00+00:00,43.342274,43.538998
2018-07-24 02:00:00+00:00,44.39623,44.544
2018-07-24 03:00:00+00:00,46.464016,47.269
2018-07-24 04:00:00+00:00,53.798443,54.005
2018-07-24 05:00:00+00:00,59.079994,60.404003
2018-07-24 06:00:00+00:00,62.511482,64.303
2018-07-24 07:00:00+00:00,63.79033,65.598
2018-07-24 08:00:00+00:00,64.673416,67.15
2018-07-24 09:00:00+00:00,65.76581,68.711
2018-07-24 10:00:00+00:00,66.3145,68.184006
2018-07-24 11:00:00+00:00,65.15528,67.243004
2018-07-24 12:00:00+00:00,64.09674,65.974
2018-07-24 13:00:00+00:00,62.933033,65.098
2018-07-24 14:00:00+00:00,62.35113,64.076004
2018-07-24 15:00:00+00:00,62.038765,63.665
2018-07-24 16:00:00+00:00,62.121696,62.910004
2018-07-24 17:00:00+00:00,60.856804,62.177002
2018-07-24 18:00:00+00:00,59.173706,59.957
2018-07-24 19:00:00+00:00,56.35293,57.983997
2018-07-24 20:00:00+00:00,54.50802,55.766
2018-07-24 21:00:00+00:00,51.23931,51.336998
2018-07-24 22:00:00+00:00,47.194214,48.519997
2018-07-24 23:00:00+00:00,45.939457,46.013
2018-07-25 00:00:00+00:00,44.0738,44.877
2018-07-25 01:00:00+00:00,44.58559,44.841
2018-07-25 02:00:00+00:00,45.584087,45.691
2018-07-25 03:00:00+00:00,47.371742,48.279
2018-07-25 04:00:00+00:00,54.518063,55.368004
2018-07-25 05:00:00+00:00,60.30675,61.382
2018-07-25 06:00:00+00:00,63.244743,64.700005
2018-07-25 07:00:00+00:00,64.11709,66.496
2018-07-25 08:00:00+00:00,65.68366,68.428
2018-07-25 09:00:00+00:00,66.81974,70.121
2018-07-25 10:00:00+00:00,67.38231,69.605
2018-07-25 11:00:00+00:00,66.47075,68.721
2018-07-25 12:00:00+00:00,65.515724,67.214
2018-07-25 13:00:00+00:00,64.13966,66.038
2018-07-25 14:00:00+00:00,63.287243,64.817
2018-07-25 15:00:00+00:00,62.80828,63.601
2018-07-25 16:00:00+00:00,62.169468,63.27
2018-07-25 17:00:00+00:00,61.84412,62.687
2018-07-25 18:00:00+00:00,60.061115,60.436
2018-07-25 19:00:00+00:00,56.97223,58.462
2018-07-25 20:00:00+00:00,55.08072,56.147
2018-07-25 21:00:00+00:00,51.63895,52.042
2018-07-25 22:00:00+00:00,47.814735,48.260002
2018-07-25 23:00:00+00:00,45.710926,46.414997
2018-07-26 00:00:00+00:00,44.8335,45.033
2018-07-26 01:00:00+00:00,44.3987,44.908
2018-07-26 02:00:00+00:00,45.51501,45.742
2018-07-26 03:00:00+00:00,47.168613,48.163
2018-07-26 04:00:00+00:00,53.862446,54.83
2018-07-26 05:00:00+00:00,59.68209,61.184002
2018-07-26 06:00:00+00:00,63.1106,64.759
2018-07-26 07:00:00+00:00,64.04921,66.724
2018-07-26 08:00:00+00:00,65.62674,68.131996
2018-07-26 09:00:00+00:00,66.47346,69.853
2018-07-26 10:00:00+00:00,67.163376,69.157
2018-07-26 11:00:00+00:00,66.073845,68.229996
2018-07-26 12:00:00+00:00,65.00751,67.034004
2018-07-26 13:00:00+00:00,63.976433,66.316
2018-07-26 14:00:00+00:00,63.54851,65.057
2018-07-26 15:00:00+00:00,62.893436,64.278
2018-07-26 16:00:00+00:00,62.672943,63.443005
2018-07-26 17:00:00+00:00,61.59188,62.691
2018-07-26 18:00:00+00:00,59.904076,61.037
2018-07-26 19:00:00+00:00,57.47808,58.883
2018-07-26 20:00:00+00:00,55.229115,56.640003
2018-07-26 21:00:00+00:00,52.213654,51.931004
2018-07-26 22:00:00+00:00,47.686947,48.961002
2018-07-26 23:00:00+00:00,46.356297,46.864998
2018-07-27 00:00:00+00:00,45.00881,45.438
2018-07-27 01:00:00+00:00,44.95007,45.087997
2018-07-27 02:00:00+00:00,45.636425,45.885998
2018-07-27 03:00:00+00:00,47.255756,48.606
2018-07-27 04:00:00+00:00,54.57805,55.288002
2018-07-27 05:00:00+00:00,60.25156,61.293
2018-07-27 06:00:00+00:00,63.271225,64.947
2018-07-27 07:00:00+00:00,64.41537,66.853
2018-07-27 08:00:00+00:00,65.86935,68.148
2018-07-27 09:00:00+00:00,66.54155,69.103
2018-07-27 10:00:00+00:00,66.652504,68.315
2018-07-27 11:00:00+00:00,65.49076,67.093
2018-07-27 12:00:00+00:00,64.089134,65.369
2018-07-27 13:00:00+00:00,62.475216,64.315
2018-07-27 14:00:00+00:00,61.919144,63.413
2018-07-27 15:00:00+00:00,62.008915,62.967
2018-07-27 16:00:00+00:00,62.019714,62.409
2018-07-27 17:00:00+00:00,60.837357,61.336002
2018-07-27 18:00:00+00:00,58.617516,58.944
2018-07-27 19:00:00+00:00,55.7514,56.223
2018-07-27 20:00:00+00:00,53.23816,53.636
2018-07-27 21:00:00+00:00,49.380177,50.73
2018-07-27 22:00:00+00:00,46.962807,47.738
2018-07-27 23:00:00+00:00,45.111797,45.420998
2018-07-28 00:00:00+00:00,43.682697,44.333
2018-07-28 01:00:00+00:00,43.800045,43.515
2018-07-28 02:00:00+00:00,43.299145,42.851
2018-07-28 03:00:00+00:00,42.482113,43.197
2018-07-28 04:00:00+00:00,43.47443,44.925
2018-07-28 05:00:00+00:00,47.637554,48.675
2018-07-28 06:00:00+00:00,52.0202,52.002003
2018-07-28 07:00:00+00:00,53.9651,55.295002
2018-07-28 08:00:00+00:00,55.781746,56.738003
2018-07-28 09:00:00+00:00,55.677773,57.206997
2018-07-28 10:00:00+00:00,55.26735,56.793
2018-07-28 11:00:00+00:00,54.689594,55.022003
2018-07-28 12:00:00+00:00,52.819767,53.571003
2018-07-28 13:00:00+00:00,52.1737,53.062004
2018-07-28 14:00:00+00:00,53.07898,52.72
2018-07-28 15:00:00+00:00,53.12353,52.519
2018-07-28 16:00:00+00:00,52.569683,52.26
2018-07-28 17:00:00+00:00,51.50206,51.541996
2018-07-28 18:00:00+00:00,50.051006,49.581997
2018-07-28 19:00:00+00:00,47.86715,48.113
2018-07-28 20:00:00+00:00,46.662758,47.451
2018-07-28 21:00:00+00:00,44.797237,44.086998
2018-07-28 22:00:00+00:00,41.054237,41.053
2018-07-28 23:00:00+00:00,39.322777,39.588
2018-07-29 00:00:00+00:00,38.247086,38.269
2018-07-29 01:00:00+00:00,37.552017,37.929
2018-07-29 02:00:00+00:00,37.7604,37.58
2018-07-29 03:00:00+00:00,37.213646,37.375
2018-07-29 04:00:00+00:00,37.835762,37.554
2018-07-29 05:00:00+00:00,39.4389,39.679
2018-07-29 06:00:00+00:00,42.823597,42.752
2018-07-29 07:00:00+00:00,45.480385,45.583
2018-07-29 08:00:00+00:00,47.463295,47.316998
2018-07-29 09:00:00+00:00,47.766552,49.453
2018-07-29 10:00:00+00:00,48.794277,49.224003
2018-07-29 11:00:00+00:00,47.37315,47.833
2018-07-29 12:00:00+00:00,46.007145,47.044
2018-07-29 13:00:00+00:00,45.89476,46.350998
2018-07-29 14:00:00+00:00,46.084152,46.262
2018-07-29 15:00:00+00:00,46.795666,47.248
2018-07-29 16:00:00+00:00,47.90131,48.004
2018-07-29 17:00:00+00:00,47.97518,48.237
2018-07-29 18:00:00+00:00,47.629353,48.278
2018-07-29 19:00:00+00:00,47.478294,48.804996
2018-07-29 20:00:00+00:00,47.82,49.231003
2018-07-29 21:00:00+00:00,46.937347,46.372
2018-07-29 22:00:00+00:00,43.114536,43.855
2018-07-29 23:00:00+00:00,41.909893,42.142
2018-07-30 00:00:00+00:00,41.12582,41.173
2018-07-30 01:00:00+00:00,41.137253,41.277
2018-07-30 02:00:00+00:00,42.151142,41.913002
2018-07-30 03:00:00+00:00,43.71259,45.12
2018-07-30 04:00:00+00:00,51.968624,52.52
2018-07-30 05:00:00+00:00,58.316372,58.449
2018-07-30 06:00:00+00:00,60.941925,62.435
2018-07-30 07:00:00+00:00,62.582104,64.292
2018-07-30 08:00:00+00:00,63.964092,65.763
2018-07-30 09:00:00+00:00,64.73019,67.171005
2018-07-30 10:00:00+00:00,65.23272,67.216995
2018-07-30 11:00:00+00:00,64.6529,66.742
2018-07-30 12:00:00+00:00,63.83553,65.72
2018-07-30 13:00:00+00:00,62.796986,64.784996
2018-07-30 14:00:00+00:00,62.08167,63.488003
2018-07-30 15:00:00+00:00,61.256226,62.837997
2018-07-30 16:00:00+00:00,61.204624,62.121998
2018-07-30 17:00:00+00:00,60.251278,61.603
2018-07-30 18:00:00+00:00,58.934525,58.944
2018-07-30 19:00:00+00:00,55.70776,57.389
2018-07-30 20:00:00+00:00,54.471985,55.515
2018-07-30 21:00:00+00:00,50.976273,50.883
2018-07-30 22:00:00+00:00,46.963394,47.926003
2018-07-30 23:00:00+00:00,45.58475,46.167
2018-07-31 00:00:00+00:00,44.54248,44.929
2018-07-31 01:00:00+00:00,44.584225,44.747
2018-07-31 02:00:00+00:00,45.425694,45.402
2018-07-31 03:00:00+00:00,46.769035,47.886
2018-07-31 04:00:00+00:00,53.69392,54.135998
2018-07-31 05:00:00+00:00,59.053303,60.132
2018-07-31 06:00:00+00:00,62.32206,64.142
2018-07-31 07:00:00+00:00,63.794544,65.936
2018-07-31 08:00:00+00:00,64.88807,67.687004
2018-07-31 09:00:00+00:00,66.060455,69.112
2018-07-31 10:00:00+00:00,66.58641,68.446
2018-07-31 11:00:00+00:00,65.41893,67.798004
2018-07-31 12:00:00+00:00,64.69281,66.526
2018-07-31 13:00:00+00:00,63.50647,65.499
2018-07-31 14:00:00+00:00,62.720947,64.524
2018-07-31 15:00:00+00:00,62.48044,63.712997
2018-07-31 16:00:00+00:00,62.13334,63.311
2018-07-31 17:00:00+00:00,61.500164,62.281998
2018-07-31 18:00:00+00:00,59.42687,59.871002
2018-07-31 19:00:00+00:00,56.530296,58.034
2018-07-31 20:00:00+00:00,54.80264,55.599
2018-07-31 21:00:00+00:00,51.065845,51.435
2018-07-31 22:00:00+00:00,47.429665,48.108
2018-07-31 23:00:00+00:00,45.618855,46.519
2018-08-01 00:00:00+00:00,44.927246,45.568
2018-08-01 01:00:00+00:00,45.263405,45.61
2018-08-01 02:00:00+00:00,46.43803,46.382
2018-08-01 03:00:00+00:00,48.151196,49.127
2018-08-01 04:00:00+00:00,55.127842,55.436
2018-08-01 05:00:00+00:00,59.925587,60.833
2018-08-01 06:00:00+00:00,62.69988,61.265003
2018-08-01 07:00:00+00:00,61.181786,63.675003
2018-08-01 08:00:00+00:00,63.680546,67.054
2018-08-01 09:00:00+00:00,65.69258,68.83
2018-08-01 10:00:00+00:00,65.82421,67.706
2018-08-01 11:00:00+00:00,64.642975,66.077
2018-08-01 12:00:00+00:00,63.218067,66.071
2018-08-01 13:00:00+00:00,63.237873,64.805
2018-08-01 14:00:00+00:00,62.221333,63.396
2018-08-01 15:00:00+00:00,61.207573,62.885002
2018-08-01 16:00:00+00:00,61.47075,62.292
2018-08-01 17:00:00+00:00,60.415104,61.241
2018-08-01 18:00:00+00:00,58.465546,58.978
2018-08-01 19:00:00+00:00,55.886536,57.932
2018-08-01 20:00:00+00:00,55.06115,55.684002
2018-08-01 21:00:00+00:00,50.941505,51.555
2018-08-01 22:00:00+00:00,47.61411,48.015
2018-08-01 23:00:00+00:00,45.594776,45.934
2018-08-02 00:00:00+00:00,44.226128,44.993
2018-08-02 01:00:00+00:00,44.54349,45.158
2018-08-02 02:00:00+00:00,45.78843,45.906002
2018-08-02 03:00:00+00:00,47.287617,48.985004
2018-08-02 04:00:00+00:00,54.888313,55.064003
2018-08-02 05:00:00+00:00,59.36706,60.634
2018-08-02 06:00:00+00:00,62.39681,63.971
2018-08-02 07:00:00+00:00,63.504826,65.351
2018-08-02 08:00:00+00:00,64.34615,67.090004
2018-08-02 09:00:00+00:00,65.48468,68.243004
2018-08-02 10:00:00+00:00,65.745804,67.476006
2018-08-02 11:00:00+00:00,64.48766,66.978
2018-08-02 12:00:00+00:00,63.96221,65.848
2018-08-02 13:00:00+00:00,62.925762,65.35
2018-08-02 14:00:00+00:00,62.734104,64.237
2018-08-02 15:00:00+00:00,62.17992,63.657
2018-08-02 16:00:00+00:00,61.8974,63.072002
2018-08-02 17:00:00+00:00,60.907413,61.836998
2018-08-02 18:00:00+00:00,58.771362,59.328
2018-08-02 19:00:00+00:00,56.019672,58.268997
2018-08-02 20:00:00+00:00,55.240887,55.94
2018-08-02 21:00:00+00:00,50.97353,51.701
2018-08-02 22:00:00+00:00,47.701317,48.489002
2018-08-02 23:00:00+00:00,45.995663,46.174
2018-08-03 00:00:00+00:00,44.43147,44.804
2018-08-03 01:00:00+00:00,44.281208,44.888
2018-08-03 02:00:00+00:00,45.531216,45.863
2018-08-03 03:00:00+00:00,47.388103,48.639
2018-08-03 04:00:00+00:00,54.673904,54.843002
2018-08-03 05:00:00+00:00,59.4673,60.036
2018-08-03 06:00:00+00:00,62.03626,63.951
2018-08-03 07:00:00+00:00,63.71951,65.473
2018-08-03 08:00:00+00:00,64.50996,67.177
2018-08-03 09:00:00+00:00,65.52219,68.301
2018-08-03 10:00:00+00:00,65.889145,67.637
2018-08-03 11:00:00+00:00,64.69296,66.176
2018-08-03 12:00:00+00:00,63.153984,64.818
2018-08-03 13:00:00+00:00,61.953472,63.613003
2018-08-03 14:00:00+00:00,61.179417,62.333
2018-08-03 15:00:00+00:00,60.651836,61.838
2018-08-03 16:00:00+00:00,60.81272,61.084
2018-08-03 17:00:00+00:00,59.51925,59.84
2018-08-03 18:00:00+00:00,57.34101,57.751003
2018-08-03 19:00:00+00:00,54.85434,56.272
2018-08-03 20:00:00+00:00,53.398956,54.023
2018-08-03 21:00:00+00:00,49.558167,50.301003
2018-08-03 22:00:00+00:00,46.54743,47.525
2018-08-03 23:00:00+00:00,45.0767,45.268
2018-08-04 00:00:00+00:00,43.453716,43.862
2018-08-04 01:00:00+00:00,43.175972,42.798
2018-08-04 02:00:00+00:00,42.363976,42.553
2018-08-04 03:00:00+00:00,42.26686,42.732
2018-08-04 04:00:00+00:00,42.867676,43.777
2018-08-04 05:00:00+00:00,45.91231,47.264004
2018-08-04 06:00:00+00:00,50.35838,51.271
2018-08-04 07:00:00+00:00,53.56402,54.341
2018-08-04 08:00:00+00:00,54.91668,56.224003
2018-08-04 09:00:00+00:00,55.356037,57.672005
2018-08-04 10:00:00+00:00,56.01327,57.01
2018-08-04 11:00:00+00:00,54.58413,55.763
2018-08-04 12:00:00+00:00,53.65236,54.575
2018-08-04 13:00:00+00:00,53.06476,53.687
2018-08-04 14:00:00+00:00,53.023205,53.23
2018-08-04 15:00:00+00:00,53.358837,53.621998
2018-08-04 16:00:00+00:00,54.03635,53.493
2018-08-04 17:00:00+00:00,52.723034,52.484
2018-08-04 18:00:00+00:00,50.78461,50.624
2018-08-04 19:00:00+00:00,48.779613,49.553
2018-08-04 20:00:00+00:00,48.26047,47.967003
2018-08-04 21:00:00+00:00,45.03408,45.641
2018-08-04 22:00:00+00:00,42.57139,42.964
2018-08-04 23:00:00+00:00,40.653084,41.128998
2018-08-05 00:00:00+00:00,39.723766,39.617
2018-08-05 01:00:00+00:00,38.959545,38.555
2018-08-05 02:00:00+00:00,38.272213,38.552
2018-08-05 03:00:00+00:00,38.420444,38.257
2018-08-05 04:00:00+00:00,38.21969,38.468002
2018-08-05 05:00:00+00:00,39.971058,40.945
2018-08-05 06:00:00+00:00,44.22282,43.568
2018-08-05 07:00:00+00:00,46.28982,46.111
2018-08-05 08:00:00+00:00,48.00596,48.010998
2018-08-05 09:00:00+00:00,48.613976,49.356
2018-08-05 10:00:00+00:00,48.652588,48.93
2018-08-05 11:00:00+00:00,47.360584,48.039
2018-08-05 12:00:00+00:00,46.382504,47.03
2018-08-05 13:00:00+00:00,45.877274,46.374
2018-08-05 14:00:00+00:00,46.22771,46.225
2018-08-05 15:00:00+00:00,46.80135,47.653
2018-08-05 16:00:00+00:00,48.64172,48.9
2018-08-05 17:00:00+00:00,48.867786,49.178
2018-08-05 18:00:00+00:00,48.294537,49.054
2018-08-05 19:00:00+00:00,47.959972,49.23
2018-08-05 20:00:00+00:00,48.195015,48.371998
2018-08-05 21:00:00+00:00,45.922848,45.409
2018-08-05 22:00:00+00:00,42.381603,43.187
2018-08-05 23:00:00+00:00,41.157448,41.43
2018-08-06 00:00:00+00:00,40.213924,40.586002
2018-08-06 01:00:00+00:00,40.460613,40.649002
2018-08-06 02:00:00+00:00,41.352135,42.019
2018-08-06 03:00:00+00:00,44.528152,45.559
2018-08-06 04:00:00+00:00,52.85519,52.428
2018-08-06 05:00:00+00:00,57.969826,58.183
2018-08-06 06:00:00+00:00,60.65561,61.885002
2018-08-06 07:00:00+00:00,62.17706,63.857998
2018-08-06 08:00:00+00:00,63.576134,65.347
2018-08-06 09:00:00+00:00,64.33775,66.589005
2018-08-06 10:00:00+00:00,64.67935,66.525
2018-08-06 11:00:00+00:00,64.02111,65.978
2018-08-06 12:00:00+00:00,63.146023,64.668
2018-08-06 13:00:00+00:00,61.81522,64.095
2018-08-06 14:00:00+00:00,61.522633,63.259003
2018-08-06 15:00:00+00:00,61.263027,63.204
2018-08-06 16:00:00+00:00,61.51785,62.827
2018-08-06 17:00:00+00:00,60.537148,62.052998
2018-08-06 18:00:00+00:00,58.792553,59.777004
2018-08-06 19:00:00+00:00,56.145374,58.47
2018-08-06 20:00:00+00:00,55.20912,54.992004
2018-08-06 21:00:00+00:00,49.90544,50.719
2018-08-06 22:00:00+00:00,47.171806,47.472
2018-08-06 23:00:00+00:00,45.190598,45.774
2018-08-07 00:00:00+00:00,44.457535,44.454002
2018-08-07 01:00:00+00:00,44.1504,44.006
2018-08-07 02:00:00+00:00,44.577652,44.835003
2018-08-07 03:00:00+00:00,46.192963,48.022
2018-08-07 04:00:00+00:00,54.572983,54.606003
2018-08-07 05:00:00+00:00,59.600758,59.795998
2018-08-07 06:00:00+00:00,61.925663,63.537003
2018-08-07 07:00:00+00:00,63.47868,65.277
2018-08-07 08:00:00+00:00,64.5505,66.971
2018-08-07 09:00:00+00:00,65.43076,68.433
2018-08-07 10:00:00+00:00,66.04588,68.270004
2018-08-07 11:00:00+00:00,65.31656,68.042
2018-08-07 12:00:00+00:00,64.86274,67.015
2018-08-07 13:00:00+00:00,63.89466,65.427
2018-08-07 14:00:00+00:00,62.515083,64.288
2018-08-07 15:00:00+00:00,62.058662,63.871002
2018-08-07 16:00:00+00:00,62.344498,63.097
2018-08-07 17:00:00+00:00,61.120712,62.384003
2018-08-07 18:00:00+00:00,59.561882,59.968
2018-08-07 19:00:00+00:00,56.553837,58.912003
2018-08-07 20:00:00+00:00,55.649498,55.78
2018-08-07 21:00:00+00:00,50.900322,51.219997
2018-08-07 22:00:00+00:00,47.400127,48.433
2018-08-07 23:00:00+00:00,45.882942,46.69
2018-08-08 00:00:00+00:00,44.955357,45.553997
2018-08-08 01:00:00+00:00,45.236603,46.153
2018-08-08 02:00:00+00:00,47.18012,46.926
2018-08-08 03:00:00+00:00,48.980362,48.888996
2018-08-08 04:00:00+00:00,54.62572,55.624004
2018-08-08 05:00:00+00:00,60.294823,62.634003
2018-08-08 06:00:00+00:00,64.288574,66.359
2018-08-08 07:00:00+00:00,65.21468,67.389
2018-08-08 08:00:00+00:00,66.11992,67.939995
2018-08-08 09:00:00+00:00,66.57007,69.884
2018-08-08 10:00:00+00:00,67.44198,69.192
2018-08-08 11:00:00+00:00,66.16653,67.86
2018-08-08 12:00:00+00:00,64.684074,67.304
2018-08-08 13:00:00+00:00,64.46248,67.178
2018-08-08 14:00:00+00:00,64.79669,65.599
2018-08-08 15:00:00+00:00,63.454487,64.48801
2018-08-08 16:00:00+00:00,62.813446,63.697002
2018-08-08 17:00:00+00:00,61.904713,62.909
2018-08-08 18:00:00+00:00,60.100513,60.011
2018-08-08 19:00:00+00:00,56.643265,58.182
2018-08-08 20:00:00+00:00,55.112217,54.494
2018-08-08 21:00:00+00:00,49.663193,50.685
2018-08-08 22:00:00+00:00,47.294937,48.322002
2018-08-08 23:00:00+00:00,45.918995,46.483
2018-08-09 00:00:00+00:00,44.99283,45.106
2018-08-09 01:00:00+00:00,44.68675,44.917
2018-08-09 02:00:00+00:00,45.370495,45.78
2018-08-09 03:00:00+00:00,47.12242,48.812
2018-08-09 04:00:00+00:00,54.565815,54.435
2018-08-09 05:00:00+00:00,58.72311,59.989002
2018-08-09 06:00:00+00:00,61.90512,62.612003
2018-08-09 07:00:00+00:00,62.259514,64.352
2018-08-09 08:00:00+00:00,63.475735,66.131004
2018-08-09 09:00:00+00:00,64.570946,67.299
2018-08-09 10:00:00+00:00,64.74489,67.161
2018-08-09 11:00:00+00:00,64.190025,66.819
2018-08-09 12:00:00+00:00,63.740513,66.847
2018-08-09 13:00:00+00:00,63.780636,66.457
2018-08-09 14:00:00+00:00,63.576122,64.806
2018-08-09 15:00:00+00:00,62.049194,64.361
2018-08-09 16:00:00+00:00,62.19219,63.875
2018-08-09 17:00:00+00:00,61.347927,63.559002
2018-08-09 18:00:00+00:00,60.137882,60.948997
2018-08-09 19:00:00+00:00,57.02131,58.759003
2018-08-09 20:00:00+00:00,55.395985,55.435
2018-08-09 21:00:00+00:00,50.515167,51.74
2018-08-09 22:00:00+00:00,47.970894,48.758
2018-08-09 23:00:00+00:00,46.15477,47.106
2018-08-10 00:00:00+00:00,45.594296,45.809002
2018-08-10 01:00:00+00:00,45.472713,45.948
2018-08-10 02:00:00+00:00,46.827442,46.421997
2018-08-10 03:00:00+00:00,47.78061,49.805996
2018-08-10 04:00:00+00:00,56.227734,55.531002
2018-08-10 05:00:00+00:00,60.121696,61.382
2018-08-10 06:00:00+00:00,63.359787,64.714
2018-08-10 07:00:00+00:00,64.397354,65.714
2018-08-10 08:00:00+00:00,64.84456,66.272995
2018-08-10 09:00:00+00:00,65.07517,66.87
2018-08-10 10:00:00+00:00,64.89675,65.754
2018-08-10 11:00:00+00:00,63.17238,64.159004
2018-08-10 12:00:00+00:00,61.422558,62.143
2018-08-10 13:00:00+00:00,59.7019,61.074
2018-08-10 14:00:00+00:00,59.4346,60.526
2018-08-10 15:00:00+00:00,60.09951,60.388
2018-08-10 16:00:00+00:00,59.990456,59.586998
2018-08-10 17:00:00+00:00,58.047844,58.694
2018-08-10 18:00:00+00:00,56.247574,56.097
2018-08-10 19:00:00+00:00,53.21429,54.506
2018-08-10 20:00:00+00:00,51.95505,50.897
2018-08-10 21:00:00+00:00,46.548256,47.788998
2018-08-10 22:00:00+00:00,44.81221,45.12
2018-08-10 23:00:00+00:00,42.788006,42.678
2018-08-11 00:00:00+00:00,41.049133,41.105
2018-08-11 01:00:00+00:00,40.160473,40.592003
2018-08-11 02:00:00+00:00,39.958344,40.922
2018-08-11 03:00:00+00:00,40.57054,41.357002
2018-08-11 04:00:00+00:00,42.06,42.478
2018-08-11 05:00:00+00:00,44.98465,45.558002
2018-08-11 06:00:00+00:00,48.12954,49.419
2018-08-11 07:00:00+00:00,51.38313,52.025
2018-08-11 08:00:00+00:00,52.30781,54.163
2018-08-11 09:00:00+00:00,53.251118,55.604004
2018-08-11 10:00:00+00:00,53.850666,55.005
2018-08-11 11:00:00+00:00,52.463398,52.788
2018-08-11 12:00:00+00:00,50.094692,50.912
2018-08-11 13:00:00+00:00,49.251884,49.950996
2018-08-11 14:00:00+00:00,49.655403,49.682
2018-08-11 15:00:00+00:00,50.245087,49.763
2018-08-11 16:00:00+00:00,49.975372,50.179
2018-08-11 17:00:00+00:00,49.698666,50.198
2018-08-11 18:00:00+00:00,48.980427,48.286
2018-08-11 19:00:00+00:00,46.75907,47.203
2018-08-11 20:00:00+00:00,45.553215,45.085
2018-08-11 21:00:00+00:00,41.866035,42.347
2018-08-11 22:00:00+00:00,39.960674,39.759
2018-08-11 23:00:00+00:00,38.156338,38.007
2018-08-12 00:00:00+00:00,37.06851,36.544
2018-08-12 01:00:00+00:00,36.16028,35.714
2018-08-12 02:00:00+00:00,35.568127,35.399998
2018-08-12 03:00:00+00:00,35.117554,35.641
2018-08-12 04:00:00+00:00,36.567253,35.538002
2018-08-12 05:00:00+00:00,37.790558,37.626
2018-08-12 06:00:00+00:00,41.132923,40.973
2018-08-12 07:00:00+00:00,44.092564,43.922
2018-08-12 08:00:00+00:00,46.04808,45.975002
2018-08-12 09:00:00+00:00,46.637074,47.594997
2018-08-12 10:00:00+00:00,46.94688,47.206
2018-08-12 11:00:00+00:00,45.777752,46.038
2018-08-12 12:00:00+00:00,44.792484,45.569
2018-08-12 13:00:00+00:00,44.737877,45.47
2018-08-12 14:00:00+00:00,45.642517,45.04
2018-08-12 15:00:00+00:00,45.572147,45.954002
2018-08-12 16:00:00+00:00,46.651234,47.115
2018-08-12 17:00:00+00:00,47.233044,47.304996
2018-08-12 18:00:00+00:00,46.789566,47.262
2018-08-12 19:00:00+00:00,46.623062,47.868
2018-08-12 20:00:00+00:00,47.009727,46.233997
2018-08-12 21:00:00+00:00,43.70129,43.419
2018-08-12 22:00:00+00:00,40.817833,41.109
2018-08-12 23:00:00+00:00,39.309185,39.916
2018-08-13 00:00:00+00:00,39.015915,38.868
2018-08-13 01:00:00+00:00,38.836426,39.038998
2018-08-13 02:00:00+00:00,39.981056,40.484
2018-08-13 03:00:00+00:00,43.299744,44.608
2018-08-13 04:00:00+00:00,52.476357,51.4
2018-08-13 05:00:00+00:00,57.158928,57.230003
2018-08-13 06:00:00+00:00,59.857292,61.765
2018-08-13 07:00:00+00:00,62.225975,63.598003
2018-08-13 08:00:00+00:00,63.20021,65.058
2018-08-13 09:00:00+00:00,64.02795,66.413
2018-08-13 10:00:00+00:00,64.59131,65.652
2018-08-13 11:00:00+00:00,63.0972,65.724
2018-08-13 12:00:00+00:00,62.876133,64.103004
2018-08-13 13:00:00+00:00,61.22637,63.318
2018-08-13 14:00:00+00:00,60.607544,62.174
2018-08-13 15:00:00+00:00,60.147343,61.857002
2018-08-13 16:00:00+00:00,60.245182,61.371998
2018-08-13 17:00:00+00:00,59.281834,59.913002
2018-08-13 18:00:00+00:00,56.95555,57.877003
2018-08-13 19:00:00+00:00,54.762768,56.357998
2018-08-13 20:00:00+00:00,53.2351,52.527996
2018-08-13 21:00:00+00:00,47.9581,49.264
2018-08-13 22:00:00+00:00,45.99269,45.917
2018-08-13 23:00:00+00:00,43.43128,43.79
2018-08-14 00:00:00+00:00,42.428997,43.096
2018-08-14 01:00:00+00:00,43.066635,42.778
2018-08-14 02:00:00+00:00,43.417313,43.993
2018-08-14 03:00:00+00:00,46.212048,47.176003
2018-08-14 04:00:00+00:00,53.772972,54.137
2018-08-14 05:00:00+00:00,58.923462,59.047
2018-08-14 06:00:00+00:00,61.02165,61.511
2018-08-14 07:00:00+00:00,61.47527,63.509
2018-08-14 08:00:00+00:00,63.169964,64.801
2018-08-14 09:00:00+00:00,63.44065,66.205
2018-08-14 10:00:00+00:00,63.89545,65.922005
2018-08-14 11:00:00+00:00,63.195835,65.304
2018-08-14 12:00:00+00:00,62.26541,63.99
2018-08-14 13:00:00+00:00,61.049644,63.041
2018-08-14 14:00:00+00:00,60.472786,61.645
2018-08-14 15:00:00+00:00,59.647194,60.962
2018-08-14 16:00:00+00:00,59.455894,60.361
2018-08-14 17:00:00+00:00,58.490555,60.351997
2018-08-14 18:00:00+00:00,57.608837,58.135002
2018-08-14 19:00:00+00:00,54.630543,56.449
2018-08-14 20:00:00+00:00,53.381046,52.465
2018-08-14 21:00:00+00:00,47.86912,48.612
2018-08-14 22:00:00+00:00,45.457733,45.449
2018-08-14 23:00:00+00:00,43.175217,43.541
2018-08-15 00:00:00+00:00,42.193687,42.601997
2018-08-15 01:00:00+00:00,42.39091,42.639
2018-08-15 02:00:00+00:00,43.286068,43.517998
2018-08-15 03:00:00+00:00,45.111816,46.53
2018-08-15 04:00:00+00:00,52.701714,51.725002
2018-08-15 05:00:00+00:00,56.305004,56.252
2018-08-15 06:00:00+00:00,58.669933,59.338997
2018-08-15 07:00:00+00:00,59.806736,60.746002
2018-08-15 08:00:00+00:00,60.198223,62.360996
2018-08-15 09:00:00+00:00,61.038715,63.87
2018-08-15 10:00:00+00:00,61.722637,63.467
2018-08-15 11:00:00+00:00,60.72206,62.341
2018-08-15 12:00:00+00:00,59.49346,61.232
2018-08-15 13:00:00+00:00,58.638638,60.623
2018-08-15 14:00:00+00:00,58.723667,59.454
2018-08-15 15:00:00+00:00,57.779663,59.044003
2018-08-15 16:00:00+00:00,57.686775,58.972
2018-08-15 17:00:00+00:00,57.09234,58.143
2018-08-15 18:00:00+00:00,55.31985,56.139
2018-08-15 19:00:00+00:00,53.102386,55.300003
2018-08-15 20:00:00+00:00,52.710213,51.782
2018-08-15 21:00:00+00:00,47.237736,48.063004
2018-08-15 22:00:00+00:00,44.961086,45.479
2018-08-15 23:00:00+00:00,43.21825,43.747
2018-08-16 00:00:00+00:00,42.541786,42.919
2018-08-16 01:00:00+00:00,42.860126,42.84
2018-08-16 02:00:00+00:00,43.443363,43.913002
2018-08-16 03:00:00+00:00,45.947643,47.464996
2018-08-16 04:00:00+00:00,53.72942,54.08
2018-08-16 05:00:00+00:00,58.446373,58.149002
2018-08-16 06:00:00+00:00,59.91568,61.637
2018-08-16 07:00:00+00:00,61.752193,63.075
2018-08-16 08:00:00+00:00,62.43008,64.273994
2018-08-16 09:00:00+00:00,62.727345,65.979004
2018-08-16 10:00:00+00:00,63.76702,65.756
2018-08-16 11:00:00+00:00,62.92507,65.195
2018-08-16 12:00:00+00:00,62.106907,64.157
2018-08-16 13:00:00+00:00,61.264538,63.904
2018-08-16 14:00:00+00:00,61.42988,62.966003
2018-08-16 15:00:00+00:00,60.756714,62.274
2018-08-16 16:00:00+00:00,60.17628,61.416
2018-08-16 17:00:00+00:00,58.941647,60.429
2018-08-16 18:00:00+00:00,57.3144,58.041004
2018-08-16 19:00:00+00:00,54.766487,56.561
2018-08-16 20:00:00+00:00,53.690147,52.950996
2018-08-16 21:00:00+00:00,48.238525,49.254997
2018-08-16 22:00:00+00:00,46.15526,46.656
2018-08-16 23:00:00+00:00,44.409756,44.966
2018-08-17 00:00:00+00:00,43.805195,43.836
2018-08-17 01:00:00+00:00,43.685326,43.783
2018-08-17 02:00:00+00:00,44.47688,44.688
2018-08-17 03:00:00+00:00,46.365585,47.736004
2018-08-17 04:00:00+00:00,53.78284,53.474
2018-08-17 05:00:00+00:00,57.965034,58.694
2018-08-17 06:00:00+00:00,60.82574,62.031
2018-08-17 07:00:00+00:00,62.00076,63.327
2018-08-17 08:00:00+00:00,62.532173,64.611
2018-08-17 09:00:00+00:00,63.22107,66.146
2018-08-17 10:00:00+00:00,63.91326,65.65
2018-08-17 11:00:00+00:00,62.801308,64.694
2018-08-17 12:00:00+00:00,61.70739,63.094
2018-08-17 13:00:00+00:00,60.295513,61.746
2018-08-17 14:00:00+00:00,59.33898,60.479
2018-08-17 15:00:00+00:00,58.853554,59.895004
2018-08-17 16:00:00+00:00,58.791763,59.39
2018-08-17 17:00:00+00:00,57.82143,58.494003
2018-08-17 18:00:00+00:00,56.007614,56.936
2018-08-17 19:00:00+00:00,53.968964,54.998
2018-08-17 20:00:00+00:00,52.068184,51.149002
2018-08-17 21:00:00+00:00,46.799133,47.943
2018-08-17 22:00:00+00:00,44.85893,45.746002
2018-08-17 23:00:00+00:00,43.41843,44.048
2018-08-18 00:00:00+00:00,42.77501,43.033
2018-08-18 01:00:00+00:00,42.747192,42.446003
2018-08-18 02:00:00+00:00,42.450268,42.224
2018-08-18 03:00:00+00:00,42.18533,42.744
2018-08-18 04:00:00+00:00,43.795425,44.481003
2018-08-18 05:00:00+00:00,47.410374,47.587997
2018-08-18 06:00:00+00:00,50.406433,51.513
2018-08-18 07:00:00+00:00,53.54068,54.086
2018-08-18 08:00:00+00:00,54.38095,55.556
2018-08-18 09:00:00+00:00,54.528744,56.734
2018-08-18 10:00:00+00:00,55.092163,55.568
2018-08-18 11:00:00+00:00,53.322857,53.419003
2018-08-18 12:00:00+00:00,51.11973,52.34
2018-08-18 13:00:00+00:00,51.362164,52.257
2018-08-18 14:00:00+00:00,52.76513,51.686
2018-08-18 15:00:00+00:00,51.925003,52.081
2018-08-18 16:00:00+00:00,52.331432,52.07
2018-08-18 17:00:00+00:00,51.13762,51.238003
2018-08-18 18:00:00+00:00,49.622227,49.878002
2018-08-18 19:00:00+00:00,48.284416,49.049004
2018-08-18 20:00:00+00:00,47.30426,46.554996
2018-08-18 21:00:00+00:00,43.14699,43.822002
2018-08-18 22:00:00+00:00,41.21985,41.391
2018-08-18 23:00:00+00:00,39.56607,39.523
2018-08-19 00:00:00+00:00,38.476597,38.604
2018-08-19 01:00:00+00:00,38.278812,38.238
2018-08-19 02:00:00+00:00,38.170776,37.995
2018-08-19 03:00:00+00:00,37.852066,38.474
2018-08-19 04:00:00+00:00,39.306965,38.425
2018-08-19 05:00:00+00:00,40.665546,40.56
2018-08-19 06:00:00+00:00,43.689137,43.729
2018-08-19 07:00:00+00:00,46.240047,45.874
2018-08-19 08:00:00+00:00,47.415787,47.567997
2018-08-19 09:00:00+00:00,47.920048,49.419
2018-08-19 10:00:00+00:00,48.672215,49.140003
2018-08-19 11:00:00+00:00,47.32446,47.707
2018-08-19 12:00:00+00:00,45.963856,46.586998
2018-08-19 13:00:00+00:00,45.575623,45.993
2018-08-19 14:00:00+00:00,45.999397,45.915
2018-08-19 15:00:00+00:00,46.62195,47.216
2018-08-19 16:00:00+00:00,48.10154,49.399998
2018-08-19 17:00:00+00:00,49.514786,49.771
2018-08-19 18:00:00+00:00,48.7102,49.954998
2018-08-19 19:00:00+00:00,48.775436,50.068
2018-08-19 20:00:00+00:00,48.61139,48.219997
2018-08-19 21:00:00+00:00,45.121284,45.322998
2018-08-19 22:00:00+00:00,42.60659,42.739002
2018-08-19 23:00:00+00:00,40.885704,41.551003
2018-08-20 00:00:00+00:00,40.86865,40.947
2018-08-20 01:00:00+00:00,41.154278,41.149998
2018-08-20 02:00:00+00:00,42.17883,42.545002
2018-08-20 03:00:00+00:00,45.546814,46.149
2018-08-20 04:00:00+00:00,53.12275,54.169003
2018-08-20 05:00:00+00:00,59.164474,59.335003
2018-08-20 06:00:00+00:00,61.156857,62.882
2018-08-20 07:00:00+00:00,62.718197,64.46
2018-08-20 08:00:00+00:00,64.12123,66.209
2018-08-20 09:00:00+00:00,64.9241,67.648
2018-08-20 10:00:00+00:00,65.45075,67.663
2018-08-20 11:00:00+00:00,64.90466,66.813
2018-08-20 12:00:00+00:00,63.78913,65.46
2018-08-20 13:00:00+00:00,62.503582,64.172
2018-08-20 14:00:00+00:00,61.545547,62.881
2018-08-20 15:00:00+00:00,60.834404,62.635998
2018-08-20 16:00:00+00:00,61.244076,62.314
2018-08-20 17:00:00+00:00,60.36621,61.295002
2018-08-20 18:00:00+00:00,58.26398,59.63
2018-08-20 19:00:00+00:00,56.15913,57.492
2018-08-20 20:00:00+00:00,54.06646,53.42
2018-08-20 21:00:00+00:00,48.69123,49.468
2018-08-20 22:00:00+00:00,46.35827,46.185997
2018-08-20 23:00:00+00:00,43.992542,44.602
2018-08-21 00:00:00+00:00,43.473812,43.66
2018-08-21 01:00:00+00:00,43.553425,43.625
2018-08-21 02:00:00+00:00,44.405884,44.609
2018-08-21 03:00:00+00:00,46.472935,48.096996
2018-08-21 04:00:00+00:00,54.4189,55.32
2018-08-21 05:00:00+00:00,59.702305,60.579998
2018-08-21 06:00:00+00:00,62.0791,63.724003
2018-08-21 07:00:00+00:00,63.166718,64.779
2018-08-21 08:00:00+00:00,64.022484,65.826004
2018-08-21 09:00:00+00:00,64.35074,67.292
2018-08-21 10:00:00+00:00,64.95155,67.284004
2018-08-21 11:00:00+00:00,64.34367,66.19
2018-08-21 12:00:00+00:00,62.99188,65.291
2018-08-21 13:00:00+00:00,62.288174,64.466
2018-08-21 14:00:00+00:00,61.880127,62.659004
2018-08-21 15:00:00+00:00,60.43456,62.096
2018-08-21 16:00:00+00:00,60.551548,61.858
2018-08-21 17:00:00+00:00,59.906208,61.04
2018-08-21 18:00:00+00:00,57.884834,59.276
2018-08-21 19:00:00+00:00,55.668274,57.525
2018-08-21 20:00:00+00:00,54.04374,53.1
2018-08-21 21:00:00+00:00,48.28718,49.102
2018-08-21 22:00:00+00:00,46.01007,47.269
2018-08-21 23:00:00+00:00,45.06982,45.363
2018-08-22 00:00:00+00:00,43.9644,44.524998
2018-08-22 01:00:00+00:00,44.62569,44.725
2018-08-22 02:00:00+00:00,45.69014,45.641
2018-08-22 03:00:00+00:00,47.96512,48.934002
2018-08-22 04:00:00+00:00,54.98515,55.773
2018-08-22 05:00:00+00:00,59.980682,61.115
2018-08-22 06:00:00+00:00,62.55961,64.437004
2018-08-22 07:00:00+00:00,63.787743,66.093
2018-08-22 08:00:00+00:00,65.07279,67.119
2018-08-22 09:00:00+00:00,65.39889,68.415
2018-08-22 10:00:00+00:00,65.913925,68.421
2018-08-22 11:00:00+00:00,65.4394,67.595
2018-08-22 12:00:00+00:00,64.3521,66.294
2018-08-22 13:00:00+00:00,63.23159,65.4
2018-08-22 14:00:00+00:00,62.73892,64.015
2018-08-22 15:00:00+00:00,61.89345,63.841
2018-08-22 16:00:00+00:00,62.288067,63.335003
2018-08-22 17:00:00+00:00,61.134808,62.424
2018-08-22 18:00:00+00:00,59.152363,60.83
2018-08-22 19:00:00+00:00,57.030537,59.129
2018-08-22 20:00:00+00:00,55.400196,54.755
2018-08-22 21:00:00+00:00,49.618423,50.839
2018-08-22 22:00:00+00:00,47.423214,48.086998
2018-08-22 23:00:00+00:00,45.661617,46.26
2018-08-23 00:00:00+00:00,44.916607,45.247997
2018-08-23 01:00:00+00:00,45.169827,45.081
2018-08-23 02:00:00+00:00,45.827435,45.947
2018-08-23 03:00:00+00:00,47.609634,49.142
2018-08-23 04:00:00+00:00,55.298122,56.131
2018-08-23 05:00:00+00:00,60.508987,61.67
2018-08-23 06:00:00+00:00,63.193752,65.335
2018-08-23 07:00:00+00:00,64.59968,66.844
2018-08-23 08:00:00+00:00,65.74897,68.361
2018-08-23 09:00:00+00:00,66.5573,69.287
2018-08-23 10:00:00+00:00,66.70452,68.624
2018-08-23 11:00:00+00:00,65.62472,68.031
2018-08-23 12:00:00+00:00,64.91111,67.410995
2018-08-23 13:00:00+00:00,64.40038,67.104
2018-08-23 14:00:00+00:00,64.43439,65.97
2018-08-23 15:00:00+00:00,63.709858,65.423996
2018-08-23 16:00:00+00:00,63.499325,64.29401
2018-08-23 17:00:00+00:00,61.90436,63.649
2018-08-23 18:00:00+00:00,60.495487,61.677
2018-08-23 19:00:00+00:00,57.838425,59.182003
2018-08-23 20:00:00+00:00,55.520103,55.067
2018-08-23 21:00:00+00:00,50.217007,51.637
2018-08-23 22:00:00+00:00,48.00227,48.628
2018-08-23 23:00:00+00:00,46.02376,46.935
2018-08-24 00:00:00+00:00,45.45949,45.846
2018-08-24 01:00:00+00:00,45.588913,45.740997
2018-08-24 02:00:00+00:00,46.528862,46.57
2018-08-24 03:00:00+00:00,48.21867,50.114002
2018-08-24 04:00:00+00:00,56.45125,57.196
2018-08-24 05:00:00+00:00,61.44143,62.170998
2018-08-24 06:00:00+00:00,63.513454,66.466995
2018-08-24 07:00:00+00:00,65.72813,67.068
2018-08-24 08:00:00+00:00,65.94704,68.057
2018-08-24 09:00:00+00:00,66.3494,69.29
2018-08-24 10:00:00+00:00,66.994385,68.495
2018-08-24 11:00:00+00:00,65.523994,66.416
2018-08-24 12:00:00+00:00,63.310043,64.556
2018-08-24 13:00:00+00:00,61.844395,63.934
2018-08-24 14:00:00+00:00,62.015144,62.354004
2018-08-24 15:00:00+00:00,61.168777,61.706
2018-08-24 16:00:00+00:00,61.021782,60.631
2018-08-24 17:00:00+00:00,59.270863,59.940998
2018-08-24 18:00:00+00:00,57.575066,57.978
2018-08-24 19:00:00+00:00,54.862194,55.031
2018-08-24 20:00:00+00:00,51.877934,51.128
2018-08-24 21:00:00+00:00,46.965374,47.609997
2018-08-24 22:00:00+00:00,44.593994,44.850002
2018-08-24 23:00:00+00:00,42.720974,42.869
2018-08-25 00:00:00+00:00,41.42842,41.779
2018-08-25 01:00:00+00:00,41.22992,41.524002
2018-08-25 02:00:00+00:00,41.367077,41.534
2018-08-25 03:00:00+00:00,41.39169,42.086002
2018-08-25 04:00:00+00:00,43.247604,43.983997
2018-08-25 05:00:00+00:00,46.853664,47.017
2018-08-25 06:00:00+00:00,49.56031,50.672
2018-08-25 07:00:00+00:00,52.408134,53.429
2018-08-25 08:00:00+00:00,53.52718,55.055
2018-08-25 09:00:00+00:00,53.821697,56.84
2018-08-25 10:00:00+00:00,55.08329,56.095
2018-08-25 11:00:00+00:00,53.566334,54.077
2018-08-25 12:00:00+00:00,51.48276,52.232
2018-08-25 13:00:00+00:00,50.539734,51.065
2018-08-25 14:00:00+00:00,50.49161,50.801
2018-08-25 15:00:00+00:00,51.291336,50.97
2018-08-25 16:00:00+00:00,51.13031,51.327
2018-08-25 17:00:00+00:00,50.60468,50.218998
2018-08-25 18:00:00+00:00,48.570107,49.21
2018-08-25 19:00:00+00:00,47.803192,47.708
2018-08-25 20:00:00+00:00,45.558533,45.510002
2018-08-25 21:00:00+00:00,42.304657,42.947
2018-08-25 22:00:00+00:00,40.40496,40.083
2018-08-25 23:00:00+00:00,38.453278,38.482
2018-08-26 00:00:00+00:00,37.575096,37.247
2018-08-26 01:00:00+00:00,36.84415,36.781002
2018-08-26 02:00:00+00:00,36.68793,36.843
2018-08-26 03:00:00+00:00,36.782177,37.38
2018-08-26 04:00:00+00:00,38.45185,37.958
2018-08-26 05:00:00+00:00,40.61213,39.777
2018-08-26 06:00:00+00:00,43.08545,42.476
2018-08-26 07:00:00+00:00,44.939705,45.329998
2018-08-26 08:00:00+00:00,46.955765,47.857002
2018-08-26 09:00:00+00:00,48.352,50.399002
2018-08-26 10:00:00+00:00,49.69073,49.759
2018-08-26 11:00:00+00:00,47.63614,47.432
2018-08-26 12:00:00+00:00,45.536343,45.9
2018-08-26 13:00:00+00:00,44.836555,45.279
2018-08-26 14:00:00+00:00,45.417336,45.238
2018-08-26 15:00:00+00:00,46.297462,45.99
2018-08-26 16:00:00+00:00,47.026756,47.55
2018-08-26 17:00:00+00:00,47.892994,48.059998
2018-08-26 18:00:00+00:00,47.407597,48.571
2018-08-26 19:00:00+00:00,47.639088,47.99
2018-08-26 20:00:00+00:00,46.490936,46.398
2018-08-26 21:00:00+00:00,43.63562,43.635002
2018-08-26 22:00:00+00:00,40.9266,41.714
2018-08-26 23:00:00+00:00,39.926395,40.829
2018-08-27 00:00:00+00:00,40.161236,40.53
2018-08-27 01:00:00+00:00,40.95401,40.939
2018-08-27 02:00:00+00:00,42.326355,42.595
2018-08-27 03:00:00+00:00,46.724216,47.208
2018-08-27 04:00:00+00:00,54.262703,55.697
2018-08-27 05:00:00+00:00,59.940083,61.516003
2018-08-27 06:00:00+00:00,62.591915,65.318
2018-08-27 07:00:00+00:00,64.50405,66.705
2018-08-27 08:00:00+00:00,65.91467,68.075
2018-08-27 09:00:00+00:00,66.49661,70.174995
2018-08-27 10:00:00+00:00,67.59003,69.744
2018-08-27 11:00:00+00:00,66.58171,68.593
2018-08-27 12:00:00+00:00,65.206184,67.367
2018-08-27 13:00:00+00:00,64.26862,66.23
2018-08-27 14:00:00+00:00,63.44545,64.667
2018-08-27 15:00:00+00:00,62.434914,64.257
2018-08-27 16:00:00+00:00,62.703434,63.569
2018-08-27 17:00:00+00:00,61.459084,62.505997
2018-08-27 18:00:00+00:00,59.38441,61.221
2018-08-27 19:00:00+00:00,57.402477,58.342
2018-08-27 20:00:00+00:00,54.44551,53.997997
2018-08-27 21:00:00+00:00,49.17575,49.764
2018-08-27 22:00:00+00:00,46.57778,47.088997
2018-08-27 23:00:00+00:00,45.007797,45.483
2018-08-28 00:00:00+00:00,44.38408,44.528
2018-08-28 01:00:00+00:00,44.720497,44.62
2018-08-28 02:00:00+00:00,45.799454,45.605
2018-08-28 03:00:00+00:00,47.9858,49.35
2018-08-28 04:00:00+00:00,55.877064,56.554
2018-08-28 05:00:00+00:00,60.846664,61.391
2018-08-28 06:00:00+00:00,62.746567,64.558
2018-08-28 07:00:00+00:00,64.06881,65.035
2018-08-28 08:00:00+00:00,64.371216,66.105
2018-08-28 09:00:00+00:00,64.70146,67.974
2018-08-28 10:00:00+00:00,65.68301,67.757
2018-08-28 11:00:00+00:00,64.75964,66.371
2018-08-28 12:00:00+00:00,63.172398,64.389
2018-08-28 13:00:00+00:00,61.526447,63.457
2018-08-28 14:00:00+00:00,61.143574,62.576
2018-08-28 15:00:00+00:00,61.13113,62.338
2018-08-28 16:00:00+00:00,61.153038,61.876
2018-08-28 17:00:00+00:00,59.860973,61.168
2018-08-28 18:00:00+00:00,58.014294,60.398
2018-08-28 19:00:00+00:00,56.566994,57.826
2018-08-28 20:00:00+00:00,53.903267,53.312
2018-08-28 21:00:00+00:00,48.610798,49.183
2018-08-28 22:00:00+00:00,46.08278,46.670998
2018-08-28 23:00:00+00:00,44.49632,45.262
2018-08-29 00:00:00+00:00,44.113045,44.191
2018-08-29 01:00:00+00:00,44.009216,44.238
2018-08-29 02:00:00+00:00,44.9263,45.447
2018-08-29 03:00:00+00:00,47.69292,49.207
2018-08-29 04:00:00+00:00,55.24208,56.472004
2018-08-29 05:00:00+00:00,60.453415,61.114
2018-08-29 06:00:00+00:00,62.207535,64.405
2018-08-29 07:00:00+00:00,63.73918,65.546005
2018-08-29 08:00:00+00:00,64.60365,66.247
2018-08-29 09:00:00+00:00,64.52434,67.467
2018-08-29 10:00:00+00:00,65.101845,67.546
2018-08-29 11:00:00+00:00,64.62575,67.663
2018-08-29 12:00:00+00:00,64.40467,66.769
2018-08-29 13:00:00+00:00,63.64934,65.618996
2018-08-29 14:00:00+00:00,62.735207,64.163
2018-08-29 15:00:00+00:00,61.789078,63.752
2018-08-29 16:00:00+00:00,61.894714,63.366
2018-08-29 17:00:00+00:00,60.942616,62.8
2018-08-29 18:00:00+00:00,59.30838,61.766003
2018-08-29 19:00:00+00:00,57.57709,58.635
2018-08-29 20:00:00+00:00,54.609547,54.517
2018-08-29 21:00:00+00:00,49.70759,50.295
2018-08-29 22:00:00+00:00,46.987057,47.309998
2018-08-29 23:00:00+00:00,45.222927,45.961
2018-08-30 00:00:00+00:00,44.896896,44.894
2018-08-30 01:00:00+00:00,44.87699,44.990997
2018-08-30 02:00:00+00:00,46.061787,46.018
2018-08-30 03:00:00+00:00,48.166626,49.565
2018-08-30 04:00:00+00:00,55.916603,57.811
2018-08-30 05:00:00+00:00,61.929913,62.691
2018-08-30 06:00:00+00:00,63.607468,66.129
2018-08-30 07:00:00+00:00,65.16447,66.715
2018-08-30 08:00:00+00:00,65.90848,67.708
2018-08-30 09:00:00+00:00,66.073135,68.998
2018-08-30 10:00:00+00:00,66.597534,68.612
2018-08-30 11:00:00+00:00,65.64343,68.136
2018-08-30 12:00:00+00:00,64.9296,66.372
2018-08-30 13:00:00+00:00,63.440346,64.82
2018-08-30 14:00:00+00:00,62.321148,63.722
2018-08-30 15:00:00+00:00,62.160812,63.225998
2018-08-30 16:00:00+00:00,62.14362,62.756
2018-08-30 17:00:00+00:00,60.954693,62.016
2018-08-30 18:00:00+00:00,58.985184,60.98
2018-08-30 19:00:00+00:00,57.13435,57.834
2018-08-30 20:00:00+00:00,53.984283,53.776997
2018-08-30 21:00:00+00:00,49.132427,49.657997
2018-08-30 22:00:00+00:00,46.41179,46.552998
2018-08-30 23:00:00+00:00,44.419464,44.883
2018-08-31 00:00:00+00:00,43.607628,44.018
2018-08-31 01:00:00+00:00,43.86977,44.146
2018-08-31 02:00:00+00:00,44.866825,44.849
2018-08-31 03:00:00+00:00,46.265556,48.433
2018-08-31 04:00:00+00:00,54.401604,56.176
2018-08-31 05:00:00+00:00,60.268654,60.936
2018-08-31 06:00:00+00:00,62.009583,63.952003
2018-08-31 07:00:00+00:00,63.209152,64.526
2018-08-31 08:00:00+00:00,63.769497,65.409996
2018-08-31 09:00:00+00:00,63.85892,66.359
2018-08-31 10:00:00+00:00,64.05539,65.787
2018-08-31 11:00:00+00:00,62.929256,64.026
2018-08-31 12:00:00+00:00,60.97428,62.793
2018-08-31 13:00:00+00:00,60.06649,61.663002
2018-08-31 14:00:00+00:00,59.6012,60.616
2018-08-31 15:00:00+00:00,59.257748,60.512005
2018-08-31 16:00:00+00:00,59.456264,59.501
2018-08-31 17:00:00+00:00,57.419636,58.581
2018-08-31 18:00:00+00:00,55.778374,57.415997
2018-08-31 19:00:00+00:00,54.097004,54.233997
2018-08-31 20:00:00+00:00,50.678528,50.190002
2018-08-31 21:00:00+00:00,46.173203,46.775
2018-08-31 22:00:00+00:00,43.86279,44.447
2018-08-31 23:00:00+00:00,42.419907,42.552002
2018-09-01 00:00:00+00:00,41.38281,41.251003
2018-09-01 01:00:00+00:00,40.897648,40.949
2018-09-01 02:00:00+00:00,41.007442,41.088
2018-09-01 03:00:00+00:00,41.23199,41.942
2018-09-01 04:00:00+00:00,43.491344,43.687
2018-09-01 05:00:00+00:00,46.79466,46.377
2018-09-01 06:00:00+00:00,49.033497,50.178
2018-09-01 07:00:00+00:00,52.144016,52.881996
2018-09-01 08:00:00+00:00,53.16631,54.397003
2018-09-01 09:00:00+00:00,53.33119,55.728
2018-09-01 10:00:00+00:00,54.045967,55.359
2018-09-01 11:00:00+00:00,53.068634,53.080997
2018-09-01 12:00:00+00:00,50.420628,50.737
2018-09-01 13:00:00+00:00,48.9497,49.98
2018-09-01 14:00:00+00:00,49.976704,49.822
2018-09-01 15:00:00+00:00,50.57426,50.328003
2018-09-01 16:00:00+00:00,50.8323,51.068
2018-09-01 17:00:00+00:00,50.488117,50.719997
2018-09-01 18:00:00+00:00,49.128696,50.233997
2018-09-01 19:00:00+00:00,48.59101,47.948997
2018-09-01 20:00:00+00:00,45.525955,45.641
2018-09-01 21:00:00+00:00,42.533306,42.942
2018-09-01 22:00:00+00:00,40.409725,40.203
2018-09-01 23:00:00+00:00,38.648296,38.649
2018-09-02 00:00:00+00:00,37.769417,37.803
2018-09-02 01:00:00+00:00,37.620346,37.386
2018-09-02 02:00:00+00:00,37.43789,37.288
2018-09-02 03:00:00+00:00,37.309525,37.870003
2018-09-02 04:00:00+00:00,38.932083,38.396
2018-09-02 05:00:00+00:00,41.00825,39.972
2018-09-02 06:00:00+00:00,43.228367,43.425
2018-09-02 07:00:00+00:00,45.992958,46.493996
2018-09-02 08:00:00+00:00,48.17761,48.46
2018-09-02 09:00:00+00:00,48.792828,50.398
2018-09-02 10:00:00+00:00,49.433372,50.417
2018-09-02 11:00:00+00:00,48.279644,48.914
2018-09-02 12:00:00+00:00,46.74872,46.793
2018-09-02 13:00:00+00:00,45.42468,45.895
2018-09-02 14:00:00+00:00,45.75554,46.236
2018-09-02 15:00:00+00:00,47.301216,47.830997
2018-09-02 16:00:00+00:00,48.900887,49.025997
2018-09-02 17:00:00+00:00,48.90108,49.515
2018-09-02 18:00:00+00:00,48.50646,50.242
2018-09-02 19:00:00+00:00,48.957516,48.64
2018-09-02 20:00:00+00:00,46.710484,46.851
2018-09-02 21:00:00+00:00,44.01206,43.896
2018-09-02 22:00:00+00:00,41.183346,41.892002
2018-09-02 23:00:00+00:00,40.188927,40.642
2018-09-03 00:00:00+00:00,39.925518,40.14
2018-09-03 01:00:00+00:00,40.515305,40.195
2018-09-03 02:00:00+00:00,41.20018,41.645
2018-09-03 03:00:00+00:00,44.738663,46.307
2018-09-03 04:00:00+00:00,53.657223,55.479004
2018-09-03 05:00:00+00:00,60.032314,61.329002
2018-09-03 06:00:00+00:00,62.398216,64.429
2018-09-03 07:00:00+00:00,63.690155,65.429
2018-09-03 08:00:00+00:00,65.0934,66.518
2018-09-03 09:00:00+00:00,65.32779,67.451004
2018-09-03 10:00:00+00:00,65.30136,67.219
2018-09-03 11:00:00+00:00,64.52073,67.157
2018-09-03 12:00:00+00:00,64.101685,66.239006
2018-09-03 13:00:00+00:00,63.212013,64.846
2018-09-03 14:00:00+00:00,62.089336,63.632
2018-09-03 15:00:00+00:00,61.49183,62.622
2018-09-03 16:00:00+00:00,60.863445,62.683
2018-09-03 17:00:00+00:00,60.6291,62.257
2018-09-03 18:00:00+00:00,58.839832,62.003998
2018-09-03 19:00:00+00:00,57.67943,58.689
2018-09-03 20:00:00+00:00,54.263065,54.002
2018-09-03 21:00:00+00:00,49.16052,49.687
2018-09-03 22:00:00+00:00,46.513992,47.078
2018-09-03 23:00:00+00:00,45.0188,45.423
2018-09-04 00:00:00+00:00,44.32834,44.260002
2018-09-04 01:00:00+00:00,44.36429,44.197002
2018-09-04 02:00:00+00:00,45.25238,45.163
2018-09-04 03:00:00+00:00,47.143417,48.89
2018-09-04 04:00:00+00:00,55.596973,57.274002
2018-09-04 05:00:00+00:00,61.590485,62.157
2018-09-04 06:00:00+00:00,63.254246,65.152
2018-09-04 07:00:00+00:00,64.4617,65.502
2018-09-04 08:00:00+00:00,65.055786,66.754
2018-09-04 09:00:00+00:00,65.39412,67.993996
2018-09-04 10:00:00+00:00,65.71989,67.901
2018-09-04 11:00:00+00:00,65.00198,67.048004
2018-09-04 12:00:00+00:00,63.93542,65.768
2018-09-04 13:00:00+00:00,62.853664,64.756004
2018-09-04 14:00:00+00:00,62.284462,63.259003
2018-09-04 15:00:00+00:00,61.412086,62.922
2018-09-04 16:00:00+00:00,61.666317,62.753002
2018-09-04 17:00:00+00:00,60.857315,62.272
2018-09-04 18:00:00+00:00,58.99739,62.178997
2018-09-04 19:00:00+00:00,58.02099,58.809002
2018-09-04 20:00:00+00:00,54.396965,54.322998
2018-09-04 21:00:00+00:00,49.59941,50.343002
2018-09-04 22:00:00+00:00,46.987503,47.203
2018-09-04 23:00:00+00:00,44.952824,45.265
2018-09-05 00:00:00+00:00,43.88218,44.167
2018-09-05 01:00:00+00:00,43.91733,44.333
2018-09-05 02:00:00+00:00,45.15085,45.47
2018-09-05 03:00:00+00:00,47.41543,49.048
2018-09-05 04:00:00+00:00,55.37846,56.664
2018-09-05 05:00:00+00:00,60.874416,61.738
2018-09-05 06:00:00+00:00,62.91692,64.359
2018-09-05 07:00:00+00:00,63.681473,65.05
2018-09-05 08:00:00+00:00,64.464645,66.236
2018-09-05 09:00:00+00:00,64.83042,67.212
2018-09-05 10:00:00+00:00,64.884094,67.086
2018-09-05 11:00:00+00:00,64.22982,66.702
2018-09-05 12:00:00+00:00,63.644897,65.704
2018-09-05 13:00:00+00:00,62.76087,64.325
2018-09-05 14:00:00+00:00,61.725044,63.093
2018-09-05 15:00:00+00:00,61.168186,62.676003
2018-09-05 16:00:00+00:00,61.224358,62.524998
2018-09-05 17:00:00+00:00,60.437256,62.434
2018-09-05 18:00:00+00:00,59.10344,62.202
2018-09-05 19:00:00+00:00,57.8715,58.937
2018-09-05 20:00:00+00:00,54.527378,54.413998
2018-09-05 21:00:00+00:00,49.58744,50.121002
2018-09-05 22:00:00+00:00,46.868504,47.171
2018-09-05 23:00:00+00:00,45.036022,45.565998
2018-09-06 00:00:00+00:00,44.355907,44.363003
2018-09-06 01:00:00+00:00,44.15493,44.295998
2018-09-06 02:00:00+00:00,45.050083,45.45
2018-09-06 03:00:00+00:00,47.3003,49.360996
2018-09-06 04:00:00+00:00,55.87993,57.225002
2018-09-06 05:00:00+00:00,61.382397,61.882004
2018-09-06 06:00:00+00:00,62.948875,64.378
2018-09-06 07:00:00+00:00,63.814827,65.279
2018-09-06 08:00:00+00:00,64.802055,66.526
2018-09-06 09:00:00+00:00,65.05898,68.029
2018-09-06 10:00:00+00:00,65.62635,68.014
2018-09-06 11:00:00+00:00,65.0825,67.665
2018-09-06 12:00:00+00:00,64.46744,66.58
2018-09-06 13:00:00+00:00,63.54934,65.344
2018-09-06 14:00:00+00:00,62.63693,63.872
2018-09-06 15:00:00+00:00,61.74055,63.614
2018-09-06 16:00:00+00:00,62.112144,63.252003
2018-09-06 17:00:00+00:00,61.100693,63.33
2018-09-06 18:00:00+00:00,60.00757,63.104004
2018-09-06 19:00:00+00:00,58.641655,59.451
2018-09-06 20:00:00+00:00,54.945206,55.100002
2018-09-06 21:00:00+00:00,50.309216,50.694004
2018-09-06 22:00:00+00:00,47.272926,47.953
2018-09-06 23:00:00+00:00,45.7496,46.239998
2018-09-07 00:00:00+00:00,44.87627,45.005
2018-09-07 01:00:00+00:00,44.827393,45.607998
2018-09-07 02:00:00+00:00,46.79762,46.350998
2018-09-07 03:00:00+00:00,48.170193,49.84
2018-09-07 04:00:00+00:00,56.190735,57.642
2018-09-07 05:00:00+00:00,61.832203,62.457005
2018-09-07 06:00:00+00:00,63.53071,65.612
2018-09-07 07:00:00+00:00,64.87567,66.589005
2018-09-07 08:00:00+00:00,65.85482,67.801
2018-09-07 09:00:00+00:00,66.15766,68.521
2018-09-07 10:00:00+00:00,66.13376,67.086
2018-09-07 11:00:00+00:00,64.28834,65.275
2018-09-07 12:00:00+00:00,62.33424,63.962
2018-09-07 13:00:00+00:00,61.365005,63.092003
2018-09-07 14:00:00+00:00,61.301914,62.251003
2018-09-07 15:00:00+00:00,61.319828,61.381
2018-09-07 16:00:00+00:00,60.473972,60.887
2018-09-07 17:00:00+00:00,59.312996,59.994
2018-09-07 18:00:00+00:00,57.23153,59.307
2018-09-07 19:00:00+00:00,55.892574,55.878998
2018-09-07 20:00:00+00:00,52.029945,52.127
2018-09-07 21:00:00+00:00,47.95514,48.224
2018-09-07 22:00:00+00:00,45.032806,45.732
2018-09-07 23:00:00+00:00,43.662804,43.971
2018-09-08 00:00:00+00:00,42.59926,42.981003
2018-09-08 01:00:00+00:00,42.60318,42.594
2018-09-08 02:00:00+00:00,42.520473,42.718002
2018-09-08 03:00:00+00:00,42.75741,43.409
2018-09-08 04:00:00+00:00,44.858444,45.736
2018-09-08 05:00:00+00:00,48.682976,48.339
2018-09-08 06:00:00+00:00,50.690132,52.363
2018-09-08 07:00:00+00:00,53.999603,54.506
2018-09-08 08:00:00+00:00,54.357033,55.294
2018-09-08 09:00:00+00:00,53.86046,56.203
2018-09-08 10:00:00+00:00,54.561466,55.488
2018-09-08 11:00:00+00:00,53.42211,53.272
2018-09-08 12:00:00+00:00,50.979973,51.804
2018-09-08 13:00:00+00:00,50.716335,51.298
2018-09-08 14:00:00+00:00,51.54448,51.062
2018-09-08 15:00:00+00:00,51.612465,51.869
2018-09-08 16:00:00+00:00,52.317665,51.947
2018-09-08 17:00:00+00:00,50.84374,52.040997
2018-09-08 18:00:00+00:00,50.445217,51.895996
2018-09-08 19:00:00+00:00,50.044075,49.168
2018-09-08 20:00:00+00:00,46.209457,46.638
2018-09-08 21:00:00+00:00,43.39526,43.593998
2018-09-08 22:00:00+00:00,41.03599,40.974
2018-09-08 23:00:00+00:00,39.458138,38.837
2018-09-09 00:00:00+00:00,38.022476,37.712
2018-09-09 01:00:00+00:00,37.465767,37.114002
2018-09-09 02:00:00+00:00,36.95954,37.383
2018-09-09 03:00:00+00:00,37.285904,37.776
2018-09-09 04:00:00+00:00,38.679985,38.326
2018-09-09 05:00:00+00:00,40.893703,39.943
2018-09-09 06:00:00+00:00,43.15322,43.419
2018-09-09 07:00:00+00:00,45.949356,45.934
2018-09-09 08:00:00+00:00,47.42412,47.563
2018-09-09 09:00:00+00:00,47.786507,49.07
2018-09-09 10:00:00+00:00,48.23197,49.343
2018-09-09 11:00:00+00:00,47.52535,47.538998
2018-09-09 12:00:00+00:00,45.752827,46.278004
2018-09-09 13:00:00+00:00,45.256847,45.926
2018-09-09 14:00:00+00:00,45.980732,45.899
2018-09-09 15:00:00+00:00,46.56792,46.746998
2018-09-09 16:00:00+00:00,47.45899,48.528
2018-09-09 17:00:00+00:00,48.631756,49.795002
2018-09-09 18:00:00+00:00,48.909954,51.486
2018-09-09 19:00:00+00:00,50.120403,49.649002
2018-09-09 20:00:00+00:00,47.5608,47.895
2018-09-09 21:00:00+00:00,45.097675,44.807
2018-09-09 22:00:00+00:00,41.96382,43.094997
2018-09-09 23:00:00+00:00,41.43956,41.603
2018-09-10 00:00:00+00:00,40.81041,40.908
2018-09-10 01:00:00+00:00,41.263237,41.033
2018-09-10 02:00:00+00:00,42.10799,42.682
2018-09-10 03:00:00+00:00,46.075397,47.16
2018-09-10 04:00:00+00:00,54.498528,55.979
2018-09-10 05:00:00+00:00,60.581707,61.229
2018-09-10 06:00:00+00:00,62.46679,63.833
2018-09-10 07:00:00+00:00,63.464596,64.521
2018-09-10 08:00:00+00:00,64.52245,66.127
2018-09-10 09:00:00+00:00,65.11141,67.810005
2018-09-10 10:00:00+00:00,65.6538,67.603
2018-09-10 11:00:00+00:00,64.82938,67.08
2018-09-10 12:00:00+00:00,64.06202,65.895004
2018-09-10 13:00:00+00:00,63.00238,65.517
2018-09-10 14:00:00+00:00,62.987495,63.635002
2018-09-10 15:00:00+00:00,61.46717,62.924
2018-09-10 16:00:00+00:00,61.250217,62.673
2018-09-10 17:00:00+00:00,60.700817,62.923
2018-09-10 18:00:00+00:00,59.73072,62.236004
2018-09-10 19:00:00+00:00,57.883003,58.358
2018-09-10 20:00:00+00:00,54.120735,54.555
2018-09-10 21:00:00+00:00,49.884,49.447
2018-09-10 22:00:00+00:00,46.172157,46.365
2018-09-10 23:00:00+00:00,44.61167,44.981
2018-09-11 00:00:00+00:00,43.839497,44.355
2018-09-11 01:00:00+00:00,44.630867,44.582
2018-09-11 02:00:00+00:00,45.793198,45.822
2018-09-11 03:00:00+00:00,48.615826,50.059
2018-09-11 04:00:00+00:00,56.59119,58.764004
2018-09-11 05:00:00+00:00,62.54155,63.549004
2018-09-11 06:00:00+00:00,63.971367,66.102
2018-09-11 07:00:00+00:00,65.07909,66.613
2018-09-11 08:00:00+00:00,65.98624,67.988
2018-09-11 09:00:00+00:00,66.33432,70.270004
2018-09-11 10:00:00+00:00,67.51673,69.996
2018-09-11 11:00:00+00:00,66.69406,69.641
2018-09-11 12:00:00+00:00,66.10165,68.469
2018-09-11 13:00:00+00:00,65.29647,67.277
2018-09-11 14:00:00+00:00,64.40363,65.24
2018-09-11 15:00:00+00:00,62.96832,64.885
2018-09-11 16:00:00+00:00,63.38191,64.699
2018-09-11 17:00:00+00:00,62.640217,64.489
2018-09-11 18:00:00+00:00,60.964043,63.702
2018-09-11 19:00:00+00:00,59.121796,59.63
2018-09-11 20:00:00+00:00,55.159653,54.836
2018-09-11 21:00:00+00:00,50.098644,50.431004
2018-09-11 22:00:00+00:00,47.189087,47.387
2018-09-11 23:00:00+00:00,45.37902,45.955
2018-09-12 00:00:00+00:00,44.808167,45.065998
2018-09-12 01:00:00+00:00,45.19552,45.535
2018-09-12 02:00:00+00:00,46.844116,46.783
2018-09-12 03:00:00+00:00,49.628067,50.201
2018-09-12 04:00:00+00:00,56.52188,58.222
2018-09-12 05:00:00+00:00,62.286366,62.864
2018-09-12 06:00:00+00:00,63.768585,65.858
2018-09-12 07:00:00+00:00,65.0383,66.627
2018-09-12 08:00:00+00:00,65.92546,67.978004
2018-09-12 09:00:00+00:00,66.30084,69.635
2018-09-12 10:00:00+00:00,67.03615,68.735
2018-09-12 11:00:00+00:00,65.668655,68.224
2018-09-12 12:00:00+00:00,65.006676,66.96
2018-09-12 13:00:00+00:00,64.079636,65.989
2018-09-12 14:00:00+00:00,63.444473,64.235
2018-09-12 15:00:00+00:00,62.307007,63.871002
2018-09-12 16:00:00+00:00,62.6164,63.821
2018-09-12 17:00:00+00:00,61.938904,63.855
2018-09-12 18:00:00+00:00,60.447617,63.369
2018-09-12 19:00:00+00:00,58.779343,58.839
2018-09-12 20:00:00+00:00,54.412796,54.083
2018-09-12 21:00:00+00:00,49.659046,49.723003
2018-09-12 22:00:00+00:00,46.582615,47.019
2018-09-12 23:00:00+00:00,45.07073,45.422
2018-09-13 00:00:00+00:00,44.19879,44.3
2018-09-13 01:00:00+00:00,44.177895,44.321
2018-09-13 02:00:00+00:00,45.103046,45.176
2018-09-13 03:00:00+00:00,46.664894,48.975
2018-09-13 04:00:00+00:00,55.250324,57.841
2018-09-13 05:00:00+00:00,61.81644,63.094
2018-09-13 06:00:00+00:00,63.672447,65.507996
2018-09-13 07:00:00+00:00,64.3533,65.594
2018-09-13 08:00:00+00:00,65.064445,66.93
2018-09-13 09:00:00+00:00,65.497574,67.915
2018-09-13 10:00:00+00:00,65.464485,67.566
2018-09-13 11:00:00+00:00,64.59466,66.765
2018-09-13 12:00:00+00:00,63.65128,66.188995
2018-09-13 13:00:00+00:00,63.253155,65.434
2018-09-13 14:00:00+00:00,62.965187,63.537003
2018-09-13 15:00:00+00:00,61.364883,63.402
2018-09-13 16:00:00+00:00,61.912586,63.171997
2018-09-13 17:00:00+00:00,60.92135,63.708
2018-09-13 18:00:00+00:00,60.08851,62.817
2018-09-13 19:00:00+00:00,57.9254,58.451
2018-09-13 20:00:00+00:00,54.01995,53.658997
2018-09-13 21:00:00+00:00,49.179146,49.724
2018-09-13 22:00:00+00:00,46.612076,47.231
2018-09-13 23:00:00+00:00,45.169064,45.447998
2018-09-14 00:00:00+00:00,44.258476,44.32
2018-09-14 01:00:00+00:00,44.314842,44.274
2018-09-14 02:00:00+00:00,45.128357,45.215
2018-09-14 03:00:00+00:00,46.94206,49.145
2018-09-14 04:00:00+00:00,55.67791,57.7
2018-09-14 05:00:00+00:00,61.792915,62.625
2018-09-14 06:00:00+00:00,63.42844,65.335
2018-09-14 07:00:00+00:00,64.459526,66.151
2018-09-14 08:00:00+00:00,65.570854,67.012
2018-09-14 09:00:00+00:00,65.47976,67.671
2018-09-14 10:00:00+00:00,65.32808,67.151
2018-09-14 11:00:00+00:00,64.36958,65.126
2018-09-14 12:00:00+00:00,62.07251,63.409
2018-09-14 13:00:00+00:00,60.639088,61.948
2018-09-14 14:00:00+00:00,59.977562,60.732998
2018-09-14 15:00:00+00:00,59.7724,60.662003
2018-09-14 16:00:00+00:00,60.20987,60.825
2018-09-14 17:00:00+00:00,59.311165,61.041004
2018-09-14 18:00:00+00:00,57.88477,60.084
2018-09-14 19:00:00+00:00,55.814068,56.147
2018-09-14 20:00:00+00:00,52.03381,52.119
2018-09-14 21:00:00+00:00,47.85689,48.376
2018-09-14 22:00:00+00:00,45.158993,45.737
2018-09-14 23:00:00+00:00,43.64306,43.605
2018-09-15 00:00:00+00:00,42.200253,42.181
2018-09-15 01:00:00+00:00,41.692722,41.894
2018-09-15 02:00:00+00:00,41.9661,41.95
2018-09-15 03:00:00+00:00,41.883972,42.642002
2018-09-15 04:00:00+00:00,43.809486,44.979
2018-09-15 05:00:00+00:00,48.21733,47.993
2018-09-15 06:00:00+00:00,50.77928,51.842
2018-09-15 07:00:00+00:00,53.64096,53.771
2018-09-15 08:00:00+00:00,53.73181,55.301
2018-09-15 09:00:00+00:00,54.20037,56.822002
2018-09-15 10:00:00+00:00,55.19733,56.465004
2018-09-15 11:00:00+00:00,54.15293,54.538998
2018-09-15 12:00:00+00:00,52.11338,52.33
2018-09-15 13:00:00+00:00,50.45262,50.899002
2018-09-15 14:00:00+00:00,50.22225,50.609
2018-09-15 15:00:00+00:00,51.34949,50.921997
2018-09-15 16:00:00+00:00,51.529793,51.945
2018-09-15 17:00:00+00:00,51.716732,52.109997
2018-09-15 18:00:00+00:00,50.49095,51.417004
2018-09-15 19:00:00+00:00,49.375984,48.009003
2018-09-15 20:00:00+00:00,45.493813,45.205997
2018-09-15 21:00:00+00:00,42.29414,42.43
2018-09-15 22:00:00+00:00,40.124077,39.807
2018-09-15 23:00:00+00:00,38.360504,37.903
2018-09-16 00:00:00+00:00,36.981865,36.582
2018-09-16 01:00:00+00:00,36.205357,36.117
2018-09-16 02:00:00+00:00,35.95675,36.434
2018-09-16 03:00:00+00:00,36.31746,37.017002
2018-09-16 04:00:00+00:00,38.04519,37.911
2018-09-16 05:00:00+00:00,40.617798,39.429
2018-09-16 06:00:00+00:00,42.76939,43.121
2018-09-16 07:00:00+00:00,45.6914,46.252
2018-09-16 08:00:00+00:00,47.81317,47.688
2018-09-16 09:00:00+00:00,47.8155,49.617
2018-09-16 10:00:00+00:00,48.74653,50.002
2018-09-16 11:00:00+00:00,48.01117,48.028
2018-09-16 12:00:00+00:00,45.995846,46.552
2018-09-16 13:00:00+00:00,45.37294,46.066
2018-09-16 14:00:00+00:00,45.957508,46.203
2018-09-16 15:00:00+00:00,46.868504,47.559002
2018-09-16 16:00:00+00:00,48.254772,49.397
2018-09-16 17:00:00+00:00,49.204098,50.901
2018-09-16 18:00:00+00:00,49.653263,51.613
2018-09-16 19:00:00+00:00,49.775524,49.025
2018-09-16 20:00:00+00:00,46.813473,47.211998
2018-09-16 21:00:00+00:00,44.35672,44.619
2018-09-16 22:00:00+00:00,41.774433,42.196
2018-09-16 23:00:00+00:00,40.41464,40.364
2018-09-17 00:00:00+00:00,39.636322,39.666
2018-09-17 01:00:00+00:00,40.05749,40.071
2018-09-17 02:00:00+00:00,41.341137,41.401
2018-09-17 03:00:00+00:00,44.43961,46.181
2018-09-17 04:00:00+00:00,53.966656,55.971
2018-09-17 05:00:00+00:00,60.711937,61.394
2018-09-17 06:00:00+00:00,62.439186,64.242
2018-09-17 07:00:00+00:00,63.704025,64.907
2018-09-17 08:00:00+00:00,64.96305,66.284996
2018-09-17 09:00:00+00:00,65.251854,67.102005
2018-09-17 10:00:00+00:00,65.034775,66.672005
2018-09-17 11:00:00+00:00,64.03217,66.235
2018-09-17 12:00:00+00:00,63.2769,65.44
2018-09-17 13:00:00+00:00,62.541916,64.634
2018-09-17 14:00:00+00:00,62.089962,62.912003
2018-09-17 15:00:00+00:00,60.79338,62.291
2018-09-17 16:00:00+00:00,60.738422,62.384003
2018-09-17 17:00:00+00:00,60.38865,63.176003
2018-09-17 18:00:00+00:00,59.702545,62.42
2018-09-17 19:00:00+00:00,57.48717,57.968998
2018-09-17 20:00:00+00:00,53.560825,53.137997
2018-09-17 21:00:00+00:00,48.71489,49.256
2018-09-17 22:00:00+00:00,46.140953,46.461
2018-09-17 23:00:00+00:00,44.41053,45.187
2018-09-18 00:00:00+00:00,44.31571,44.82
2018-09-18 01:00:00+00:00,45.32479,44.946
2018-09-18 02:00:00+00:00,46.311436,46.148003
2018-09-18 03:00:00+00:00,49.391403,50.726
2018-09-18 04:00:00+00:00,57.305943,59.63
2018-09-18 05:00:00+00:00,63.19903,64.519
2018-09-18 06:00:00+00:00,64.67545,66.566
2018-09-18 07:00:00+00:00,65.50728,67.138
2018-09-18 08:00:00+00:00,66.592834,68.63
2018-09-18 09:00:00+00:00,66.974365,69.582
2018-09-18 10:00:00+00:00,66.92065,69.138
2018-09-18 11:00:00+00:00,66.10529,69.094
2018-09-18 12:00:00+00:00,65.908554,68.595
2018-09-18 13:00:00+00:00,65.579155,67.666
2018-09-18 14:00:00+00:00,64.94554,66.69
2018-09-18 15:00:00+00:00,64.558044,67.751
2018-09-18 16:00:00+00:00,65.841354,68.653
2018-09-18 17:00:00+00:00,65.17587,69.368
2018-09-18 18:00:00+00:00,63.87791,64.619
2018-09-18 19:00:00+00:00,58.83623,59.84
2018-09-18 20:00:00+00:00,56.149704,55.593
2018-09-18 21:00:00+00:00,50.91535,51.217
2018-09-18 22:00:00+00:00,47.98403,48.322998
2018-09-18 23:00:00+00:00,46.31697,46.523
2018-09-19 00:00:00+00:00,45.223145,45.837997
2018-09-19 01:00:00+00:00,46.037384,45.86
2018-09-19 02:00:00+00:00,46.99109,46.724
2018-09-19 03:00:00+00:00,48.548485,50.458004
2018-09-19 04:00:00+00:00,57.193962,58.983
2018-09-19 05:00:00+00:00,63.164684,64.158
2018-09-19 06:00:00+00:00,64.9009,66.813995
2018-09-19 07:00:00+00:00,65.81064,67.639
2018-09-19 08:00:00+00:00,66.96102,68.409
2018-09-19 09:00:00+00:00,66.8351,69.235
2018-09-19 10:00:00+00:00,66.79635,69.119
2018-09-19 11:00:00+00:00,66.26545,69.203
2018-09-19 12:00:00+00:00,66.04196,68.403
2018-09-19 13:00:00+00:00,65.41722,67.832
2018-09-19 14:00:00+00:00,65.27188,66.053
2018-09-19 15:00:00+00:00,63.940834,65.452
2018-09-19 16:00:00+00:00,63.848507,65.593
2018-09-19 17:00:00+00:00,63.542736,66.268
2018-09-19 18:00:00+00:00,62.52435,64.685005
2018-09-19 19:00:00+00:00,59.63819,60.14
2018-09-19 20:00:00+00:00,55.76584,55.659
2018-09-19 21:00:00+00:00,50.977077,51.865997
2018-09-19 22:00:00+00:00,48.29077,48.624
2018-09-19 23:00:00+00:00,46.299328,47.299
2018-09-20 00:00:00+00:00,45.9449,46.043
2018-09-20 01:00:00+00:00,45.713768,46.190998
2018-09-20 02:00:00+00:00,47.089005,46.888
2018-09-20 03:00:00+00:00,48.3377,50.666
2018-09-20 04:00:00+00:00,57.06194,59.862
2018-09-20 05:00:00+00:00,63.64445,63.773003
2018-09-20 06:00:00+00:00,64.17134,66.095
2018-09-20 07:00:00+00:00,65.26357,66.762
2018-09-20 08:00:00+00:00,66.44271,68.149
2018-09-20 09:00:00+00:00,66.495285,69.538
2018-09-20 10:00:00+00:00,66.97199,69.387
2018-09-20 11:00:00+00:00,66.425545,69.401
2018-09-20 12:00:00+00:00,66.15458,68.531
2018-09-20 13:00:00+00:00,65.508514,67.284004
2018-09-20 14:00:00+00:00,64.59918,65.937996
2018-09-20 15:00:00+00:00,63.884033,65.414
2018-09-20 16:00:00+00:00,63.860935,64.918
2018-09-20 17:00:00+00:00,62.740086,65.364
2018-09-20 18:00:00+00:00,61.971565,64.093
2018-09-20 19:00:00+00:00,59.418194,59.765003
2018-09-20 20:00:00+00:00,55.517822,55.509003
2018-09-20 21:00:00+00:00,50.895996,51.892002
2018-09-20 22:00:00+00:00,48.314423,48.753
2018-09-20 23:00:00+00:00,46.382084,47.346
2018-09-21 00:00:00+00:00,46.008896,46.412
2018-09-21 01:00:00+00:00,46.171486,46.767
2018-09-21 02:00:00+00:00,47.693203,48.077
2018-09-21 03:00:00+00:00,50.53769,52.010998
2018-09-21 04:00:00+00:00,58.1069,61.224
2018-09-21 05:00:00+00:00,64.49913,66.298004
2018-09-21 06:00:00+00:00,65.97656,69.296
2018-09-21 07:00:00+00:00,67.38408,70.327
2018-09-21 08:00:00+00:00,68.87325,71.652
2018-09-21 09:00:00+00:00,69.141075,72.836006
2018-09-21 10:00:00+00:00,69.47126,71.712
2018-09-21 11:00:00+00:00,68.32015,70.505005
2018-09-21 12:00:00+00:00,67.09804,68.651
2018-09-21 13:00:00+00:00,65.7514,67.398
2018-09-21 14:00:00+00:00,65.21367,65.787
2018-09-21 15:00:00+00:00,64.63222,65.108
2018-09-21 16:00:00+00:00,64.567215,64.517
2018-09-21 17:00:00+00:00,63.137276,64.55
2018-09-21 18:00:00+00:00,61.517155,61.905
2018-09-21 19:00:00+00:00,57.712933,57.479
2018-09-21 20:00:00+00:00,53.608257,53.498
2018-09-21 21:00:00+00:00,49.29988,49.405
2018-09-21 22:00:00+00:00,46.430195,47.579998
2018-09-21 23:00:00+00:00,45.858223,45.553
2018-09-22 00:00:00+00:00,44.24628,44.316998
2018-09-22 01:00:00+00:00,44.186554,43.732
2018-09-22 02:00:00+00:00,43.79697,43.541
2018-09-22 03:00:00+00:00,43.370113,44.421
2018-09-22 04:00:00+00:00,45.78083,47.213
2018-09-22 05:00:00+00:00,50.620686,49.577
2018-09-22 06:00:00+00:00,51.93153,53.274998
2018-09-22 07:00:00+00:00,54.751526,55.767998
2018-09-22 08:00:00+00:00,55.591793,57.899998
2018-09-22 09:00:00+00:00,56.597576,59.134
2018-09-22 10:00:00+00:00,57.15599,58.243004
2018-09-22 11:00:00+00:00,55.58693,55.357
2018-09-22 12:00:00+00:00,52.525852,53.301003
2018-09-22 13:00:00+00:00,51.60759,53.404003
2018-09-22 14:00:00+00:00,54.145237,52.693
2018-09-22 15:00:00+00:00,53.03086,53.656
2018-09-22 16:00:00+00:00,54.435165,54.645004
2018-09-22 17:00:00+00:00,53.89087,55.337
2018-09-22 18:00:00+00:00,53.23629,52.665
2018-09-22 19:00:00+00:00,49.691635,49.241
2018-09-22 20:00:00+00:00,46.80283,46.471
2018-09-22 21:00:00+00:00,43.237263,43.568
2018-09-22 22:00:00+00:00,41.14715,40.865997
2018-09-22 23:00:00+00:00,39.408207,38.903
2018-09-23 00:00:00+00:00,37.981865,37.607998
2018-09-23 01:00:00+00:00,37.22558,37.264
2018-09-23 02:00:00+00:00,37.15838,37.192
2018-09-23 03:00:00+00:00,36.87061,37.462997
2018-09-23 04:00:00+00:00,38.132427,38.415
2018-09-23 05:00:00+00:00,40.888157,40.253002
2018-09-23 06:00:00+00:00,43.408157,43.656998
2018-09-23 07:00:00+00:00,46.202568,46.566
2018-09-23 08:00:00+00:00,48.089622,49.022003
2018-09-23 09:00:00+00:00,49.307823,51.964
2018-09-23 10:00:00+00:00,51.109005,51.613
2018-09-23 11:00:00+00:00,49.19611,50.215
2018-09-23 12:00:00+00:00,47.74032,50.077003
2018-09-23 13:00:00+00:00,48.65834,49.901
2018-09-23 14:00:00+00:00,49.333183,50.007
2018-09-23 15:00:00+00:00,49.944748,51.525
2018-09-23 16:00:00+00:00,51.644016,53.338997
2018-09-23 17:00:00+00:00,52.371853,54.465
2018-09-23 18:00:00+00:00,52.349266,53.065002
2018-09-23 19:00:00+00:00,50.609116,50.279
2018-09-23 20:00:00+00:00,48.310104,48.679
2018-09-23 21:00:00+00:00,45.74985,45.979
2018-09-23 22:00:00+00:00,43.030514,43.56
2018-09-23 23:00:00+00:00,41.682552,42.524002
2018-09-24 00:00:00+00:00,41.89974,42.077
2018-09-24 01:00:00+00:00,42.617237,42.407
2018-09-24 02:00:00+00:00,43.98345,43.906
2018-09-24 03:00:00+00:00,47.88797,48.294003
2018-09-24 04:00:00+00:00,55.82166,58.148
2018-09-24 05:00:00+00:00,62.45879,63.491
2018-09-24 06:00:00+00:00,64.21611,66.388
2018-09-24 07:00:00+00:00,65.60213,67.558
2018-09-24 08:00:00+00:00,67.31798,69.277
2018-09-24 09:00:00+00:00,67.79481,70.132
2018-09-24 10:00:00+00:00,67.627464,69.837
2018-09-24 11:00:00+00:00,66.98129,68.435005
2018-09-24 12:00:00+00:00,65.38191,67.187
2018-09-24 13:00:00+00:00,64.26828,66.048996
2018-09-24 14:00:00+00:00,63.769928,64.001
2018-09-24 15:00:00+00:00,62.454098,63.809
2018-09-24 16:00:00+00:00,63.122658,64.211
2018-09-24 17:00:00+00:00,62.84706,65.814
2018-09-24 18:00:00+00:00,62.344765,64.201996
2018-09-24 19:00:00+00:00,58.89598,59.628998
2018-09-24 20:00:00+00:00,55.139996,55.391003
2018-09-24 21:00:00+00:00,50.6018,50.340004
2018-09-24 22:00:00+00:00,46.988068,47.454998
2018-09-24 23:00:00+00:00,45.641777,45.788002
2018-09-25 00:00:00+00:00,44.486004,45.232998
2018-09-25 01:00:00+00:00,45.488766,45.343002
2018-09-25 02:00:00+00:00,46.459736,46.737
2018-09-25 03:00:00+00:00,49.468544,50.712
2018-09-25 04:00:00+00:00,57.08584,58.942997
2018-09-25 05:00:00+00:00,62.7458,63.803
2018-09-25 06:00:00+00:00,64.34512,65.942
2018-09-25 07:00:00+00:00,64.99958,65.763
2018-09-25 08:00:00+00:00,65.27976,66.389
2018-09-25 09:00:00+00:00,65.09468,67.395996
2018-09-25 10:00:00+00:00,65.15079,67.024
2018-09-25 11:00:00+00:00,64.21846,66.057
2018-09-25 12:00:00+00:00,63.098236,64.768
2018-09-25 13:00:00+00:00,62.147366,63.690998
2018-09-25 14:00:00+00:00,61.704025,61.74
2018-09-25 15:00:00+00:00,60.22162,61.246002
2018-09-25 16:00:00+00:00,60.349247,62.283
2018-09-25 17:00:00+00:00,60.717308,64.582
2018-09-25 18:00:00+00:00,60.830807,62.869
2018-09-25 19:00:00+00:00,57.2754,58.354
2018-09-25 20:00:00+00:00,53.871502,54.271
2018-09-25 21:00:00+00:00,49.68326,50.722
2018-09-25 22:00:00+00:00,47.31505,47.358
2018-09-25 23:00:00+00:00,45.229107,45.879
2018-09-26 00:00:00+00:00,44.915707,45.252
2018-09-26 01:00:00+00:00,45.279118,45.864002
2018-09-26 02:00:00+00:00,46.97591,47.279003
2018-09-26 03:00:00+00:00,50.334408,51.435
2018-09-26 04:00:00+00:00,57.32465,60.576004
2018-09-26 05:00:00+00:00,63.727272,65.48
2018-09-26 06:00:00+00:00,65.121864,67.718
2018-09-26 07:00:00+00:00,66.03475,67.695
2018-09-26 08:00:00+00:00,66.82031,67.946
2018-09-26 09:00:00+00:00,66.26764,69.116005
2018-09-26 10:00:00+00:00,66.600426,69.056
2018-09-26 11:00:00+00:00,66.09006,68.914
2018-09-26 12:00:00+00:00,65.67188,67.375
2018-09-26 13:00:00+00:00,64.4864,66.699005
2018-09-26 14:00:00+00:00,64.37905,65.048
2018-09-26 15:00:00+00:00,63.226532,64.33
2018-09-26 16:00:00+00:00,62.768612,64.700005
2018-09-26 17:00:00+00:00,62.526806,66.259
2018-09-26 18:00:00+00:00,62.195732,65.121
2018-09-26 19:00:00+00:00,59.404305,61.449
2018-09-26 20:00:00+00:00,56.566547,56.795998
2018-09-26 21:00:00+00:00,51.59347,52.263
2018-09-26 22:00:00+00:00,48.66761,48.595
2018-09-26 23:00:00+00:00,46.44276,46.992996
2018-09-27 00:00:00+00:00,45.706413,45.961
2018-09-27 01:00:00+00:00,45.774742,45.9
2018-09-27 02:00:00+00:00,46.731976,47.133
2018-09-27 03:00:00+00:00,48.81177,51.308
2018-09-27 04:00:00+00:00,57.954773,59.546
2018-09-27 05:00:00+00:00,63.450882,64.341
2018-09-27 06:00:00+00:00,64.88423,66.402
2018-09-27 07:00:00+00:00,65.49969,66.011
2018-09-27 08:00:00+00:00,65.61814,66.45
2018-09-27 09:00:00+00:00,65.27394,67.745
2018-09-27 10:00:00+00:00,65.6119,67.29
2018-09-27 11:00:00+00:00,64.55862,66.406006
2018-09-27 12:00:00+00:00,63.497658,65.672
2018-09-27 13:00:00+00:00,63.171585,64.966
2018-09-27 14:00:00+00:00,63.106926,63.423
2018-09-27 15:00:00+00:00,61.839115,63.324
2018-09-27 16:00:00+00:00,62.18395,63.866005
2018-09-27 17:00:00+00:00,61.80941,65.770004
2018-09-27 18:00:00+00:00,61.837963,64.127
2018-09-27 19:00:00+00:00,58.56493,59.66
2018-09-27 20:00:00+00:00,55.242264,55.392
2018-09-27 21:00:00+00:00,50.762733,51.113
2018-09-27 22:00:00+00:00,47.773026,48.054996
2018-09-27 23:00:00+00:00,46.018986,46.541
2018-09-28 00:00:00+00:00,45.290768,46.027
2018-09-28 01:00:00+00:00,45.99589,46.51
2018-09-28 02:00:00+00:00,47.439915,47.872
2018-09-28 03:00:00+00:00,50.484097,51.454002
2018-09-28 04:00:00+00:00,57.244698,60.131004
2018-09-28 05:00:00+00:00,63.53179,65.381004
2018-09-28 06:00:00+00:00,65.33538,67.318
2018-09-28 07:00:00+00:00,65.71396,68.195
2018-09-28 08:00:00+00:00,67.23285,69.136
2018-09-28 09:00:00+00:00,67.27464,69.212006
2018-09-28 10:00:00+00:00,66.48124,67.807
2018-09-28 11:00:00+00:00,64.993614,66.372
2018-09-28 12:00:00+00:00,63.48142,64.953
2018-09-28 13:00:00+00:00,62.42909,64.532
2018-09-28 14:00:00+00:00,63.072506,63.087
2018-09-28 15:00:00+00:00,62.12092,63.213
2018-09-28 16:00:00+00:00,62.392464,63.552998
2018-09-28 17:00:00+00:00,61.504856,64.419
2018-09-28 18:00:00+00:00,60.492344,61.823
2018-09-28 19:00:00+00:00,56.86986,57.388
2018-09-28 20:00:00+00:00,53.144836,53.419003
2018-09-28 21:00:00+00:00,49.142693,49.382
2018-09-28 22:00:00+00:00,46.42131,46.817997
2018-09-28 23:00:00+00:00,45.007824,44.545002
2018-09-29 00:00:00+00:00,43.21093,43.714
2018-09-29 01:00:00+00:00,43.588696,43.737
2018-09-29 02:00:00+00:00,44.081764,43.864002
2018-09-29 03:00:00+00:00,44.05894,44.529
2018-09-29 04:00:00+00:00,46.221523,46.95
2018-09-29 05:00:00+00:00,50.097973,49.572
2018-09-29 06:00:00+00:00,51.937904,52.913998
2018-09-29 07:00:00+00:00,54.29275,55.502
2018-09-29 08:00:00+00:00,55.434444,56.510998
2018-09-29 09:00:00+00:00,55.05184,56.101
2018-09-29 10:00:00+00:00,54.02995,54.725998
2018-09-29 11:00:00+00:00,52.45166,52.801
2018-09-29 12:00:00+00:00,50.793133,51.098
2018-09-29 13:00:00+00:00,50.174572,50.829
2018-09-29 14:00:00+00:00,51.75758,50.709003
2018-09-29 15:00:00+00:00,51.540585,52.005
2018-09-29 16:00:00+00:00,52.77243,53.661
2018-09-29 17:00:00+00:00,53.030125,55.694
2018-09-29 18:00:00+00:00,53.578262,53.508
2018-09-29 19:00:00+00:00,50.30691,50.384
2018-09-29 20:00:00+00:00,47.5618,48.038
2018-09-29 21:00:00+00:00,44.62146,44.894
2018-09-29 22:00:00+00:00,42.18006,41.995003
2018-09-29 23:00:00+00:00,40.37692,40.578
2018-09-30 00:00:00+00:00,39.75701,39.537
2018-09-30 01:00:00+00:00,39.30463,39.449
2018-09-30 02:00:00+00:00,39.726097,39.652
2018-09-30 03:00:00+00:00,39.958237,40.383003
2018-09-30 04:00:00+00:00,41.646626,40.699
2018-09-30 05:00:00+00:00,43.30022,42.391003
2018-09-30 06:00:00+00:00,45.120777,45.398
2018-09-30 07:00:00+00:00,47.580963,48.297
2018-09-30 08:00:00+00:00,49.77305,49.459
2018-09-30 09:00:00+00:00,49.302814,50.719
2018-09-30 10:00:00+00:00,49.501575,49.822998
2018-09-30 11:00:00+00:00,47.741222,47.823
2018-09-30 12:00:00+00:00,46.00865,46.337
2018-09-30 13:00:00+00:00,45.57686,45.666
2018-09-30 14:00:00+00:00,46.252693,45.605
2018-09-30 15:00:00+00:00,46.83434,47.821
2018-09-30 16:00:00+00:00,49.40323,50.458004
2018-09-30 17:00:00+00:00,50.505272,52.851997
2018-09-30 18:00:00+00:00,51.557014,51.666
2018-09-30 19:00:00+00:00,49.49194,49.430004
2018-09-30 20:00:00+00:00,47.18572,48.267002
2018-09-30 21:00:00+00:00,45.3745,45.677
2018-09-30 22:00:00+00:00,42.92005,43.151
2018-09-30 23:00:00+00:00,41.49164,42.126
2018-10-01 00:00:00+00:00,41.61465,41.5
2018-10-01 01:00:00+00:00,41.70848,42.353
2018-10-01 02:00:00+00:00,43.6851,43.802
2018-10-01 03:00:00+00:00,47.46924,48.065
2018-10-01 04:00:00+00:00,54.586678,56.943
2018-10-01 05:00:00+00:00,60.775986,62.564
2018-10-01 06:00:00+00:00,63.19063,65.636
2018-10-01 07:00:00+00:00,64.49507,66.243
2018-10-01 08:00:00+00:00,65.565216,67.123
2018-10-01 09:00:00+00:00,65.72253,68.485
2018-10-01 10:00:00+00:00,66.176056,67.853
2018-10-01 11:00:00+00:00,65.01605,67.178
2018-10-01 12:00:00+00:00,64.10747,66.774
2018-10-01 13:00:00+00:00,63.92888,65.692
2018-10-01 14:00:00+00:00,63.136642,64.617004
2018-10-01 15:00:00+00:00,62.522537,64.144005
2018-10-01 16:00:00+00:00,62.395664,65.005005
2018-10-01 17:00:00+00:00,62.556244,66.639
2018-10-01 18:00:00+00:00,62.29406,64.048004
2018-10-01 19:00:00+00:00,58.405968,59.844997
2018-10-01 20:00:00+00:00,55.51624,56.081005
2018-10-01 21:00:00+00:00,51.162636,51.597
2018-10-01 22:00:00+00:00,48.022675,47.735
2018-10-01 23:00:00+00:00,45.823505,46.296997
2018-10-02 00:00:00+00:00,45.251755,44.899002
2018-10-02 01:00:00+00:00,44.765423,45.55
2018-10-02 02:00:00+00:00,46.944824,47.149998
2018-10-02 03:00:00+00:00,49.86989,51.794
2018-10-02 04:00:00+00:00,58.68834,59.531002
2018-10-02 05:00:00+00:00,63.434105,64.753
2018-10-02 06:00:00+00:00,65.2932,66.96
2018-10-02 07:00:00+00:00,66.05932,67.635
2018-10-02 08:00:00+00:00,66.89425,68.35
2018-10-02 09:00:00+00:00,66.8349,70.225006
2018-10-02 10:00:00+00:00,67.650734,70.294
2018-10-02 11:00:00+00:00,67.17597,69.599
2018-10-02 12:00:00+00:00,66.230125,69.011
2018-10-02 13:00:00+00:00,65.991264,67.694
2018-10-02 14:00:00+00:00,65.139305,66.139
2018-10-02 15:00:00+00:00,64.06478,64.971
2018-10-02 16:00:00+00:00,63.511105,65.365
2018-10-02 17:00:00+00:00,63.601856,66.938995
2018-10-02 18:00:00+00:00,63.28904,63.690002
2018-10-02 19:00:00+00:00,58.49967,59.465004
2018-10-02 20:00:00+00:00,55.710587,55.575
2018-10-02 21:00:00+00:00,50.805454,51.956997
2018-10-02 22:00:00+00:00,48.35324,49.025
2018-10-02 23:00:00+00:00,46.61132,47.282
2018-10-03 00:00:00+00:00,45.838223,46.233
2018-10-03 01:00:00+00:00,46.021637,45.604
2018-10-03 02:00:00+00:00,46.07157,45.375
2018-10-03 03:00:00+00:00,45.795383,45.138
2018-10-03 04:00:00+00:00,45.46707,44.68
2018-10-03 05:00:00+00:00,45.79578,46.323997
2018-10-03 06:00:00+00:00,48.574974,49.49
2018-10-03 07:00:00+00:00,51.65193,52.637
2018-10-03 08:00:00+00:00,53.8428,54.592
2018-10-03 09:00:00+00:00,54.23835,55.999
2018-10-03 10:00:00+00:00,54.545845,55.412
2018-10-03 11:00:00+00:00,53.103664,52.955997
2018-10-03 12:00:00+00:00,50.12501,51.705
2018-10-03 13:00:00+00:00,50.411453,50.661
2018-10-03 14:00:00+00:00,50.392014,50.013
2018-10-03 15:00:00+00:00,50.75426,51.084
2018-10-03 16:00:00+00:00,52.640217,53.400997
2018-10-03 17:00:00+00:00,54.245007,55.972
2018-10-03 18:00:00+00:00,54.76047,54.307
2018-10-03 19:00:00+00:00,51.29103,52.005
2018-10-03 20:00:00+00:00,49.90869,50.631
2018-10-03 21:00:00+00:00,48.148,47.114002
2018-10-03 22:00:00+00:00,43.769066,44.492
2018-10-03 23:00:00+00:00,42.315594,42.965
2018-10-04 00:00:00+00:00,41.358654,42.108997
2018-10-04 01:00:00+00:00,41.54066,42.915
2018-10-04 02:00:00+00:00,43.638977,44.760002
2018-10-04 03:00:00+00:00,48.139084,49.195
2018-10-04 04:00:00+00:00,55.828632,57.543
2018-10-04 05:00:00+00:00,61.327694,62.741
2018-10-04 06:00:00+00:00,63.478195,64.518005
2018-10-04 07:00:00+00:00,63.945107,65.518
2018-10-04 08:00:00+00:00,65.38412,66.458
2018-10-04 09:00:00+00:00,65.371086,67.167
2018-10-04 10:00:00+00:00,65.052986,66.313
2018-10-04 11:00:00+00:00,63.82421,65.331
2018-10-04 12:00:00+00:00,62.61174,63.064
2018-10-04 13:00:00+00:00,60.55118,62.003998
2018-10-04 14:00:00+00:00,60.16524,61.168
2018-10-04 15:00:00+00:00,60.36932,61.428
2018-10-04 16:00:00+00:00,60.758366,62.252
2018-10-04 17:00:00+00:00,60.36417,64.75
2018-10-04 18:00:00+00:00,60.878395,62.436
2018-10-04 19:00:00+00:00,56.85614,58.301
2018-10-04 20:00:00+00:00,53.876637,54.446003
2018-10-04 21:00:00+00:00,49.848278,50.599
2018-10-04 22:00:00+00:00,47.306927,47.752
2018-10-04 23:00:00+00:00,45.711002,45.723
2018-10-05 00:00:00+00:00,44.54113,45.190998
2018-10-05 01:00:00+00:00,45.389164,45.652
2018-10-05 02:00:00+00:00,46.71057,47.058002
2018-10-05 03:00:00+00:00,49.81326,50.606003
2018-10-05 04:00:00+00:00,56.43143,58.044003
2018-10-05 05:00:00+00:00,61.82465,63.245
2018-10-05 06:00:00+00:00,63.94607,65.318
2018-10-05 07:00:00+00:00,64.25323,65.471
2018-10-05 08:00:00+00:00,64.70837,65.784004
2018-10-05 09:00:00+00:00,64.41638,66.170006
2018-10-05 10:00:00+00:00,63.933514,64.865
2018-10-05 11:00:00+00:00,62.1799,64.503006
2018-10-05 12:00:00+00:00,61.785522,62.102
2018-10-05 13:00:00+00:00,59.754326,61.673004
2018-10-05 14:00:00+00:00,60.239647,60.173004
2018-10-05 15:00:00+00:00,59.27211,59.746002
2018-10-05 16:00:00+00:00,58.927635,60.369
2018-10-05 17:00:00+00:00,58.79274,62.61
2018-10-05 18:00:00+00:00,59.2477,60.078
2018-10-05 19:00:00+00:00,55.161484,56.670002
2018-10-05 20:00:00+00:00,52.803047,53.141003
2018-10-05 21:00:00+00:00,48.662937,49.521004
2018-10-05 22:00:00+00:00,46.445175,46.11
2018-10-05 23:00:00+00:00,44.062206,44.212
2018-10-06 00:00:00+00:00,43.011406,42.981003
2018-10-06 01:00:00+00:00,42.331947,42.551
2018-10-06 02:00:00+00:00,42.326565,42.981003
2018-10-06 03:00:00+00:00,42.976833,43.768
2018-10-06 04:00:00+00:00,45.088203,46.129
2018-10-06 05:00:00+00:00,49.249958,48.732002
2018-10-06 06:00:00+00:00,51.1801,52.215
2018-10-06 07:00:00+00:00,53.721615,54.157
2018-10-06 08:00:00+00:00,54.025356,55.593998
2018-10-06 09:00:00+00:00,54.42703,56.375
2018-10-06 10:00:00+00:00,54.607876,55.411
2018-10-06 11:00:00+00:00,53.20827,53.255997
2018-10-06 12:00:00+00:00,50.964924,51.522
2018-10-06 13:00:00+00:00,50.25441,51.03
2018-10-06 14:00:00+00:00,51.426292,51.053
2018-10-06 15:00:00+00:00,51.972862,52.013996
2018-10-06 16:00:00+00:00,52.668003,53.125
2018-10-06 17:00:00+00:00,52.469616,55.389
2018-10-06 18:00:00+00:00,53.64807,52.716
2018-10-06 19:00:00+00:00,49.580173,50.04
2018-10-06 20:00:00+00:00,47.653553,47.791
2018-10-06 21:00:00+00:00,44.33205,44.414
2018-10-06 22:00:00+00:00,41.802467,41.100002
2018-10-06 23:00:00+00:00,39.693676,39.449
2018-10-07 00:00:00+00:00,38.737873,38.352
2018-10-07 01:00:00+00:00,38.130424,37.482002
2018-10-07 02:00:00+00:00,37.397472,37.413002
2018-10-07 03:00:00+00:00,37.177345,38.307
2018-10-07 04:00:00+00:00,38.97012,39.134003
2018-10-07 05:00:00+00:00,41.68222,41.768
2018-10-07 06:00:00+00:00,44.953453,45.156002
2018-10-07 07:00:00+00:00,47.663414,47.906998
2018-10-07 08:00:00+00:00,49.290356,49.759
2018-10-07 09:00:00+00:00,49.655315,52.341
2018-10-07 10:00:00+00:00,51.422607,51.602
2018-10-07 11:00:00+00:00,49.269005,49.362
2018-10-07 12:00:00+00:00,47.00737,47.771
2018-10-07 13:00:00+00:00,46.316578,46.909
2018-10-07 14:00:00+00:00,46.737373,46.81
2018-10-07 15:00:00+00:00,47.705547,48.271
2018-10-07 16:00:00+00:00,49.33368,50.837
2018-10-07 17:00:00+00:00,50.829594,52.944
2018-10-07 18:00:00+00:00,51.433197,50.982998
2018-10-07 19:00:00+00:00,48.519608,48.746
2018-10-07 20:00:00+00:00,47.013912,47.912
2018-10-07 21:00:00+00:00,45.027588,45.199
2018-10-07 22:00:00+00:00,42.1607,43.553
2018-10-07 23:00:00+00:00,41.77863,42.25
2018-10-08 00:00:00+00:00,41.471397,41.84
2018-10-08 01:00:00+00:00,42.333946,42.316
2018-10-08 02:00:00+00:00,43.73332,44.578003
2018-10-08 03:00:00+00:00,49.833244,48.840004
2018-10-08 04:00:00+00:00,55.724632,57.738
2018-10-08 05:00:00+00:00,61.582207,64.107
2018-10-08 06:00:00+00:00,64.64004,66.436005
2018-10-08 07:00:00+00:00,65.28932,67.239
2018-10-08 08:00:00+00:00,66.6893,67.954994
2018-10-08 09:00:00+00:00,66.74243,68.363
2018-10-08 10:00:00+00:00,66.08338,67.005
2018-10-08 11:00:00+00:00,64.36749,65.461
2018-10-08 12:00:00+00:00,62.616,64.693
2018-10-08 13:00:00+00:00,62.173027,63.817
2018-10-08 14:00:00+00:00,62.10999,62.257
2018-10-08 15:00:00+00:00,61.03223,62.475998
2018-10-08 16:00:00+00:00,61.725998,63.828
2018-10-08 17:00:00+00:00,61.85284,66.299
2018-10-08 18:00:00+00:00,61.797756,62.616
2018-10-08 19:00:00+00:00,56.694675,58.828003
2018-10-08 20:00:00+00:00,54.76824,54.645004
2018-10-08 21:00:00+00:00,49.73529,50.324997
2018-10-08 22:00:00+00:00,47.15874,47.589
2018-10-08 23:00:00+00:00,45.63796,45.82
2018-10-09 00:00:00+00:00,44.78002,44.933
2018-10-09 01:00:00+00:00,45.092564,45.461002
2018-10-09 02:00:00+00:00,46.689217,46.792004
2018-10-09 03:00:00+00:00,49.506935,51.106
2018-10-09 04:00:00+00:00,57.367004,59.209003
2018-10-09 05:00:00+00:00,62.841663,64.183
2018-10-09 06:00:00+00:00,64.489494,66.35
2018-10-09 07:00:00+00:00,65.22302,66.777
2018-10-09 08:00:00+00:00,65.998344,67.374
2018-10-09 09:00:00+00:00,65.79179,68.288
2018-10-09 10:00:00+00:00,65.84685,67.4
2018-10-09 11:00:00+00:00,64.540535,66.873
2018-10-09 12:00:00+00:00,63.85655,65.542
2018-10-09 13:00:00+00:00,62.88469,64.583
2018-10-09 14:00:00+00:00,62.470757,63.100002
2018-10-09 15:00:00+00:00,61.6044,63.309002
2018-10-09 16:00:00+00:00,62.234604,64.131
2018-10-09 17:00:00+00:00,61.913086,66.596
2018-10-09 18:00:00+00:00,62.21319,63.316
2018-10-09 19:00:00+00:00,57.411934,59.295002
2018-10-09 20:00:00+00:00,55.21069,55.089996
2018-10-09 21:00:00+00:00,50.23755,50.940998
2018-10-09 22:00:00+00:00,47.614613,47.537003
2018-10-09 23:00:00+00:00,45.57227,45.766
2018-10-10 00:00:00+00:00,44.636124,44.969997
2018-10-10 01:00:00+00:00,44.99249,45.353
2018-10-10 02:00:00+00:00,46.4426,46.724
2018-10-10 03:00:00+00:00,49.17133,50.188
2018-10-10 04:00:00+00:00,56.296597,58.211002
2018-10-10 05:00:00+00:00,62.164257,63.905
2018-10-10 06:00:00+00:00,64.55093,65.618004
2018-10-10 07:00:00+00:00,64.43781,65.67
2018-10-10 08:00:00+00:00,65.11103,66.622
2018-10-10 09:00:00+00:00,65.36769,66.883
2018-10-10 10:00:00+00:00,64.53059,66.237
2018-10-10 11:00:00+00:00,63.473404,65.764
2018-10-10 12:00:00+00:00,62.95248,64.345
2018-10-10 13:00:00+00:00,61.74388,63.697998
2018-10-10 14:00:00+00:00,61.79154,62.459
2018-10-10 15:00:00+00:00,61.092163,62.806
2018-10-10 16:00:00+00:00,61.650257,63.985
2018-10-10 17:00:00+00:00,61.665035,67.135
2018-10-10 18:00:00+00:00,62.463017,64.604004
2018-10-10 19:00:00+00:00,58.13104,60.506
2018-10-10 20:00:00+00:00,55.913704,56.22
2018-10-10 21:00:00+00:00,51.14714,51.629997
2018-10-10 22:00:00+00:00,48.093452,48.246998
2018-10-10 23:00:00+00:00,46.16669,46.561
2018-10-11 00:00:00+00:00,45.233246,45.7
2018-10-11 01:00:00+00:00,45.593216,45.769
2018-10-11 02:00:00+00:00,46.634327,47.56
2018-10-11 03:00:00+00:00,50.00524,51.751
2018-10-11 04:00:00+00:00,58.285767,60.575
2018-10-11 05:00:00+00:00,64.099655,66.106
2018-10-11 06:00:00+00:00,66.05293,68.125
2018-10-11 07:00:00+00:00,66.58024,67.844
2018-10-11 08:00:00+00:00,67.141464,68.087
2018-10-11 09:00:00+00:00,66.76824,68.148
2018-10-11 10:00:00+00:00,65.91881,67.595
2018-10-11 11:00:00+00:00,64.91154,66.719
2018-10-11 12:00:00+00:00,63.933334,66.38
2018-10-11 13:00:00+00:00,63.996964,65.499
2018-10-11 14:00:00+00:00,63.891933,63.994003
2018-10-11 15:00:00+00:00,62.658375,63.968998
2018-10-11 16:00:00+00:00,62.97477,65.429
2018-10-11 17:00:00+00:00,63.249317,67.531
2018-10-11 18:00:00+00:00,62.764946,64.322
2018-10-11 19:00:00+00:00,58.244156,60.579998
2018-10-11 20:00:00+00:00,56.407413,56.481
2018-10-11 21:00:00+00:00,51.389744,52.005
2018-10-11 22:00:00+00:00,48.49302,49.453
2018-10-11 23:00:00+00:00,47.149597,47.393997
2018-10-12 00:00:00+00:00,45.789692,46.301
2018-10-12 01:00:00+00:00,46.025204,46.613
2018-10-12 02:00:00+00:00,47.35558,47.881004
2018-10-12 03:00:00+00:00,49.494324,52.036
2018-10-12 04:00:00+00:00,58.232334,59.928
2018-10-12 05:00:00+00:00,63.530045,65.376
2018-10-12 06:00:00+00:00,65.57664,66.788
2018-10-12 07:00:00+00:00,65.53096,66.463005
2018-10-12 08:00:00+00:00,65.8583,67.321
2018-10-12 09:00:00+00:00,66.05983,67.322
2018-10-12 10:00:00+00:00,65.02481,66.286
2018-10-12 11:00:00+00:00,63.578587,64.621
2018-10-12 12:00:00+00:00,61.959435,62.873
2018-10-12 13:00:00+00:00,60.646816,61.772
2018-10-12 14:00:00+00:00,60.613026,60.642
2018-10-12 15:00:00+00:00,60.321182,60.948
2018-10-12 16:00:00+00:00,60.702587,62.702
2018-10-12 17:00:00+00:00,61.01206,64.852005
2018-10-12 18:00:00+00:00,60.60333,61.494
2018-10-12 19:00:00+00:00,55.988277,57.609
2018-10-12 20:00:00+00:00,53.683804,54.183
2018-10-12 21:00:00+00:00,49.63935,49.802002
2018-10-12 22:00:00+00:00,46.744087,46.216
2018-10-12 23:00:00+00:00,44.344196,43.961002
2018-10-13 00:00:00+00:00,42.595234,42.552002
2018-10-13 01:00:00+00:00,41.793365,42.103
2018-10-13 02:00:00+00:00,41.70247,42.729
2018-10-13 03:00:00+00:00,42.70414,43.334
2018-10-13 04:00:00+00:00,44.114334,45.66
2018-10-13 05:00:00+00:00,48.757553,48.976
2018-10-13 06:00:00+00:00,51.703674,52.342003
2018-10-13 07:00:00+00:00,53.73234,54.681
2018-10-13 08:00:00+00:00,54.528446,55.996998
2018-10-13 09:00:00+00:00,54.672615,56.434002
2018-10-13 10:00:00+00:00,54.377766,55.579
2018-10-13 11:00:00+00:00,53.27829,53.537003
2018-10-13 12:00:00+00:00,51.132122,52.03
2018-10-13 13:00:00+00:00,50.70247,51.017998
2018-10-13 14:00:00+00:00,50.821087,50.447
2018-10-13 15:00:00+00:00,50.86995,51.438
2018-10-13 16:00:00+00:00,52.26239,53.37
2018-10-13 17:00:00+00:00,53.134876,55.412
2018-10-13 18:00:00+00:00,53.3658,52.669003
2018-10-13 19:00:00+00:00,49.37858,49.656
2018-10-13 20:00:00+00:00,47.26811,47.636
2018-10-13 21:00:00+00:00,44.220398,44.355
2018-10-13 22:00:00+00:00,41.62181,41.557
2018-10-13 23:00:00+00:00,39.982975,39.536003
2018-10-14 00:00:00+00:00,38.68379,38.223
2018-10-14 01:00:00+00:00,38.008167,38.512
2018-10-14 02:00:00+00:00,38.9639,38.496002
2018-10-14 03:00:00+00:00,38.718845,38.945
2018-10-14 04:00:00+00:00,39.853447,39.819
2018-10-14 05:00:00+00:00,42.543198,42.035
2018-10-14 06:00:00+00:00,44.966816,44.937
2018-10-14 07:00:00+00:00,47.26964,47.083
2018-10-14 08:00:00+00:00,48.387524,48.629997
2018-10-14 09:00:00+00:00,48.722748,50.708
2018-10-14 10:00:00+00:00,49.823433,50.7
2018-10-14 11:00:00+00:00,48.726357,48.865
2018-10-14 12:00:00+00:00,46.751007,47.549004
2018-10-14 13:00:00+00:00,46.223656,46.977
2018-10-14 14:00:00+00:00,46.87782,47.097
2018-10-14 15:00:00+00:00,47.869343,48.113
2018-10-14 16:00:00+00:00,48.783333,51.225002
2018-10-14 17:00:00+00:00,51.452,53.695
2018-10-14 18:00:00+00:00,52.140503,52.03
2018-10-14 19:00:00+00:00,49.549763,49.630997
2018-10-14 20:00:00+00:00,47.666668,48.039997
2018-10-14 21:00:00+00:00,45.034157,45.347
2018-10-14 22:00:00+00:00,42.55015,42.885998
2018-10-14 23:00:00+00:00,41.09236,41.661
2018-10-15 00:00:00+00:00,41.033165,40.952
2018-10-15 01:00:00+00:00,41.222015,41.405003
2018-10-15 02:00:00+00:00,42.61695,42.867
2018-10-15 03:00:00+00:00,46.170444,47.422997
2018-10-15 04:00:00+00:00,54.622734,56.249
2018-10-15 05:00:00+00:00,60.626568,62.750004
2018-10-15 06:00:00+00:00,63.62233,65.443
2018-10-15 07:00:00+00:00,64.46046,65.263
2018-10-15 08:00:00+00:00,64.93923,65.638
2018-10-15 09:00:00+00:00,64.85052,66.628
2018-10-15 10:00:00+00:00,64.73177,65.541
2018-10-15 11:00:00+00:00,62.932255,64.632996
2018-10-15 12:00:00+00:00,61.813114,63.591003
2018-10-15 13:00:00+00:00,61.086067,62.795002
2018-10-15 14:00:00+00:00,60.898655,62.005
2018-10-15 15:00:00+00:00,60.74274,61.941
2018-10-15 16:00:00+00:00,60.710983,63.957005
2018-10-15 17:00:00+00:00,61.699177,65.905
2018-10-15 18:00:00+00:00,61.11167,61.932
2018-10-15 19:00:00+00:00,56.1406,57.673
2018-10-15 20:00:00+00:00,53.78907,53.965
2018-10-15 21:00:00+00:00,49.285664,50.272
2018-10-15 22:00:00+00:00,47.005432,47.327
2018-10-15 23:00:00+00:00,45.317192,45.647
2018-10-16 00:00:00+00:00,44.75566,44.781998
2018-10-16 01:00:00+00:00,44.99126,44.971
2018-10-16 02:00:00+00:00,46.093067,46.225
2018-10-16 03:00:00+00:00,48.734615,49.912003
2018-10-16 04:00:00+00:00,56.213814,57.768
2018-10-16 05:00:00+00:00,61.823444,64.076996
2018-10-16 06:00:00+00:00,64.78451,65.645996
2018-10-16 07:00:00+00:00,64.43322,65.571
2018-10-16 08:00:00+00:00,64.99982,66.004
2018-10-16 09:00:00+00:00,64.94326,67.141
2018-10-16 10:00:00+00:00,64.87132,65.733
2018-10-16 11:00:00+00:00,62.961548,65.129
2018-10-16 12:00:00+00:00,62.290062,64.292
2018-10-16 13:00:00+00:00,61.853336,63.358
2018-10-16 14:00:00+00:00,61.453644,62.224003
2018-10-16 15:00:00+00:00,60.8708,62.653
2018-10-16 16:00:00+00:00,61.574024,64.696
2018-10-16 17:00:00+00:00,62.31676,66.1
2018-10-16 18:00:00+00:00,61.197006,62.653
2018-10-16 19:00:00+00:00,56.944588,58.332
2018-10-16 20:00:00+00:00,54.34109,54.423
2018-10-16 21:00:00+00:00,49.796417,50.461998
2018-10-16 22:00:00+00:00,47.24501,47.663002
2018-10-16 23:00:00+00:00,45.64339,45.858
2018-10-17 00:00:00+00:00,44.707973,44.862
2018-10-17 01:00:00+00:00,44.788273,45.367
2018-10-17 02:00:00+00:00,46.465614,46.807003
2018-10-17 03:00:00+00:00,49.43184,50.299
2018-10-17 04:00:00+00:00,56.31625,57.405003
2018-10-17 05:00:00+00:00,61.392094,63.803997
2018-10-17 06:00:00+00:00,64.64525,65.528
2018-10-17 07:00:00+00:00,64.32346,65.522995
2018-10-17 08:00:00+00:00,64.735504,65.762
2018-10-17 09:00:00+00:00,64.65792,67.451004
2018-10-17 10:00:00+00:00,65.15818,66.645996
2018-10-17 11:00:00+00:00,63.799496,65.843
2018-10-17 12:00:00+00:00,62.865322,64.672
2018-10-17 13:00:00+00:00,62.069515,63.628998
2018-10-17 14:00:00+00:00,61.515995,62.05
2018-10-17 15:00:00+00:00,60.48179,62.116
2018-10-17 16:00:00+00:00,61.099136,64.587006
2018-10-17 17:00:00+00:00,62.572952,65.993004
2018-10-17 18:00:00+00:00,61.234367,62.300003
2018-10-17 19:00:00+00:00,56.72059,58.105003
2018-10-17 20:00:00+00:00,54.313522,54.056
2018-10-17 21:00:00+00:00,49.487293,50.326
2018-10-17 22:00:00+00:00,47.189198,47.511997
2018-10-17 23:00:00+00:00,45.490395,46.399002
2018-10-18 00:00:00+00:00,45.486946,45.42
2018-10-18 01:00:00+00:00,45.411354,45.869
2018-10-18 02:00:00+00:00,46.955696,47.246
2018-10-18 03:00:00+00:00,50.09549,51.024998
2018-10-18 04:00:00+00:00,56.92493,58.485
2018-10-18 05:00:00+00:00,62.192062,64.346
2018-10-18 06:00:00+00:00,64.84476,66.355
2018-10-18 07:00:00+00:00,65.03882,66.702995
2018-10-18 08:00:00+00:00,65.75933,67.715996
2018-10-18 09:00:00+00:00,66.21746,68.939
2018-10-18 10:00:00+00:00,66.35185,68.389
2018-10-18 11:00:00+00:00,65.36045,67.374
2018-10-18 12:00:00+00:00,64.30395,65.716
2018-10-18 13:00:00+00:00,62.94929,64.65
2018-10-18 14:00:00+00:00,62.443394,63.161003
2018-10-18 15:00:00+00:00,61.70032,63.433
2018-10-18 16:00:00+00:00,62.48844,65.628
2018-10-18 17:00:00+00:00,63.518574,66.525
2018-10-18 18:00:00+00:00,61.703957,62.975
2018-10-18 19:00:00+00:00,57.4777,58.683002
2018-10-18 20:00:00+00:00,54.763664,54.961998
2018-10-18 21:00:00+00:00,50.257343,51.145996
2018-10-18 22:00:00+00:00,47.74833,48.034
2018-10-18 23:00:00+00:00,45.92131,46.641
2018-10-19 00:00:00+00:00,45.561916,45.729
2018-10-19 01:00:00+00:00,45.693863,46.157
2018-10-19 02:00:00+00:00,47.202126,47.549004
2018-10-19 03:00:00+00:00,50.232475,50.990997
2018-10-19 04:00:00+00:00,56.897755,58.476
2018-10-19 05:00:00+00:00,62.31473,64.675
2018-10-19 06:00:00+00:00,65.23087,66.431
2018-10-19 07:00:00+00:00,65.046555,66.261
2018-10-19 08:00:00+00:00,65.44244,66.558
2018-10-19 09:00:00+00:00,65.376656,67.104
2018-10-19 10:00:00+00:00,64.8314,65.837
2018-10-19 11:00:00+00:00,63.095917,63.620003
2018-10-19 12:00:00+00:00,60.82657,61.919003
2018-10-19 13:00:00+00:00,59.6521,61.115
2018-10-19 14:00:00+00:00,60.101147,60.59
2018-10-19 15:00:00+00:00,60.405098,60.941998
2018-10-19 16:00:00+00:00,60.428116,62.804
2018-10-19 17:00:00+00:00,60.77857,63.449
2018-10-19 18:00:00+00:00,59.02638,59.8
2018-10-19 19:00:00+00:00,54.960712,55.612003
2018-10-19 20:00:00+00:00,51.838722,52.903
2018-10-19 21:00:00+00:00,48.70921,49.661
2018-10-19 22:00:00+00:00,46.49124,46.881
2018-10-19 23:00:00+00:00,44.866608,45.114
2018-10-20 00:00:00+00:00,43.9733,44.484
2018-10-20 01:00:00+00:00,44.285603,44.288002
2018-10-20 02:00:00+00:00,44.345974,44.295998
2018-10-20 03:00:00+00:00,44.33786,44.946
2018-10-20 04:00:00+00:00,46.638386,46.652
2018-10-20 05:00:00+00:00,49.180656,50.117
2018-10-20 06:00:00+00:00,52.693417,53.12
2018-10-20 07:00:00+00:00,54.354214,55.656002
2018-10-20 08:00:00+00:00,55.538803,56.343
2018-10-20 09:00:00+00:00,54.89723,56.627003
2018-10-20 10:00:00+00:00,54.759773,56.83
2018-10-20 11:00:00+00:00,55.246876,55.128002
2018-10-20 12:00:00+00:00,53.227703,52.898
2018-10-20 13:00:00+00:00,51.345097,52.526
2018-10-20 14:00:00+00:00,52.920265,52.163
2018-10-20 15:00:00+00:00,52.6517,53.288002
2018-10-20 16:00:00+00:00,54.21013,55.829998
2018-10-20 17:00:00+00:00,55.38391,56.264
2018-10-20 18:00:00+00:00,53.67932,52.977997
2018-10-20 19:00:00+00:00,50.07295,50.114002
2018-10-20 20:00:00+00:00,47.465572,48.452
2018-10-20 21:00:00+00:00,45.152985,45.317997
2018-10-20 22:00:00+00:00,42.599384,42.762
2018-10-20 23:00:00+00:00,41.06214,40.902
2018-10-21 00:00:00+00:00,39.902805,40.032
2018-10-21 01:00:00+00:00,39.771038,40.045998
2018-10-21 02:00:00+00:00,40.23564,40.192
2018-10-21 03:00:00+00:00,40.507927,40.466
2018-10-21 04:00:00+00:00,41.45555,41.145
2018-10-21 05:00:00+00:00,43.72408,43.072002
2018-10-21 06:00:00+00:00,45.700607,46.233
2018-10-21 07:00:00+00:00,48.509743,48.682
2018-10-21 08:00:00+00:00,49.912067,50.799
2018-10-21 09:00:00+00:00,50.670956,53.255997
2018-10-21 10:00:00+00:00,52.52313,52.49
2018-10-21 11:00:00+00:00,50.2074,49.746998
2018-10-21 12:00:00+00:00,47.3303,48.446
2018-10-21 13:00:00+00:00,47.369064,47.739998
2018-10-21 14:00:00+00:00,47.904285,48.148
2018-10-21 15:00:00+00:00,49.543087,50.367
2018-10-21 16:00:00+00:00,51.7911,53.935
2018-10-21 17:00:00+00:00,53.79619,55.486004
2018-10-21 18:00:00+00:00,53.059025,53.304996
2018-10-21 19:00:00+00:00,50.607975,51.472
2018-10-21 20:00:00+00:00,49.50988,50.442997
2018-10-21 21:00:00+00:00,47.24451,47.735
2018-10-21 22:00:00+00:00,44.843636,44.861
2018-10-21 23:00:00+00:00,43.041527,43.841
2018-10-22 00:00:00+00:00,43.371716,43.202
2018-10-22 01:00:00+00:00,43.50126,43.777
2018-10-22 02:00:00+00:00,45.208927,45.762
2018-10-22 03:00:00+00:00,50.152805,50.257
2018-10-22 04:00:00+00:00,56.982117,59.665
2018-10-22 05:00:00+00:00,63.128704,66.542
2018-10-22 06:00:00+00:00,66.22492,68.384
2018-10-22 07:00:00+00:00,66.537704,68.842
2018-10-22 08:00:00+00:00,67.98448,69.591
2018-10-22 09:00:00+00:00,68.168686,70.599
2018-10-22 10:00:00+00:00,67.93396,69.854996
2018-10-22 11:00:00+00:00,66.92428,69.223
2018-10-22 12:00:00+00:00,66.1557,67.593
2018-10-22 13:00:00+00:00,64.85092,67.159996
2018-10-22 14:00:00+00:00,65.098305,65.558
2018-10-22 15:00:00+00:00,64.199394,66.009
2018-10-22 16:00:00+00:00,64.96413,68.136
2018-10-22 17:00:00+00:00,65.658295,68.225
2018-10-22 18:00:00+00:00,63.02535,64.682
2018-10-22 19:00:00+00:00,59.084724,61.096996
2018-10-22 20:00:00+00:00,57.021458,57.499
2018-10-22 21:00:00+00:00,52.23372,53.403
2018-10-22 22:00:00+00:00,49.55549,50.522003
2018-10-22 23:00:00+00:00,47.97715,48.819996
2018-10-23 00:00:00+00:00,47.26724,48.024002
2018-10-23 01:00:00+00:00,47.817234,48.787
2018-10-23 02:00:00+00:00,49.916153,50.49
2018-10-23 03:00:00+00:00,53.583233,54.049
2018-10-23 04:00:00+00:00,59.997128,62.451
2018-10-23 05:00:00+00:00,65.68439,69.524
2018-10-23 06:00:00+00:00,68.561905,71.032
2018-10-23 07:00:00+00:00,68.363945,71.659004
2018-10-23 08:00:00+00:00,69.77787,72.486
2018-10-23 09:00:00+00:00,70.21473,73.65
2018-10-23 10:00:00+00:00,70.064804,73.19
2018-10-23 11:00:00+00:00,69.55916,71.786
2018-10-23 12:00:00+00:00,68.428154,71.130005
2018-10-23 13:00:00+00:00,68.17519,69.82
2018-10-23 14:00:00+00:00,67.76186,68.478
2018-10-23 15:00:00+00:00,67.22846,69.151
2018-10-23 16:00:00+00:00,68.170395,71.747
2018-10-23 17:00:00+00:00,68.53507,71.26
2018-10-23 18:00:00+00:00,65.24579,66.393
2018-10-23 19:00:00+00:00,60.48869,62.892
2018-10-23 20:00:00+00:00,58.919624,59.822998
2018-10-23 21:00:00+00:00,54.421814,55.336002
2018-10-23 22:00:00+00:00,51.250553,50.887997
2018-10-23 23:00:00+00:00,48.54168,49.363
2018-10-24 00:00:00+00:00,47.947174,48.128998
2018-10-24 01:00:00+00:00,47.510544,48.529
2018-10-24 02:00:00+00:00,49.377285,50.448
2018-10-24 03:00:00+00:00,52.5559,54.167
2018-10-24 04:00:00+00:00,60.54597,62.305
2018-10-24 05:00:00+00:00,65.8714,68.679
2018-10-24 06:00:00+00:00,68.29911,70.791
2018-10-24 07:00:00+00:00,68.55579,70.442
2018-10-24 08:00:00+00:00,68.99436,71.072
2018-10-24 09:00:00+00:00,69.31174,72.729996
2018-10-24 10:00:00+00:00,69.70396,72.389
2018-10-24 11:00:00+00:00,68.95017,71.256004
2018-10-24 12:00:00+00:00,67.94031,70.019005
2018-10-24 13:00:00+00:00,67.32561,68.269
2018-10-24 14:00:00+00:00,66.42328,66.959
2018-10-24 15:00:00+00:00,66.08285,66.636
2018-10-24 16:00:00+00:00,66.2374,68.966
2018-10-24 17:00:00+00:00,67.037476,68.502
2018-10-24 18:00:00+00:00,63.729656,64.778
2018-10-24 19:00:00+00:00,59.561966,61.415
2018-10-24 20:00:00+00:00,57.67139,57.761
2018-10-24 21:00:00+00:00,52.649647,53.718
2018-10-24 22:00:00+00:00,50.055992,50.36
2018-10-24 23:00:00+00:00,47.99753,48.378002
2018-10-25 00:00:00+00:00,46.83136,47.517002
2018-10-25 01:00:00+00:00,47.122322,48.368004
2018-10-25 02:00:00+00:00,49.243076,49.510998
2018-10-25 03:00:00+00:00,51.235542,53.273
2018-10-25 04:00:00+00:00,59.014717,61.302998
2018-10-25 05:00:00+00:00,64.646065,67.782
2018-10-25 06:00:00+00:00,67.29758,70.084
2018-10-25 07:00:00+00:00,67.73169,70.39
2018-10-25 08:00:00+00:00,68.630394,71.153
2018-10-25 09:00:00+00:00,69.01957,72.392
2018-10-25 10:00:00+00:00,69.19033,71.302
2018-10-25 11:00:00+00:00,67.93147,70.757996
2018-10-25 12:00:00+00:00,67.4263,69.459
2018-10-25 13:00:00+00:00,66.66068,68.116
2018-10-25 14:00:00+00:00,65.90704,66.493004
2018-10-25 15:00:00+00:00,65.19503,66.884
2018-10-25 16:00:00+00:00,66.15466,68.47401
2018-10-25 17:00:00+00:00,66.18874,68.845
2018-10-25 18:00:00+00:00,63.888565,64.685005
2018-10-25 19:00:00+00:00,59.155388,60.181
2018-10-25 20:00:00+00:00,56.358932,56.655003
2018-10-25 21:00:00+00:00,51.85153,52.593002
2018-10-25 22:00:00+00:00,49.003056,49.246002
2018-10-25 23:00:00+00:00,47.082188,47.346996
2018-10-26 00:00:00+00:00,45.98517,46.322002
2018-10-26 01:00:00+00:00,46.140793,46.985
2018-10-26 02:00:00+00:00,48.054905,48.308
2018-10-26 03:00:00+00:00,50.495525,52.194004
2018-10-26 04:00:00+00:00,58.320522,59.883003
2018-10-26 05:00:00+00:00,63.60095,65.96
2018-10-26 06:00:00+00:00,66.15386,68.209
2018-10-26 07:00:00+00:00,66.5706,68.738
2018-10-26 08:00:00+00:00,67.464935,69.255
2018-10-26 09:00:00+00:00,67.52867,69.576004
2018-10-26 10:00:00+00:00,66.96546,69.273
2018-10-26 11:00:00+00:00,66.320526,68.348
2018-10-26 12:00:00+00:00,65.32498,66.47
2018-10-26 13:00:00+00:00,63.739956,65.36
2018-10-26 14:00:00+00:00,63.410618,64.132
2018-10-26 15:00:00+00:00,63.16616,64.728
2018-10-26 16:00:00+00:00,64.06748,66.953
2018-10-26 17:00:00+00:00,64.70461,66.46001
2018-10-26 18:00:00+00:00,61.48656,62.663
2018-10-26 19:00:00+00:00,57.594933,58.935
2018-10-26 20:00:00+00:00,55.18382,54.992004
2018-10-26 21:00:00+00:00,50.20033,50.986
2018-10-26 22:00:00+00:00,47.732838,48.153
2018-10-26 23:00:00+00:00,46.059853,46.242996
2018-10-27 00:00:00+00:00,44.99973,44.732002
2018-10-27 01:00:00+00:00,44.296444,45.028
2018-10-27 02:00:00+00:00,45.810875,45.88
2018-10-27 03:00:00+00:00,47.13459,45.419003
2018-10-27 04:00:00+00:00,46.60397,47.842003
2018-10-27 05:00:00+00:00,51.38589,51.204
2018-10-27 06:00:00+00:00,53.975945,55.038
2018-10-27 07:00:00+00:00,56.59583,57.681
2018-10-27 08:00:00+00:00,57.682446,58.752003
2018-10-27 09:00:00+00:00,57.35141,59.334
2018-10-27 10:00:00+00:00,57.356712,58.954998
2018-10-27 11:00:00+00:00,56.702137,57.084
2018-10-27 12:00:00+00:00,54.838688,55.035
2018-10-27 13:00:00+00:00,53.35248,53.800003
2018-10-27 14:00:00+00:00,53.334103,53.389004
2018-10-27 15:00:00+00:00,54.13651,54.659
2018-10-27 16:00:00+00:00,55.93399,57.754997
2018-10-27 17:00:00+00:00,57.32784,56.999
2018-10-27 18:00:00+00:00,53.860832,53.951
2018-10-27 19:00:00+00:00,50.890312,51.673
2018-10-27 20:00:00+00:00,49.420437,50.015
2018-10-27 21:00:00+00:00,46.59224,46.988
2018-10-27 22:00:00+00:00,43.799564,43.239
2018-10-27 23:00:00+00:00,41.238964,41.258
2018-10-28 00:00:00+00:00,40.05447,39.384
2018-10-28 01:00:00+00:00,38.69259,39.071
2018-10-28 02:00:00+00:00,39.057854,39.189
2018-10-28 03:00:00+00:00,39.060127,39.431
2018-10-28 04:00:00+00:00,39.62875,40.141003
2018-10-28 05:00:00+00:00,42.282166,41.064
2018-10-28 06:00:00+00:00,43.912067,43.765
2018-10-28 07:00:00+00:00,46.10046,47.501
2018-10-28 08:00:00+00:00,49.37726,50.252003
2018-10-28 09:00:00+00:00,50.796837,51.865
2018-10-28 10:00:00+00:00,50.774864,54.257004
2018-10-28 11:00:00+00:00,52.975155,53.770004
2018-10-28 12:00:00+00:00,51.308914,52.173996
2018-10-28 13:00:00+00:00,49.6901,51.253002
2018-10-28 14:00:00+00:00,50.003944,51.153
2018-10-28 15:00:00+00:00,51.017563,52.167004
2018-10-28 16:00:00+00:00,52.696438,56.896
2018-10-28 17:00:00+00:00,56.672485,58.35
2018-10-28 18:00:00+00:00,55.12885,56.355
2018-10-28 19:00:00+00:00,52.70963,53.137997
2018-10-28 20:00:00+00:00,50.835754,51.18
2018-10-28 21:00:00+00:00,48.13622,51.008
2018-10-28 22:00:00+00:00,47.52588,48.054996
2018-10-28 23:00:00+00:00,45.216213,45.456
2018-10-29 00:00:00+00:00,44.347263,45.138
2018-10-29 01:00:00+00:00,45.36098,44.047
2018-10-29 02:00:00+00:00,44.699024,44.689
2018-10-29 03:00:00+00:00,46.578114,46.223
2018-10-29 04:00:00+00:00,50.40875,51.08
2018-10-29 05:00:00+00:00,57.700314,60.906002
2018-10-29 06:00:00+00:00,64.107704,67.014
2018-10-29 07:00:00+00:00,66.35021,69.739
2018-10-29 08:00:00+00:00,67.58304,70.303
2018-10-29 09:00:00+00:00,68.950905,70.951004
2018-10-29 10:00:00+00:00,68.89769,72.527
2018-10-29 11:00:00+00:00,69.42164,71.81
2018-10-29 12:00:00+00:00,68.4907,71.155
2018-10-29 13:00:00+00:00,67.65334,70.177
2018-10-29 14:00:00+00:00,67.154396,69.617
2018-10-29 15:00:00+00:00,67.139,68.898
2018-10-29 16:00:00+00:00,67.10864,71.38
2018-10-29 17:00:00+00:00,69.23299,71.662994
2018-10-29 18:00:00+00:00,67.34712,70.027
2018-10-29 19:00:00+00:00,64.31069,65.932
2018-10-29 20:00:00+00:00,60.767353,61.036003
2018-10-29 21:00:00+00:00,56.89304,57.853
2018-10-29 22:00:00+00:00,53.12179,53.395
2018-10-29 23:00:00+00:00,49.594166,51.344997
2018-10-30 00:00:00+00:00,49.08677,49.718002
2018-10-30 01:00:00+00:00,48.041656,48.664997
2018-10-30 02:00:00+00:00,48.483826,49.547997
2018-10-30 03:00:00+00:00,50.99012,51.457
2018-10-30 04:00:00+00:00,54.991005,54.419
2018-10-30 05:00:00+00:00,60.422035,61.629
2018-10-30 06:00:00+00:00,65.40576,67.043
2018-10-30 07:00:00+00:00,67.422066,69.21
2018-10-30 08:00:00+00:00,67.73597,69.226
2018-10-30 09:00:00+00:00,68.13661,70.075005
2018-10-30 10:00:00+00:00,68.45338,71.133
2018-10-30 11:00:00+00:00,68.484055,70.59
2018-10-30 12:00:00+00:00,67.59291,69.916
2018-10-30 13:00:00+00:00,67.01426,68.387
2018-10-30 14:00:00+00:00,66.023544,68.366005
2018-10-30 15:00:00+00:00,66.80804,68.435005
2018-10-30 16:00:00+00:00,67.37915,71.576
2018-10-30 17:00:00+00:00,69.24034,71.451
2018-10-30 18:00:00+00:00,66.65994,69.188
2018-10-30 19:00:00+00:00,63.619015,64.65
2018-10-30 20:00:00+00:00,60.187424,60.634
2018-10-30 21:00:00+00:00,57.04112,57.204
2018-10-30 22:00:00+00:00,52.87621,53.732998
2018-10-30 23:00:00+00:00,50.316624,51.913
2018-10-31 00:00:00+00:00,49.627045,49.923
2018-10-31 01:00:00+00:00,48.07413,48.841
2018-10-31 02:00:00+00:00,48.279755,48.725002
2018-10-31 03:00:00+00:00,49.04219,49.881
2018-10-31 04:00:00+00:00,51.04568,52.256
2018-10-31 05:00:00+00:00,57.32453,57.816
2018-10-31 06:00:00+00:00,61.83062,61.957
2018-10-31 07:00:00+00:00,63.537994,64.414
2018-10-31 08:00:00+00:00,64.06093,64.428
2018-10-31 09:00:00+00:00,63.74188,64.73
2018-10-31 10:00:00+00:00,63.49713,65.888
2018-10-31 11:00:00+00:00,63.939915,65.04
2018-10-31 12:00:00+00:00,62.530712,63.669
2018-10-31 13:00:00+00:00,61.103607,62.259
2018-10-31 14:00:00+00:00,60.163036,61.511
2018-10-31 15:00:00+00:00,60.19332,61.851997
2018-10-31 16:00:00+00:00,61.32814,64.752
2018-10-31 17:00:00+00:00,63.75124,64.666
2018-10-31 18:00:00+00:00,61.13111,63.07
2018-10-31 19:00:00+00:00,58.740288,59.672
2018-10-31 20:00:00+00:00,56.087124,56.635002
2018-10-31 21:00:00+00:00,53.37505,53.311
2018-10-31 22:00:00+00:00,49.39663,49.765003
2018-10-31 23:00:00+00:00,47.00608,46.561
2018-11-01 00:00:00+00:00,44.469387,44.567
2018-11-01 01:00:00+00:00,43.021767,43.684
2018-11-01 02:00:00+00:00,42.845215,44.006
2018-11-01 03:00:00+00:00,43.997566,44.911
2018-11-01 04:00:00+00:00,45.639492,46.42
2018-11-01 05:00:00+00:00,49.807446,49.536003
2018-11-01 06:00:00+00:00,53.073994,52.507
2018-11-01 07:00:00+00:00,54.6662,54.19
2018-11-01 08:00:00+00:00,54.703876,56.545
2018-11-01 09:00:00+00:00,56.33423,57.142998
2018-11-01 10:00:00+00:00,55.663845,58.716
2018-11-01 11:00:00+00:00,57.437164,59.096
2018-11-01 12:00:00+00:00,57.489147,57.327
2018-11-01 13:00:00+00:00,55.15221,55.933
2018-11-01 14:00:00+00:00,54.62244,56.323
2018-11-01 15:00:00+00:00,56.524364,56.924
2018-11-01 16:00:00+00:00,56.897957,60.306004
2018-11-01 17:00:00+00:00,59.49887,61.968002
2018-11-01 18:00:00+00:00,58.392235,60.641
2018-11-01 19:00:00+00:00,56.015366,57.09
2018-11-01 20:00:00+00:00,53.579746,54.404
2018-11-01 21:00:00+00:00,51.04434,51.873
2018-11-01 22:00:00+00:00,48.117153,48.135002
2018-11-01 23:00:00+00:00,45.48081,44.990997
2018-11-02 00:00:00+00:00,43.315098,43.451
2018-11-02 01:00:00+00:00,42.60935,42.612003
2018-11-02 02:00:00+00:00,42.56301,43.349
2018-11-02 03:00:00+00:00,44.511982,45.307
2018-11-02 04:00:00+00:00,49.038036,48.911
2018-11-02 05:00:00+00:00,55.243362,55.983
2018-11-02 06:00:00+00:00,60.12853,60.817
2018-11-02 07:00:00+00:00,62.13184,63.009
2018-11-02 08:00:00+00:00,62.55182,63.871002
2018-11-02 09:00:00+00:00,63.398453,64.603
2018-11-02 10:00:00+00:00,63.32693,64.6
2018-11-02 11:00:00+00:00,62.475452,64.479004
2018-11-02 12:00:00+00:00,61.958622,62.891
2018-11-02 13:00:00+00:00,60.191628,61.395004
2018-11-02 14:00:00+00:00,58.9421,60.349
2018-11-02 15:00:00+00:00,58.817677,60.512005
2018-11-02 16:00:00+00:00,59.88808,64.248
2018-11-02 17:00:00+00:00,63.200222,64.255005
2018-11-02 18:00:00+00:00,60.277573,62.318
2018-11-02 19:00:00+00:00,57.48498,58.527
2018-11-02 20:00:00+00:00,54.67912,55.16
2018-11-02 21:00:00+00:00,51.425156,52.701
2018-11-02 22:00:00+00:00,48.604946,49.006
2018-11-02 23:00:00+00:00,46.011,46.599
2018-11-03 00:00:00+00:00,44.83607,44.824997
2018-11-03 01:00:00+00:00,43.81065,43.776
2018-11-03 02:00:00+00:00,43.65193,43.777
2018-11-03 03:00:00+00:00,44.289944,44.401
2018-11-03 04:00:00+00:00,45.455727,45.036
2018-11-03 05:00:00+00:00,47.51866,46.47
2018-11-03 06:00:00+00:00,49.38873,48.969997
2018-11-03 07:00:00+00:00,51.349033,52.177002
2018-11-03 08:00:00+00:00,53.733665,54.689
2018-11-03 09:00:00+00:00,54.893192,55.959
2018-11-03 10:00:00+00:00,54.885128,56.668
2018-11-03 11:00:00+00:00,55.022305,55.935
2018-11-03 12:00:00+00:00,53.996925,54.039997
2018-11-03 13:00:00+00:00,51.972168,53.078
2018-11-03 14:00:00+00:00,52.24919,52.575
2018-11-03 15:00:00+00:00,52.806908,53.711002
2018-11-03 16:00:00+00:00,55.199905,57.764
2018-11-03 17:00:00+00:00,58.316986,58.637997
2018-11-03 18:00:00+00:00,55.90409,56.622
2018-11-03 19:00:00+00:00,53.184776,53.031
2018-11-03 20:00:00+00:00,50.581856,50.636
2018-11-03 21:00:00+00:00,48.18158,49.031
2018-11-03 22:00:00+00:00,45.919926,45.916
2018-11-03 23:00:00+00:00,43.246754,42.615
2018-11-04 00:00:00+00:00,41.00578,40.797
2018-11-04 01:00:00+00:00,39.868484,39.71
2018-11-04 02:00:00+00:00,39.30084,39.653
2018-11-04 03:00:00+00:00,39.877815,39.94
2018-11-04 04:00:00+00:00,40.258232,40.15
2018-11-04 05:00:00+00:00,40.824276,40.118
2018-11-04 06:00:00+00:00,42.323055,42.527
2018-11-04 07:00:00+00:00,45.35625,45.692
2018-11-04 08:00:00+00:00,48.099243,48.850002
2018-11-04 09:00:00+00:00,50.52327,51.154003
2018-11-04 10:00:00+00:00,51.212006,52.989002
2018-11-04 11:00:00+00:00,51.92841,52.251
2018-11-04 12:00:00+00:00,49.936275,50.179
2018-11-04 13:00:00+00:00,47.776634,48.755
2018-11-04 14:00:00+00:00,47.39063,48.304
2018-11-04 15:00:00+00:00,48.502075,49.5
2018-11-04 16:00:00+00:00,51.08476,53.628998
2018-11-04 17:00:00+00:00,55.146645,54.771004
2018-11-04 18:00:00+00:00,53.22515,53.540997
2018-11-04 19:00:00+00:00,50.993458,51.031002
2018-11-04 20:00:00+00:00,48.939823,49.190998
2018-11-04 21:00:00+00:00,47.36453,48.900997
2018-11-04 22:00:00+00:00,46.249878,45.818
2018-11-04 23:00:00+00:00,42.850403,43.482
2018-11-05 00:00:00+00:00,41.73854,42.072998
2018-11-05 01:00:00+00:00,41.19863,41.762
2018-11-05 02:00:00+00:00,42.06278,42.418
2018-11-05 03:00:00+00:00,43.697388,44.304
2018-11-05 04:00:00+00:00,48.6938,49.079002
2018-11-05 05:00:00+00:00,56.020172,58.551
2018-11-05 06:00:00+00:00,62.143288,64.034004
2018-11-05 07:00:00+00:00,64.28788,66.862
2018-11-05 08:00:00+00:00,65.69858,67.9
2018-11-05 09:00:00+00:00,67.24688,68.605
2018-11-05 10:00:00+00:00,67.046936,68.731995
2018-11-05 11:00:00+00:00,66.412674,67.64
2018-11-05 12:00:00+00:00,65.008415,67.655
2018-11-05 13:00:00+00:00,64.71172,66.426
2018-11-05 14:00:00+00:00,63.702747,65.622
2018-11-05 15:00:00+00:00,63.354126,65.503
2018-11-05 16:00:00+00:00,64.15014,69.159
2018-11-05 17:00:00+00:00,67.26367,69.023
2018-11-05 18:00:00+00:00,64.38543,67.743
2018-11-05 19:00:00+00:00,62.03923,64.174
2018-11-05 20:00:00+00:00,58.96836,60.677002
2018-11-05 21:00:00+00:00,56.353123,56.763
2018-11-05 22:00:00+00:00,51.634712,52.315002
2018-11-05 23:00:00+00:00,48.686733,50.162
2018-11-06 00:00:00+00:00,47.7649,47.906998
2018-11-06 01:00:00+00:00,46.227375,47.481
2018-11-06 02:00:00+00:00,47.65679,47.902996
2018-11-06 03:00:00+00:00,49.11671,49.637
2018-11-06 04:00:00+00:00,52.820457,53.217003
2018-11-06 05:00:00+00:00,59.67177,60.87
2018-11-06 06:00:00+00:00,64.66628,65.217995
2018-11-06 07:00:00+00:00,65.841965,67.02
2018-11-06 08:00:00+00:00,66.287254,67.262
2018-11-06 09:00:00+00:00,66.837975,67.538
2018-11-06 10:00:00+00:00,66.26818,68.368
2018-11-06 11:00:00+00:00,66.22213,67.134
2018-11-06 12:00:00+00:00,64.63586,66.681
2018-11-06 13:00:00+00:00,64.102486,66.296005
2018-11-06 14:00:00+00:00,64.32767,65.639
2018-11-06 15:00:00+00:00,64.19221,65.385
2018-11-06 16:00:00+00:00,64.30128,69.143005
2018-11-06 17:00:00+00:00,67.424,69.664
2018-11-06 18:00:00+00:00,65.00513,68.174
2018-11-06 19:00:00+00:00,62.34841,64.927
2018-11-06 20:00:00+00:00,60.08046,61.276
2018-11-06 21:00:00+00:00,57.280567,57.891003
2018-11-06 22:00:00+00:00,53.335907,53.534004
2018-11-06 23:00:00+00:00,49.934246,50.407997
2018-11-07 00:00:00+00:00,48.017574,48.271
2018-11-07 01:00:00+00:00,46.474487,46.648
2018-11-07 02:00:00+00:00,45.780556,47.137997
2018-11-07 03:00:00+00:00,47.63919,49.102
2018-11-07 04:00:00+00:00,50.721752,53.684002
2018-11-07 05:00:00+00:00,59.91662,62.642002
2018-11-07 06:00:00+00:00,65.55077,67.641
2018-11-07 07:00:00+00:00,66.87014,69.282
2018-11-07 08:00:00+00:00,67.40771,68.706
2018-11-07 09:00:00+00:00,67.8323,68.566
2018-11-07 10:00:00+00:00,67.067474,68.747
2018-11-07 11:00:00+00:00,66.448494,68.284
2018-11-07 12:00:00+00:00,65.58735,67.46
2018-11-07 13:00:00+00:00,64.69484,66.805
2018-11-07 14:00:00+00:00,64.55398,66.637
2018-11-07 15:00:00+00:00,65.39861,67.4
2018-11-07 16:00:00+00:00,66.39578,71.054
2018-11-07 17:00:00+00:00,68.432625,71.215
2018-11-07 18:00:00+00:00,65.653404,69.421005
2018-11-07 19:00:00+00:00,63.08149,65.576996
2018-11-07 20:00:00+00:00,60.223415,61.932
2018-11-07 21:00:00+00:00,57.604107,57.952
2018-11-07 22:00:00+00:00,52.991264,53.486996
2018-11-07 23:00:00+00:00,49.890156,50.127
2018-11-08 00:00:00+00:00,47.806423,48.271
2018-11-08 01:00:00+00:00,46.650726,47.313004
2018-11-08 02:00:00+00:00,46.93575,47.859
2018-11-08 03:00:00+00:00,48.774036,49.676003
2018-11-08 04:00:00+00:00,51.939884,53.405
2018-11-08 05:00:00+00:00,59.701702,61.627
2018-11-08 06:00:00+00:00,65.16315,66.399
2018-11-08 07:00:00+00:00,66.48589,68.173
2018-11-08 08:00:00+00:00,66.84764,68.118004
2018-11-08 09:00:00+00:00,67.43606,68.504005
2018-11-08 10:00:00+00:00,67.0577,69.238
2018-11-08 11:00:00+00:00,66.874374,68.601
2018-11-08 12:00:00+00:00,65.88773,68.174
2018-11-08 13:00:00+00:00,65.37308,67.144005
2018-11-08 14:00:00+00:00,64.80104,66.524
2018-11-08 15:00:00+00:00,64.89864,66.426
2018-11-08 16:00:00+00:00,65.40201,69.22
2018-11-08 17:00:00+00:00,67.49103,69.307
2018-11-08 18:00:00+00:00,65.0145,67.976
2018-11-08 19:00:00+00:00,62.572342,64.111
2018-11-08 20:00:00+00:00,59.298096,60.630005
2018-11-08 21:00:00+00:00,56.850506,57.081
2018-11-08 22:00:00+00:00,52.338596,52.972
2018-11-08 23:00:00+00:00,49.443817,49.767002
2018-11-09 00:00:00+00:00,47.46908,47.956
2018-11-09 01:00:00+00:00,46.397106,47.139
2018-11-09 02:00:00+00:00,46.76829,47.921
2018-11-09 03:00:00+00:00,48.799484,49.676003
2018-11-09 04:00:00+00:00,52.39024,53.732
2018-11-09 05:00:00+00:00,59.55059,61.041004
2018-11-09 06:00:00+00:00,64.33384,66.269005
2018-11-09 07:00:00+00:00,66.27261,68.369
2018-11-09 08:00:00+00:00,66.845375,68.940994
2018-11-09 09:00:00+00:00,67.64275,69.577
2018-11-09 10:00:00+00:00,67.69037,69.522
2018-11-09 11:00:00+00:00,66.910965,68.344
2018-11-09 12:00:00+00:00,65.52002,67.211
2018-11-09 13:00:00+00:00,64.42509,65.829
2018-11-09 14:00:00+00:00,63.507156,65.050995
2018-11-09 15:00:00+00:00,63.68288,65.385
2018-11-09 16:00:00+00:00,64.9185,68.027
2018-11-09 17:00:00+00:00,66.67325,67.732
2018-11-09 18:00:00+00:00,63.62018,65.849
2018-11-09 19:00:00+00:00,60.885452,62.211
2018-11-09 20:00:00+00:00,57.826588,59.496
2018-11-09 21:00:00+00:00,55.616737,56.709
2018-11-09 22:00:00+00:00,51.96266,52.335
2018-11-09 23:00:00+00:00,48.731197,48.881
2018-11-10 00:00:00+00:00,46.779263,46.318996
2018-11-10 01:00:00+00:00,44.900387,45.037
2018-11-10 02:00:00+00:00,44.47623,44.823
2018-11-10 03:00:00+00:00,44.981483,45.011
2018-11-10 04:00:00+00:00,45.243282,45.934
2018-11-10 05:00:00+00:00,47.560078,47.941998
2018-11-10 06:00:00+00:00,51.31595,51.084
2018-11-10 07:00:00+00:00,53.870384,55.260002
2018-11-10 08:00:00+00:00,56.91772,58.664997
2018-11-10 09:00:00+00:00,58.62413,60.572002
2018-11-10 10:00:00+00:00,59.107147,60.769997
2018-11-10 11:00:00+00:00,58.583546,59.669003
2018-11-10 12:00:00+00:00,57.08701,58.008
2018-11-10 13:00:00+00:00,55.547993,56.021
2018-11-10 14:00:00+00:00,54.135914,55.611
2018-11-10 15:00:00+00:00,55.559486,57.064
2018-11-10 16:00:00+00:00,58.21213,61.257004
2018-11-10 17:00:00+00:00,61.231598,61.225
2018-11-10 18:00:00+00:00,57.743595,58.961998
2018-11-10 19:00:00+00:00,54.94996,55.05
2018-11-10 20:00:00+00:00,52.142715,51.815
2018-11-10 21:00:00+00:00,49.53141,50.154
2018-11-10 22:00:00+00:00,47.037804,46.300003
2018-11-10 23:00:00+00:00,43.322197,42.849
2018-11-11 00:00:00+00:00,41.224968,40.319
2018-11-11 01:00:00+00:00,39.290104,39.206
2018-11-11 02:00:00+00:00,38.87286,39.281
2018-11-11 03:00:00+00:00,39.66382,39.743
2018-11-11 04:00:00+00:00,40.356194,40.054
2018-11-11 05:00:00+00:00,40.930424,40.708
2018-11-11 06:00:00+00:00,43.24383,42.57
2018-11-11 07:00:00+00:00,45.434666,45.704
2018-11-11 08:00:00+00:00,48.05649,49.018
2018-11-11 09:00:00+00:00,50.627323,52.018
2018-11-11 10:00:00+00:00,52.277832,54.658
2018-11-11 11:00:00+00:00,53.722622,53.869
2018-11-11 12:00:00+00:00,51.44577,51.398
2018-11-11 13:00:00+00:00,48.63116,50.067
2018-11-11 14:00:00+00:00,48.359177,50.147
2018-11-11 15:00:00+00:00,50.34671,51.927
2018-11-11 16:00:00+00:00,53.60327,57.232002
2018-11-11 17:00:00+00:00,57.78551,57.989
2018-11-11 18:00:00+00:00,54.98506,56.549
2018-11-11 19:00:00+00:00,52.927948,53.801
2018-11-11 20:00:00+00:00,51.104435,52.033
2018-11-11 21:00:00+00:00,50.14302,51.697
2018-11-11 22:00:00+00:00,48.512245,47.982002
2018-11-11 23:00:00+00:00,44.60064,44.839
2018-11-12 00:00:00+00:00,42.927162,43.536
2018-11-12 01:00:00+00:00,42.60626,42.696
2018-11-12 02:00:00+00:00,42.838715,43.107
2018-11-12 03:00:00+00:00,44.545998,44.599003
2018-11-12 04:00:00+00:00,47.99505,49.383
2018-11-12 05:00:00+00:00,57.07193,58.705
2018-11-12 06:00:00+00:00,63.004738,64.576
2018-11-12 07:00:00+00:00,65.17171,66.912
2018-11-12 08:00:00+00:00,66.10275,67.305
2018-11-12 09:00:00+00:00,67.179886,68.158
2018-11-12 10:00:00+00:00,67.17164,68.895004
2018-11-12 11:00:00+00:00,66.81899,68.851
2018-11-12 12:00:00+00:00,66.22481,68.239
2018-11-12 13:00:00+00:00,65.34063,67.412
2018-11-12 14:00:00+00:00,64.69681,67.179
2018-11-12 15:00:00+00:00,65.145805,67.398
2018-11-12 16:00:00+00:00,65.91276,70.262
2018-11-12 17:00:00+00:00,68.03025,69.957
2018-11-12 18:00:00+00:00,65.472336,68.564
2018-11-12 19:00:00+00:00,63.15266,65.195
2018-11-12 20:00:00+00:00,60.153797,61.519
2018-11-12 21:00:00+00:00,57.302303,57.905
2018-11-12 22:00:00+00:00,52.806305,53.153004
2018-11-12 23:00:00+00:00,49.34393,49.5
2018-11-13 00:00:00+00:00,47.249367,47.318
2018-11-13 01:00:00+00:00,45.82266,46.224
2018-11-13 02:00:00+00:00,45.97177,46.764
2018-11-13 03:00:00+00:00,47.894047,48.507
2018-11-13 04:00:00+00:00,50.843704,52.645
2018-11-13 05:00:00+00:00,59.540886,61.16
2018-11-13 06:00:00+00:00,64.92622,66.658
2018-11-13 07:00:00+00:00,66.774376,69.015
2018-11-13 08:00:00+00:00,67.554695,69.537
2018-11-13 09:00:00+00:00,68.542015,70.789
2018-11-13 10:00:00+00:00,68.92027,71.818
2018-11-13 11:00:00+00:00,68.923134,70.375
2018-11-13 12:00:00+00:00,67.306694,70.088
2018-11-13 13:00:00+00:00,66.977104,69.451996
2018-11-13 14:00:00+00:00,66.78269,68.963
2018-11-13 15:00:00+00:00,66.80827,68.842
2018-11-13 16:00:00+00:00,67.38212,72.222
2018-11-13 17:00:00+00:00,69.875275,72.188
2018-11-13 18:00:00+00:00,67.316414,70.126
2018-11-13 19:00:00+00:00,64.191536,66.254005
2018-11-13 20:00:00+00:00,61.202744,62.149
2018-11-13 21:00:00+00:00,57.8841,58.785
2018-11-13 22:00:00+00:00,53.731636,54.295
2018-11-13 23:00:00+00:00,50.288197,50.373
2018-11-14 00:00:00+00:00,47.977146,49.052002
2018-11-14 01:00:00+00:00,47.555805,48.685
2018-11-14 02:00:00+00:00,48.41767,48.884
2018-11-14 03:00:00+00:00,49.803616,50.754
2018-11-14 04:00:00+00:00,53.566944,54.093002
2018-11-14 05:00:00+00:00,60.39146,62.081
2018-11-14 06:00:00+00:00,65.69396,67.849
2018-11-14 07:00:00+00:00,67.83164,69.484
2018-11-14 08:00:00+00:00,67.80756,69.269005
2018-11-14 09:00:00+00:00,68.34519,69.321
2018-11-14 10:00:00+00:00,68.009735,69.876
2018-11-14 11:00:00+00:00,67.53105,69.362
2018-11-14 12:00:00+00:00,66.68703,68.747
2018-11-14 13:00:00+00:00,66.080734,67.886
2018-11-14 14:00:00+00:00,65.73114,67.876
2018-11-14 15:00:00+00:00,66.65305,68.404
2018-11-14 16:00:00+00:00,67.41667,71.452
2018-11-14 17:00:00+00:00,68.93015,71.353
2018-11-14 18:00:00+00:00,66.2597,69.462
2018-11-14 19:00:00+00:00,63.64631,65.564
2018-11-14 20:00:00+00:00,60.64289,61.870003
2018-11-14 21:00:00+00:00,57.954823,58.613
2018-11-14 22:00:00+00:00,53.987617,54.439003
2018-11-14 23:00:00+00:00,50.711945,50.954
2018-11-15 00:00:00+00:00,48.518574,49.314
2018-11-15 01:00:00+00:00,47.6214,48.396
2018-11-15 02:00:00+00:00,47.75404,48.835003
2018-11-15 03:00:00+00:00,49.427025,50.436
2018-11-15 04:00:00+00:00,52.089397,53.993
2018-11-15 05:00:00+00:00,59.842773,61.742
2018-11-15 06:00:00+00:00,65.142685,67.484
2018-11-15 07:00:00+00:00,67.30607,69.158005
2018-11-15 08:00:00+00:00,67.30551,69.519005
2018-11-15 09:00:00+00:00,68.25182,70.417
2018-11-15 10:00:00+00:00,68.567345,70.936005
2018-11-15 11:00:00+00:00,68.09067,70.49
2018-11-15 12:00:00+00:00,67.44331,69.412
2018-11-15 13:00:00+00:00,66.47471,68.111
2018-11-15 14:00:00+00:00,65.5592,68.038
2018-11-15 15:00:00+00:00,66.44886,68.755005
2018-11-15 16:00:00+00:00,67.680115,71.797
2018-11-15 17:00:00+00:00,69.22724,71.741
2018-11-15 18:00:00+00:00,66.66036,69.996
2018-11-15 19:00:00+00:00,64.11691,66.595
2018-11-15 20:00:00+00:00,61.378174,62.988
2018-11-15 21:00:00+00:00,58.603012,59.895004
2018-11-15 22:00:00+00:00,54.925755,55.374
2018-11-15 23:00:00+00:00,51.2442,52.335
2018-11-16 00:00:00+00:00,49.61235,50.658997
2018-11-16 01:00:00+00:00,48.704906,49.962997
2018-11-16 02:00:00+00:00,49.330437,50.736
2018-11-16 03:00:00+00:00,51.574047,52.431
2018-11-16 04:00:00+00:00,54.62728,55.846
2018-11-16 05:00:00+00:00,61.697628,62.995
2018-11-16 06:00:00+00:00,66.27166,68.763
2018-11-16 07:00:00+00:00,68.455894,70.542
2018-11-16 08:00:00+00:00,68.57984,70.648
2018-11-16 09:00:00+00:00,69.13792,70.659
2018-11-16 10:00:00+00:00,68.93488,70.564
2018-11-16 11:00:00+00:00,68.08237,69.343
2018-11-16 12:00:00+00:00,66.74151,68.346
2018-11-16 13:00:00+00:00,65.90872,66.822
2018-11-16 14:00:00+00:00,65.07856,66.324
2018-11-16 15:00:00+00:00,65.762794,67.222
2018-11-16 16:00:00+00:00,67.33134,70.794
2018-11-16 17:00:00+00:00,68.92621,70.684
2018-11-16 18:00:00+00:00,65.64528,68.809
2018-11-16 19:00:00+00:00,63.14798,65.402
2018-11-16 20:00:00+00:00,60.645245,61.522
2018-11-16 21:00:00+00:00,57.324688,58.567
2018-11-16 22:00:00+00:00,54.45695,54.363003
2018-11-16 23:00:00+00:00,50.81025,50.406
2018-11-17 00:00:00+00:00,48.17995,47.947
2018-11-17 01:00:00+00:00,46.43554,47.582
2018-11-17 02:00:00+00:00,47.02985,47.195004
2018-11-17 03:00:00+00:00,47.066734,47.366
2018-11-17 04:00:00+00:00,47.586025,47.073997
2018-11-17 05:00:00+00:00,46.771446,48.804996
2018-11-17 06:00:00+00:00,51.617672,53.545
2018-11-17 07:00:00+00:00,56.570797,59.827
2018-11-17 08:00:00+00:00,61.29149,61.239
2018-11-17 09:00:00+00:00,59.880875,61.556
2018-11-17 10:00:00+00:00,59.909824,62.443
2018-11-17 11:00:00+00:00,60.720562,60.815998
2018-11-17 12:00:00+00:00,58.055202,59.272
2018-11-17 13:00:00+00:00,56.683136,58.266
2018-11-17 14:00:00+00:00,56.634804,58.688004
2018-11-17 15:00:00+00:00,58.51416,60.022
2018-11-17 16:00:00+00:00,60.08149,64.309006
2018-11-17 17:00:00+00:00,63.119034,64.136
2018-11-17 18:00:00+00:00,59.955536,62.003002
2018-11-17 19:00:00+00:00,57.345543,58.492
2018-11-17 20:00:00+00:00,54.952736,56.091003
2018-11-17 21:00:00+00:00,53.30747,54.267998
2018-11-17 22:00:00+00:00,50.591045,50.757
2018-11-17 23:00:00+00:00,47.1534,46.372997
2018-11-18 00:00:00+00:00,44.04702,43.823997
2018-11-18 01:00:00+00:00,42.33604,42.447
2018-11-18 02:00:00+00:00,41.578983,42.875
2018-11-18 03:00:00+00:00,43.49104,42.688
2018-11-18 04:00:00+00:00,43.08287,42.784
2018-11-18 05:00:00+00:00,43.38569,42.964
2018-11-18 06:00:00+00:00,44.674923,44.415
2018-11-18 07:00:00+00:00,47.18349,47.696
2018-11-18 08:00:00+00:00,50.26252,51.036003
2018-11-18 09:00:00+00:00,52.68134,53.061
2018-11-18 10:00:00+00:00,53.15806,55.162003
2018-11-18 11:00:00+00:00,54.286983,54.762
2018-11-18 12:00:00+00:00,52.70208,52.253002
2018-11-18 13:00:00+00:00,49.47712,51.191
2018-11-18 14:00:00+00:00,49.827778,51.184998
2018-11-18 15:00:00+00:00,51.45618,53.716003
2018-11-18 16:00:00+00:00,56.03076,57.83
2018-11-18 17:00:00+00:00,58.376366,58.565002
2018-11-18 18:00:00+00:00,55.76438,57.264004
2018-11-18 19:00:00+00:00,53.884354,54.088
2018-11-18 20:00:00+00:00,51.415276,52.081
2018-11-18 21:00:00+00:00,50.381195,52.195
2018-11-18 22:00:00+00:00,50.01353,49.006
2018-11-18 23:00:00+00:00,45.520073,46.732
2018-11-19 00:00:00+00:00,44.61874,45.385
2018-11-19 01:00:00+00:00,43.99436,45.08
2018-11-19 02:00:00+00:00,45.087784,46.064
2018-11-19 03:00:00+00:00,47.293312,48.081
2018-11-19 04:00:00+00:00,52.5218,52.403004
2018-11-19 05:00:00+00:00,58.969055,61.883
2018-11-19 06:00:00+00:00,64.84847,69.200005
2018-11-19 07:00:00+00:00,68.09222,71.38
2018-11-19 08:00:00+00:00,68.771774,70.715004
2018-11-19 09:00:00+00:00,69.39892,71.718
2018-11-19 10:00:00+00:00,70.04707,72.97
2018-11-19 11:00:00+00:00,69.97384,73.644
2018-11-19 12:00:00+00:00,69.93567,73.811
2018-11-19 13:00:00+00:00,69.97241,73.243004
2018-11-19 14:00:00+00:00,69.64854,73.195
2018-11-19 15:00:00+00:00,69.99838,73.389
2018-11-19 16:00:00+00:00,70.51376,75.281
2018-11-19 17:00:00+00:00,71.19539,74.152
2018-11-19 18:00:00+00:00,68.82483,72.881996
2018-11-19 19:00:00+00:00,66.84336,68.358
2018-11-19 20:00:00+00:00,62.715027,64.267006
2018-11-19 21:00:00+00:00,59.796204,61.025
2018-11-19 22:00:00+00:00,55.840046,56.683
2018-11-19 23:00:00+00:00,52.418797,53.152
2018-11-20 00:00:00+00:00,50.480213,51.363003
2018-11-20 01:00:00+00:00,49.739964,50.82
2018-11-20 02:00:00+00:00,50.603985,51.467
2018-11-20 03:00:00+00:00,52.788517,53.159
2018-11-20 04:00:00+00:00,55.73699,56.552998
2018-11-20 05:00:00+00:00,63.19134,64.25
2018-11-20 06:00:00+00:00,67.7722,71.698006
2018-11-20 07:00:00+00:00,70.635956,73.87
2018-11-20 08:00:00+00:00,70.67187,74.033
2018-11-20 09:00:00+00:00,71.30416,74.766
2018-11-20 10:00:00+00:00,71.90073,75.52
2018-11-20 11:00:00+00:00,71.60144,74.552
2018-11-20 12:00:00+00:00,70.69074,73.878
2018-11-20 13:00:00+00:00,70.368256,73.13
2018-11-20 14:00:00+00:00,70.22766,72.795
2018-11-20 15:00:00+00:00,70.71748,73.146
2018-11-20 16:00:00+00:00,71.42744,74.948
2018-11-20 17:00:00+00:00,71.651115,73.51
2018-11-20 18:00:00+00:00,68.46552,72.078
2018-11-20 19:00:00+00:00,66.27888,67.596
2018-11-20 20:00:00+00:00,62.19527,64.408
2018-11-20 21:00:00+00:00,60.060913,61.145
2018-11-20 22:00:00+00:00,56.25504,56.111004
2018-11-20 23:00:00+00:00,52.308197,53.261
2018-11-21 00:00:00+00:00,51.130386,51.693
2018-11-21 01:00:00+00:00,50.217213,50.891003
2018-11-21 02:00:00+00:00,50.493332,51.107002
2018-11-21 03:00:00+00:00,51.914062,52.448997
2018-11-21 04:00:00+00:00,54.21051,55.43
2018-11-21 05:00:00+00:00,61.392906,62.928997
2018-11-21 06:00:00+00:00,66.63326,69.048004
2018-11-21 07:00:00+00:00,68.895065,70.733
2018-11-21 08:00:00+00:00,68.63567,70.945
2018-11-21 09:00:00+00:00,69.3973,72.164
2018-11-21 10:00:00+00:00,70.06197,73.631004
2018-11-21 11:00:00+00:00,70.21051,73.817
2018-11-21 12:00:00+00:00,70.035805,73.365005
2018-11-21 13:00:00+00:00,69.73394,72.501
2018-11-21 14:00:00+00:00,69.28931,72.073
2018-11-21 15:00:00+00:00,69.482895,72.479
2018-11-21 16:00:00+00:00,70.26801,74.499
2018-11-21 17:00:00+00:00,71.08008,73.585
2018-11-21 18:00:00+00:00,68.60381,71.889
2018-11-21 19:00:00+00:00,66.366745,68.056
2018-11-21 20:00:00+00:00,63.04029,64.699
2018-11-21 21:00:00+00:00,60.43493,61.878998
2018-11-21 22:00:00+00:00,56.89108,57.781998
2018-11-21 23:00:00+00:00,53.41741,54.747997
2018-11-22 00:00:00+00:00,51.886776,53.048
2018-11-22 01:00:00+00:00,51.093834,52.036
2018-11-22 02:00:00+00:00,51.076046,52.664
2018-11-22 03:00:00+00:00,53.32498,53.822998
2018-11-22 04:00:00+00:00,55.392056,56.95
2018-11-22 05:00:00+00:00,62.800083,64.487
2018-11-22 06:00:00+00:00,67.64188,70.532005
2018-11-22 07:00:00+00:00,69.7461,72.188
2018-11-22 08:00:00+00:00,69.68502,72.161
2018-11-22 09:00:00+00:00,70.309166,72.715
2018-11-22 10:00:00+00:00,70.53519,73.241
2018-11-22 11:00:00+00:00,70.12766,72.441
2018-11-22 12:00:00+00:00,69.302765,71.998
2018-11-22 13:00:00+00:00,69.067116,71.719
2018-11-22 14:00:00+00:00,69.29642,71.258
2018-11-22 15:00:00+00:00,69.52338,70.691
2018-11-22 16:00:00+00:00,69.275024,72.925
2018-11-22 17:00:00+00:00,70.396355,72.333
2018-11-22 18:00:00+00:00,67.75017,70.784996
2018-11-22 19:00:00+00:00,65.28916,67.107
2018-11-22 20:00:00+00:00,62.319088,63.715
2018-11-22 21:00:00+00:00,59.712048,60.845
2018-11-22 22:00:00+00:00,56.552475,56.978
2018-11-22 23:00:00+00:00,53.26146,54.073997
2018-11-23 00:00:00+00:00,51.558426,52.505
2018-11-23 01:00:00+00:00,50.719692,51.776
2018-11-23 02:00:00+00:00,50.90825,52.085
2018-11-23 03:00:00+00:00,52.294853,53.389004
2018-11-23 04:00:00+00:00,54.539047,56.354004
2018-11-23 05:00:00+00:00,61.45379,63.4
2018-11-23 06:00:00+00:00,66.45619,69.122
2018-11-23 07:00:00+00:00,68.6252,70.78
2018-11-23 08:00:00+00:00,68.46768,71.706
2018-11-23 09:00:00+00:00,69.682884,73.825005
2018-11-23 10:00:00+00:00,70.862236,71.673004
2018-11-23 11:00:00+00:00,68.356255,69.713
2018-11-23 12:00:00+00:00,66.874886,68.631
2018-11-23 13:00:00+00:00,66.383095,67.768
2018-11-23 14:00:00+00:00,65.89743,67.105
2018-11-23 15:00:00+00:00,66.3198,67.861
2018-11-23 16:00:00+00:00,67.86988,69.755005
2018-11-23 17:00:00+00:00,68.26847,68.816
2018-11-23 18:00:00+00:00,64.83833,67.051
2018-11-23 19:00:00+00:00,62.56283,63.388
2018-11-23 20:00:00+00:00,59.24257,60.033
2018-11-23 21:00:00+00:00,56.177567,57.940002
2018-11-23 22:00:00+00:00,54.05587,54.993
2018-11-23 23:00:00+00:00,51.545006,52.146996
2018-11-24 00:00:00+00:00,49.71187,50.035004
2018-11-24 01:00:00+00:00,48.261803,48.397
2018-11-24 02:00:00+00:00,47.23515,48.531002
2018-11-24 03:00:00+00:00,48.371807,48.59
2018-11-24 04:00:00+00:00,48.46398,48.804996
2018-11-24 05:00:00+00:00,49.231476,49.53
2018-11-24 06:00:00+00:00,51.701847,52.760998
2018-11-24 07:00:00+00:00,54.98589,56.171
2018-11-24 08:00:00+00:00,57.380196,58.846
2018-11-24 09:00:00+00:00,58.603188,59.927002
2018-11-24 10:00:00+00:00,58.484295,60.511
2018-11-24 11:00:00+00:00,58.552143,59.937004
2018-11-24 12:00:00+00:00,57.727016,58.595
2018-11-24 13:00:00+00:00,56.53619,57.399002
2018-11-24 14:00:00+00:00,56.061802,57.481003
2018-11-24 15:00:00+00:00,57.476784,59.033
2018-11-24 16:00:00+00:00,59.508026,61.584
2018-11-24 17:00:00+00:00,60.754475,61.037
2018-11-24 18:00:00+00:00,57.830345,59.097
2018-11-24 19:00:00+00:00,55.803802,55.554
2018-11-24 20:00:00+00:00,53.054615,53.286003
2018-11-24 21:00:00+00:00,51.58169,52.531002
2018-11-24 22:00:00+00:00,49.950237,49.445004
2018-11-24 23:00:00+00:00,46.20649,46.989002
2018-11-25 00:00:00+00:00,44.771084,44.704
2018-11-25 01:00:00+00:00,42.728626,43.787
2018-11-25 02:00:00+00:00,42.91285,43.681
2018-11-25 03:00:00+00:00,43.467453,43.756
2018-11-25 04:00:00+00:00,43.7128,43.654
2018-11-25 05:00:00+00:00,44.025227,43.229
2018-11-25 06:00:00+00:00,44.539257,44.651
2018-11-25 07:00:00+00:00,46.96578,47.926003
2018-11-25 08:00:00+00:00,50.20224,50.533997
2018-11-25 09:00:00+00:00,51.969204,53.395
2018-11-25 10:00:00+00:00,53.799427,56.182003
2018-11-25 11:00:00+00:00,55.521156,56.437
2018-11-25 12:00:00+00:00,54.47776,54.762997
2018-11-25 13:00:00+00:00,52.540985,53.416004
2018-11-25 14:00:00+00:00,51.93888,53.380997
2018-11-25 15:00:00+00:00,53.422756,55.535
2018-11-25 16:00:00+00:00,56.99614,58.740997
2018-11-25 17:00:00+00:00,58.80151,59.205
2018-11-25 18:00:00+00:00,56.69376,57.965004
2018-11-25 19:00:00+00:00,54.90241,55.182003
2018-11-25 20:00:00+00:00,52.74115,53.307
2018-11-25 21:00:00+00:00,51.7191,53.46
2018-11-25 22:00:00+00:00,51.128937,50.771
2018-11-25 23:00:00+00:00,47.274223,48.290997
2018-11-26 00:00:00+00:00,45.992577,47.026
2018-11-26 01:00:00+00:00,45.713333,46.215
2018-11-26 02:00:00+00:00,45.878315,45.839
2018-11-26 03:00:00+00:00,46.3969,47.941998
2018-11-26 04:00:00+00:00,50.764458,52.802998
2018-11-26 05:00:00+00:00,59.58153,61.538998
2018-11-26 06:00:00+00:00,64.672966,67.714
2018-11-26 07:00:00+00:00,67.28499,69.975
2018-11-26 08:00:00+00:00,68.207535,71.244995
2018-11-26 09:00:00+00:00,69.796005,72.046
2018-11-26 10:00:00+00:00,69.92528,72.699005
2018-11-26 11:00:00+00:00,69.657326,72.198
2018-11-26 12:00:00+00:00,69.077324,71.751
2018-11-26 13:00:00+00:00,68.51091,71.046005
2018-11-26 14:00:00+00:00,68.10605,70.807
2018-11-26 15:00:00+00:00,68.51157,71.082
2018-11-26 16:00:00+00:00,69.32282,72.62701
2018-11-26 17:00:00+00:00,69.97494,72.033
2018-11-26 18:00:00+00:00,67.704155,70.272
2018-11-26 19:00:00+00:00,65.11389,66.43
2018-11-26 20:00:00+00:00,61.54632,62.778
2018-11-26 21:00:00+00:00,58.79783,60.25
2018-11-26 22:00:00+00:00,55.431076,56.178997
2018-11-26 23:00:00+00:00,51.965492,53.198
2018-11-27 00:00:00+00:00,50.58271,51.488
2018-11-27 01:00:00+00:00,49.765713,50.719
2018-11-27 02:00:00+00:00,50.25954,51.447002
2018-11-27 03:00:00+00:00,52.476234,52.607002
2018-11-27 04:00:00+00:00,54.43095,55.760002
2018-11-27 05:00:00+00:00,61.674927,62.590004
2018-11-27 06:00:00+00:00,66.20429,68.076004
2018-11-27 07:00:00+00:00,68.21953,70.186005
2018-11-27 08:00:00+00:00,68.52053,70.503
2018-11-27 09:00:00+00:00,69.04578,70.966
2018-11-27 10:00:00+00:00,69.11331,71.523
2018-11-27 11:00:00+00:00,68.851074,71.464005
2018-11-27 12:00:00+00:00,68.49841,71.354996
2018-11-27 13:00:00+00:00,68.38786,70.738
2018-11-27 14:00:00+00:00,68.12284,70.3
2018-11-27 15:00:00+00:00,68.30684,71.529
2018-11-27 16:00:00+00:00,69.72145,73.345
2018-11-27 17:00:00+00:00,70.03724,72.277
2018-11-27 18:00:00+00:00,67.256905,71.145004
2018-11-27 19:00:00+00:00,65.85871,68.14
2018-11-27 20:00:00+00:00,63.01804,64.953
2018-11-27 21:00:00+00:00,60.55128,62.371002
2018-11-27 22:00:00+00:00,57.761177,58.59
2018-11-27 23:00:00+00:00,54.374863,54.885
2018-11-28 00:00:00+00:00,51.76904,53.306
2018-11-28 01:00:00+00:00,51.296196,52.968
2018-11-28 02:00:00+00:00,51.971233,53.331
2018-11-28 03:00:00+00:00,53.46425,54.079
2018-11-28 04:00:00+00:00,55.075386,58.149002
2018-11-28 05:00:00+00:00,63.800415,66.314
2018-11-28 06:00:00+00:00,68.47422,71.942
2018-11-28 07:00:00+00:00,70.12677,73.826
2018-11-28 08:00:00+00:00,70.583145,74.183
2018-11-28 09:00:00+00:00,71.437965,74.889
2018-11-28 10:00:00+00:00,71.59345,75.05
2018-11-28 11:00:00+00:00,71.17846,74.36
2018-11-28 12:00:00+00:00,70.64715,74.62601
2018-11-28 13:00:00+00:00,70.890114,74.066
2018-11-28 14:00:00+00:00,70.78529,73.886
2018-11-28 15:00:00+00:00,71.1604,74.814
2018-11-28 16:00:00+00:00,72.00275,76.924995
2018-11-28 17:00:00+00:00,72.04817,76.552
2018-11-28 18:00:00+00:00,69.79077,75.249
2018-11-28 19:00:00+00:00,67.898865,70.176
2018-11-28 20:00:00+00:00,63.860588,66.073
2018-11-28 21:00:00+00:00,61.41268,63.325005
2018-11-28 22:00:00+00:00,58.53073,58.934002
2018-11-28 23:00:00+00:00,54.495903,55.730003
2018-11-29 00:00:00+00:00,52.901,53.845997
2018-11-29 01:00:00+00:00,51.892056,53.178
2018-11-29 02:00:00+00:00,52.429565,53.559002
2018-11-29 03:00:00+00:00,54.227184,54.983997
2018-11-29 04:00:00+00:00,56.820198,57.572998
2018-11-29 05:00:00+00:00,63.239086,65.416
2018-11-29 06:00:00+00:00,68.622406,71.943
2018-11-29 07:00:00+00:00,70.85095,73.813
2018-11-29 08:00:00+00:00,70.648346,73.544
2018-11-29 09:00:00+00:00,71.183075,74.008
2018-11-29 10:00:00+00:00,71.47772,74.704
2018-11-29 11:00:00+00:00,71.166534,74.435005
2018-11-29 12:00:00+00:00,70.75561,74.265
2018-11-29 13:00:00+00:00,70.72757,73.778
2018-11-29 14:00:00+00:00,70.69498,73.57
2018-11-29 15:00:00+00:00,71.13004,74.708
2018-11-29 16:00:00+00:00,72.052826,76.229
2018-11-29 17:00:00+00:00,71.78964,75.319
2018-11-29 18:00:00+00:00,69.301956,74.126
2018-11-29 19:00:00+00:00,67.67325,70.02
2018-11-29 20:00:00+00:00,64.12394,66.116005
2018-11-29 21:00:00+00:00,61.496883,62.738003
2018-11-29 22:00:00+00:00,58.102283,58.298
2018-11-29 23:00:00+00:00,54.226963,55.550003
2018-11-30 00:00:00+00:00,52.95368,53.921997
2018-11-30 01:00:00+00:00,52.03162,53.08
2018-11-30 02:00:00+00:00,52.16881,53.329
2018-11-30 03:00:00+00:00,53.7779,54.799
2018-11-30 04:00:00+00:00,56.41118,57.318005
2018-11-30 05:00:00+00:00,62.831528,65.131996
2018-11-30 06:00:00+00:00,68.248474,70.992004
2018-11-30 07:00:00+00:00,70.15941,73.406
2018-11-30 08:00:00+00:00,70.397766,73.441
2018-11-30 09:00:00+00:00,71.02754,73.89
2018-11-30 10:00:00+00:00,71.16708,74.224
2018-11-30 11:00:00+00:00,70.78648,73.607
2018-11-30 12:00:00+00:00,70.18296,72.05
2018-11-30 13:00:00+00:00,69.0824,70.599
2018-11-30 14:00:00+00:00,68.34173,70.128
2018-11-30 15:00:00+00:00,69.128685,71.251
2018-11-30 16:00:00+00:00,70.61849,72.382
2018-11-30 17:00:00+00:00,70.06162,71.018
2018-11-30 18:00:00+00:00,66.78144,69.115
2018-11-30 19:00:00+00:00,64.54581,65.588005
2018-11-30 20:00:00+00:00,61.207787,62.203
2018-11-30 21:00:00+00:00,58.207966,59.862
2018-11-30 22:00:00+00:00,55.99804,56.117
2018-11-30 23:00:00+00:00,52.576782,52.433002
2018-12-01 00:00:00+00:00,50.132225,50.392002
2018-12-01 01:00:00+00:00,48.7969,49.086002
2018-12-01 02:00:00+00:00,48.037624,49.008
2018-12-01 03:00:00+00:00,48.866676,49.298
2018-12-01 04:00:00+00:00,49.458122,49.644
2018-12-01 05:00:00+00:00,49.961845,51.016003
2018-12-01 06:00:00+00:00,53.72726,54.577
2018-12-01 07:00:00+00:00,57.145947,57.420002
2018-12-01 08:00:00+00:00,58.46869,59.908
2018-12-01 09:00:00+00:00,59.645237,61.009003
2018-12-01 10:00:00+00:00,59.657543,61.467003
2018-12-01 11:00:00+00:00,59.387184,60.55
2018-12-01 12:00:00+00:00,58.107876,59.344
2018-12-01 13:00:00+00:00,57.149384,58.376003
2018-12-01 14:00:00+00:00,56.875523,58.252
2018-12-01 15:00:00+00:00,57.939552,60.230003
2018-12-01 16:00:00+00:00,60.694004,63.031998
2018-12-01 17:00:00+00:00,61.863834,63.056
2018-12-01 18:00:00+00:00,59.437695,61.252
2018-12-01 19:00:00+00:00,57.310913,57.820004
2018-12-01 20:00:00+00:00,54.71935,55.192
2018-12-01 21:00:00+00:00,53.040024,54.390003
2018-12-01 22:00:00+00:00,51.860516,50.955
2018-12-01 23:00:00+00:00,47.42304,47.639
2018-12-02 00:00:00+00:00,45.239662,45.353
2018-12-02 01:00:00+00:00,43.380226,44.172
2018-12-02 02:00:00+00:00,43.0503,43.741
2018-12-02 03:00:00+00:00,43.351162,43.675
2018-12-02 04:00:00+00:00,43.515835,43.958
2018-12-02 05:00:00+00:00,44.22684,43.961998
2018-12-02 06:00:00+00:00,45.322998,46.338
2018-12-02 07:00:00+00:00,48.994083,49.599
2018-12-02 08:00:00+00:00,52.048386,53.228
2018-12-02 09:00:00+00:00,54.631653,55.728
2018-12-02 10:00:00+00:00,55.61607,57.97
2018-12-02 11:00:00+00:00,56.865902,58.017002
2018-12-02 12:00:00+00:00,55.909603,56.187004
2018-12-02 13:00:00+00:00,53.99267,54.917
2018-12-02 14:00:00+00:00,53.480747,54.796997
2018-12-02 15:00:00+00:00,54.728077,56.545
2018-12-02 16:00:00+00:00,57.616817,58.714
2018-12-02 17:00:00+00:00,58.569923,59.554
2018-12-02 18:00:00+00:00,57.317104,57.965004
2018-12-02 19:00:00+00:00,54.836346,55.853
2018-12-02 20:00:00+00:00,53.29535,54.063004
2018-12-02 21:00:00+00:00,52.008434,53.757
2018-12-02 22:00:00+00:00,51.31911,50.335003
2018-12-02 23:00:00+00:00,46.653996,47.346996
2018-12-03 00:00:00+00:00,44.97819,45.892998
2018-12-03 01:00:00+00:00,44.342304,44.967
2018-12-03 02:00:00+00:00,44.48144,45.73
2018-12-03 03:00:00+00:00,46.73382,47.481
2018-12-03 04:00:00+00:00,50.69715,52.219
2018-12-03 05:00:00+00:00,59.074505,62.425003
2018-12-03 06:00:00+00:00,65.2173,69.852
2018-12-03 07:00:00+00:00,68.34746,72.102
2018-12-03 08:00:00+00:00,69.17288,72.248
2018-12-03 09:00:00+00:00,70.49576,73.597
2018-12-03 10:00:00+00:00,71.159706,74.178
2018-12-03 11:00:00+00:00,70.65742,73.699005
2018-12-03 12:00:00+00:00,70.03458,73.98
2018-12-03 13:00:00+00:00,70.18608,72.815
2018-12-03 14:00:00+00:00,69.433365,72.084
2018-12-03 15:00:00+00:00,69.25893,72.609
2018-12-03 16:00:00+00:00,70.63854,73.708
2018-12-03 17:00:00+00:00,70.89098,72.751
2018-12-03 18:00:00+00:00,68.34918,71.173
2018-12-03 19:00:00+00:00,65.9167,67.839
2018-12-03 20:00:00+00:00,62.401855,63.699
2018-12-03 21:00:00+00:00,58.98023,60.067
2018-12-03 22:00:00+00:00,54.88337,54.947
2018-12-03 23:00:00+00:00,50.98999,51.184002
2018-12-04 00:00:00+00:00,49.085175,49.465
2018-12-04 01:00:00+00:00,48.17387,48.956
2018-12-04 02:00:00+00:00,49.010822,49.494003
2018-12-04 03:00:00+00:00,50.93573,50.716003
2018-12-04 04:00:00+00:00,53.058083,55.432003
2018-12-04 05:00:00+00:00,62.461494,63.806
2018-12-04 06:00:00+00:00,67.22234,69.958
2018-12-04 07:00:00+00:00,69.22702,71.876
2018-12-04 08:00:00+00:00,69.65405,71.868996
2018-12-04 09:00:00+00:00,70.20807,72.477005
2018-12-04 10:00:00+00:00,70.33124,72.951
2018-12-04 11:00:00+00:00,69.936264,72.259
2018-12-04 12:00:00+00:00,69.05722,71.993004
2018-12-04 13:00:00+00:00,68.85349,71.326
2018-12-04 14:00:00+00:00,68.74142,70.885
2018-12-04 15:00:00+00:00,69.11132,72.001
2018-12-04 16:00:00+00:00,70.50004,74.612
2018-12-04 17:00:00+00:00,71.184364,74.136
2018-12-04 18:00:00+00:00,68.3655,72.424
2018-12-04 19:00:00+00:00,66.0282,68.567
2018-12-04 20:00:00+00:00,62.806522,64.83
2018-12-04 21:00:00+00:00,60.045643,61.925
2018-12-04 22:00:00+00:00,56.81296,57.988
2018-12-04 23:00:00+00:00,53.548306,54.336002
2018-12-05 00:00:00+00:00,51.27026,52.911
2018-12-05 01:00:00+00:00,51.099003,52.285004
2018-12-05 02:00:00+00:00,51.522755,52.962997
2018-12-05 03:00:00+00:00,53.72335,54.295
2018-12-05 04:00:00+00:00,56.149612,56.95
2018-12-05 05:00:00+00:00,62.748745,64.819
2018-12-05 06:00:00+00:00,67.93318,70.449005
2018-12-05 07:00:00+00:00,69.75997,72.082
2018-12-05 08:00:00+00:00,69.612045,72.001
2018-12-05 09:00:00+00:00,70.32567,71.51
2018-12-05 10:00:00+00:00,69.71491,72.298004
2018-12-05 11:00:00+00:00,69.57886,71.684
2018-12-05 12:00:00+00:00,68.92986,71.402
2018-12-05 13:00:00+00:00,68.634285,70.688
2018-12-05 14:00:00+00:00,68.56921,70.802
2018-12-05 15:00:00+00:00,69.446045,72.168
2018-12-05 16:00:00+00:00,70.509895,73.75
2018-12-05 17:00:00+00:00,70.15956,73.313
2018-12-05 18:00:00+00:00,67.87805,72.461
2018-12-05 19:00:00+00:00,66.531265,69.074005
2018-12-05 20:00:00+00:00,63.478664,65.662
2018-12-05 21:00:00+00:00,61.35959,62.986004
2018-12-05 22:00:00+00:00,58.59851,58.182
2018-12-05 23:00:00+00:00,54.017548,54.149002
2018-12-06 00:00:00+00:00,51.43679,52.028996
2018-12-06 01:00:00+00:00,49.90944,50.856
2018-12-06 02:00:00+00:00,49.40195,51.479
2018-12-06 03:00:00+00:00,51.610474,52.829002
2018-12-06 04:00:00+00:00,53.89311,56.538
2018-12-06 05:00:00+00:00,62.437485,64.324005
2018-12-06 06:00:00+00:00,67.34687,70.449005
2018-12-06 07:00:00+00:00,69.42947,72.466
2018-12-06 08:00:00+00:00,69.69075,72.723
2018-12-06 09:00:00+00:00,70.486664,73.108
2018-12-06 10:00:00+00:00,70.58539,74.079
2018-12-06 11:00:00+00:00,70.60225,73.41901
2018-12-06 12:00:00+00:00,69.89801,73.272
2018-12-06 13:00:00+00:00,69.74355,72.491
2018-12-06 14:00:00+00:00,69.5244,72.200005
2018-12-06 15:00:00+00:00,69.914406,73.723
2018-12-06 16:00:00+00:00,71.48475,74.525
2018-12-06 17:00:00+00:00,70.9423,73.975
2018-12-06 18:00:00+00:00,68.714485,72.562
2018-12-06 19:00:00+00:00,66.788445,69.54
2018-12-06 20:00:00+00:00,63.750088,64.688
2018-12-06 21:00:00+00:00,59.884644,60.889
2018-12-06 22:00:00+00:00,56.138515,56.372
2018-12-06 23:00:00+00:00,52.443054,52.735
2018-12-07 00:00:00+00:00,50.26693,50.557
2018-12-07 01:00:00+00:00,48.922882,49.692997
2018-12-07 02:00:00+00:00,49.174114,49.711998
2018-12-07 03:00:00+00:00,50.37147,51.51
2018-12-07 04:00:00+00:00,53.57554,55.138
2018-12-07 05:00:00+00:00,61.78967,63.398
2018-12-07 06:00:00+00:00,67.003624,69.928
2018-12-07 07:00:00+00:00,69.32601,73.025
2018-12-07 08:00:00+00:00,70.16275,73.435
2018-12-07 09:00:00+00:00,70.91556,74.51
2018-12-07 10:00:00+00:00,71.4769,74.92
2018-12-07 11:00:00+00:00,71.165375,74.042
2018-12-07 12:00:00+00:00,70.28107,73.178
2018-12-07 13:00:00+00:00,69.690796,71.453
2018-12-07 14:00:00+00:00,68.66436,70.77
2018-12-07 15:00:00+00:00,68.92619,72.315
2018-12-07 16:00:00+00:00,71.285706,73.864006
2018-12-07 17:00:00+00:00,71.31598,72.450005
2018-12-07 18:00:00+00:00,67.85781,70.168
2018-12-07 19:00:00+00:00,65.19878,66.08
2018-12-07 20:00:00+00:00,61.29503,62.248005
2018-12-07 21:00:00+00:00,58.345715,59.504
2018-12-07 22:00:00+00:00,54.733307,55.606
2018-12-07 23:00:00+00:00,51.656998,52.729
2018-12-08 00:00:00+00:00,50.33317,50.56
2018-12-08 01:00:00+00:00,48.98944,49.512
2018-12-08 02:00:00+00:00,49.10126,49.472004
2018-12-08 03:00:00+00:00,50.12246,49.881
2018-12-08 04:00:00+00:00,51.003124,49.832
2018-12-08 05:00:00+00:00,51.056156,51.024002
2018-12-08 06:00:00+00:00,54.53165,54.346
2018-12-08 07:00:00+00:00,57.505344,58.364998
2018-12-08 08:00:00+00:00,60.31464,61.453
2018-12-08 09:00:00+00:00,61.5163,63.695
2018-12-08 10:00:00+00:00,62.48068,64.459
2018-12-08 11:00:00+00:00,62.38737,64.034004
2018-12-08 12:00:00+00:00,61.54426,62.684998
2018-12-08 13:00:00+00:00,60.0952,61.405003
2018-12-08 14:00:00+00:00,59.00984,61.258
2018-12-08 15:00:00+00:00,59.859303,62.711002
2018-12-08 16:00:00+00:00,62.151783,64.615
2018-12-08 17:00:00+00:00,63.046955,64.121
2018-12-08 18:00:00+00:00,60.94769,61.806004
2018-12-08 19:00:00+00:00,58.338722,58.381
2018-12-08 20:00:00+00:00,55.661472,56.448
2018-12-08 21:00:00+00:00,54.314747,54.884003
2018-12-08 22:00:00+00:00,52.470184,51.243
2018-12-08 23:00:00+00:00,47.678143,48.261997
2018-12-09 00:00:00+00:00,45.719315,46.226
2018-12-09 01:00:00+00:00,44.03718,44.920002
2018-12-09 02:00:00+00:00,43.617294,44.749
2018-12-09 03:00:00+00:00,44.512306,44.77
2018-12-09 04:00:00+00:00,44.762913,44.966
2018-12-09 05:00:00+00:00,45.62172,44.824
2018-12-09 06:00:00+00:00,46.389874,46.808
2018-12-09 07:00:00+00:00,49.245358,50.007
2018-12-09 08:00:00+00:00,52.388836,53.155
2018-12-09 09:00:00+00:00,54.437912,56.096004
2018-12-09 10:00:00+00:00,56.15724,58.492
2018-12-09 11:00:00+00:00,57.482544,58.534
2018-12-09 12:00:00+00:00,56.393204,56.712
2018-12-09 13:00:00+00:00,54.537647,55.793
2018-12-09 14:00:00+00:00,54.51993,55.657997
2018-12-09 15:00:00+00:00,55.40524,57.513
2018-12-09 16:00:00+00:00,58.330044,60.167
2018-12-09 17:00:00+00:00,59.7566,60.528
2018-12-09 18:00:00+00:00,57.752384,59.665997
2018-12-09 19:00:00+00:00,56.32902,57.542004
2018-12-09 20:00:00+00:00,54.447815,56.095
2018-12-09 21:00:00+00:00,53.687927,55.182003
2018-12-09 22:00:00+00:00,52.3186,51.862003
2018-12-09 23:00:00+00:00,47.99199,49.578003
2018-12-10 00:00:00+00:00,46.963985,48.266
2018-12-10 01:00:00+00:00,46.44868,48.004
2018-12-10 02:00:00+00:00,47.50198,49.155003
2018-12-10 03:00:00+00:00,50.080925,51.309002
2018-12-10 04:00:00+00:00,55.619873,54.892998
2018-12-10 05:00:00+00:00,60.883835,63.470005
2018-12-10 06:00:00+00:00,66.19783,70.603
2018-12-10 07:00:00+00:00,69.29658,73.455
2018-12-10 08:00:00+00:00,70.16601,74.314
2018-12-10 09:00:00+00:00,71.41846,74.792
2018-12-10 10:00:00+00:00,71.672775,76.321
2018-12-10 11:00:00+00:00,71.97598,76.177
2018-12-10 12:00:00+00:00,71.68623,75.471
2018-12-10 13:00:00+00:00,71.10859,74.073006
2018-12-10 14:00:00+00:00,70.45982,73.916
2018-12-10 15:00:00+00:00,70.969055,75.006
2018-12-10 16:00:00+00:00,72.20964,76.45
2018-12-10 17:00:00+00:00,72.12183,75.469
2018-12-10 18:00:00+00:00,69.68577,73.870995
2018-12-10 19:00:00+00:00,67.41304,69.593
2018-12-10 20:00:00+00:00,63.46829,66.254005
2018-12-10 21:00:00+00:00,61.157288,63.139
2018-12-10 22:00:00+00:00,57.68646,59.079002
2018-12-10 23:00:00+00:00,54.610775,55.051003
2018-12-11 00:00:00+00:00,52.109203,53.42
2018-12-11 01:00:00+00:00,51.864483,52.677998
2018-12-11 02:00:00+00:00,52.174538,52.949
2018-12-11 03:00:00+00:00,53.857887,54.456
2018-12-11 04:00:00+00:00,56.724133,57.423
2018-12-11 05:00:00+00:00,63.791176,65.513
2018-12-11 06:00:00+00:00,68.80445,71.36
2018-12-11 07:00:00+00:00,70.64775,73.661
2018-12-11 08:00:00+00:00,70.83767,73.962
2018-12-11 09:00:00+00:00,71.57437,74.306
2018-12-11 10:00:00+00:00,71.553635,74.634
2018-12-11 11:00:00+00:00,71.1573,74.214005
2018-12-11 12:00:00+00:00,70.74146,73.958
2018-12-11 13:00:00+00:00,70.56639,73.024
2018-12-11 14:00:00+00:00,70.20845,72.419
2018-12-11 15:00:00+00:00,70.50645,73.090004
2018-12-11 16:00:00+00:00,71.42748,74.69
2018-12-11 17:00:00+00:00,71.35097,73.362
2018-12-11 18:00:00+00:00,68.28305,71.573
2018-12-11 19:00:00+00:00,66.13274,67.812
2018-12-11 20:00:00+00:00,62.838173,64.508
2018-12-11 21:00:00+00:00,60.24354,61.455
2018-12-11 22:00:00+00:00,57.13798,57.133
2018-12-11 23:00:00+00:00,53.426178,54.575996
2018-12-12 00:00:00+00:00,52.362118,53.007
2018-12-12 01:00:00+00:00,51.34744,52.163
2018-12-12 02:00:00+00:00,51.371788,52.741
2018-12-12 03:00:00+00:00,53.282127,54.251
2018-12-12 04:00:00+00:00,55.690113,57.291004
2018-12-12 05:00:00+00:00,62.484306,63.948997
2018-12-12 06:00:00+00:00,67.018616,69.967
2018-12-12 07:00:00+00:00,69.3469,72.215996
2018-12-12 08:00:00+00:00,69.54557,72.402
2018-12-12 09:00:00+00:00,70.001854,72.856
2018-12-12 10:00:00+00:00,70.32585,73.056
2018-12-12 11:00:00+00:00,69.853546,72.397
2018-12-12 12:00:00+00:00,69.11629,71.647
2018-12-12 13:00:00+00:00,68.66168,70.64
2018-12-12 14:00:00+00:00,68.21956,70.516
2018-12-12 15:00:00+00:00,68.95288,71.666
2018-12-12 16:00:00+00:00,70.232216,73.447
2018-12-12 17:00:00+00:00,70.23903,72.264
2018-12-12 18:00:00+00:00,67.23765,70.977005
2018-12-12 19:00:00+00:00,65.605545,68.085
2018-12-12 20:00:00+00:00,62.8447,64.603
2018-12-12 21:00:00+00:00,60.146156,62.194004
2018-12-12 22:00:00+00:00,57.75625,57.808002
2018-12-12 23:00:00+00:00,53.560165,55.352997
2018-12-13 00:00:00+00:00,52.80327,53.509
2018-12-13 01:00:00+00:00,51.398018,52.721
2018-12-13 02:00:00+00:00,51.672886,52.958
2018-12-13 03:00:00+00:00,53.133415,54.331
2018-12-13 04:00:00+00:00,55.5263,57.604
2018-12-13 05:00:00+00:00,62.94138,64.344
2018-12-13 06:00:00+00:00,67.20968,70.346
2018-12-13 07:00:00+00:00,69.52504,72.143005
2018-12-13 08:00:00+00:00,69.56033,72.293
2018-12-13 09:00:00+00:00,70.07731,72.991005
2018-12-13 10:00:00+00:00,70.54213,73.26
2018-12-13 11:00:00+00:00,70.0344,72.86301
2018-12-13 12:00:00+00:00,69.51668,72.463005
2018-12-13 13:00:00+00:00,69.37069,71.798
2018-12-13 14:00:00+00:00,69.12686,71.451
2018-12-13 15:00:00+00:00,69.47667,72.675995
2018-12-13 16:00:00+00:00,70.742905,74.506004
2018-12-13 17:00:00+00:00,70.81983,74.015
2018-12-13 18:00:00+00:00,68.430664,72.734
2018-12-13 19:00:00+00:00,66.71721,69.254005
2018-12-13 20:00:00+00:00,63.706444,65.746
2018-12-13 21:00:00+00:00,61.23117,63.36
2018-12-13 22:00:00+00:00,58.758987,59.719
2018-12-13 23:00:00+00:00,55.550007,56.348
2018-12-14 00:00:00+00:00,53.295074,54.017
2018-12-14 01:00:00+00:00,51.7509,52.831
2018-12-14 02:00:00+00:00,51.43537,53.897
2018-12-14 03:00:00+00:00,54.276276,54.454002
2018-12-14 04:00:00+00:00,55.211674,57.697002
2018-12-14 05:00:00+00:00,63.182407,64.554
2018-12-14 06:00:00+00:00,67.67115,70.875
2018-12-14 07:00:00+00:00,69.986145,73.58
2018-12-14 08:00:00+00:00,70.578415,74.117004
2018-12-14 09:00:00+00:00,71.19756,74.008
2018-12-14 10:00:00+00:00,71.1162,74.214005
2018-12-14 11:00:00+00:00,70.83287,73.119
2018-12-14 12:00:00+00:00,69.8879,72.236
2018-12-14 13:00:00+00:00,69.204796,70.837006
2018-12-14 14:00:00+00:00,68.569145,70.692
2018-12-14 15:00:00+00:00,69.473,71.895004
2018-12-14 16:00:00+00:00,70.935104,72.809006
2018-12-14 17:00:00+00:00,70.185936,71.096
2018-12-14 18:00:00+00:00,66.82278,69.146996
2018-12-14 19:00:00+00:00,64.7272,65.638
2018-12-14 20:00:00+00:00,61.336514,62.333
2018-12-14 21:00:00+00:00,58.39153,60.035004
2018-12-14 22:00:00+00:00,56.18961,56.917
2018-12-14 23:00:00+00:00,53.509212,54.09
2018-12-15 00:00:00+00:00,51.741463,52.226
2018-12-15 01:00:00+00:00,50.57655,51.046
2018-12-15 02:00:00+00:00,50.049892,50.286003
2018-12-15 03:00:00+00:00,49.75276,50.152
2018-12-15 04:00:00+00:00,49.934334,50.225998
2018-12-15 05:00:00+00:00,50.114532,50.854
2018-12-15 06:00:00+00:00,52.6272,54.224
2018-12-15 07:00:00+00:00,56.77696,58.764004
2018-12-15 08:00:00+00:00,60.535545,62.163002
2018-12-15 09:00:00+00:00,61.832726,63.758003
2018-12-15 10:00:00+00:00,62.052414,64.333
2018-12-15 11:00:00+00:00,62.132446,63.661
2018-12-15 12:00:00+00:00,61.114925,62.135002
2018-12-15 13:00:00+00:00,59.49072,60.994003
2018-12-15 14:00:00+00:00,58.799725,60.996
2018-12-15 15:00:00+00:00,59.813385,62.281998
2018-12-15 16:00:00+00:00,61.732647,64.427
2018-12-15 17:00:00+00:00,62.960148,63.992
2018-12-15 18:00:00+00:00,60.81146,62.421997
2018-12-15 19:00:00+00:00,58.879677,59.262
2018-12-15 20:00:00+00:00,56.203136,57.419003
2018-12-15 21:00:00+00:00,55.088245,56.82
2018-12-15 22:00:00+00:00,54.70536,52.93
2018-12-15 23:00:00+00:00,48.81798,49.203
2018-12-16 00:00:00+00:00,46.566475,47.794
2018-12-16 01:00:00+00:00,45.871613,46.676
2018-12-16 02:00:00+00:00,45.425926,46.463
2018-12-16 03:00:00+00:00,46.41293,45.922
2018-12-16 04:00:00+00:00,45.75704,46.088
2018-12-16 05:00:00+00:00,46.41321,45.481
2018-12-16 06:00:00+00:00,46.160015,48.179
2018-12-16 07:00:00+00:00,51.25541,51.321003
2018-12-16 08:00:00+00:00,53.792633,55.723
2018-12-16 09:00:00+00:00,57.334446,58.632
2018-12-16 10:00:00+00:00,58.47941,61.278
2018-12-16 11:00:00+00:00,59.89611,61.221
2018-12-16 12:00:00+00:00,58.97568,59.159
2018-12-16 13:00:00+00:00,56.70324,57.228
2018-12-16 14:00:00+00:00,55.41532,56.618
2018-12-16 15:00:00+00:00,55.7921,58.088
2018-12-16 16:00:00+00:00,58.925922,60.965
2018-12-16 17:00:00+00:00,61.118397,61.465
2018-12-16 18:00:00+00:00,58.959087,60.313004
2018-12-16 19:00:00+00:00,56.964542,57.809
2018-12-16 20:00:00+00:00,54.826904,56.132
2018-12-16 21:00:00+00:00,53.764183,55.78
2018-12-16 22:00:00+00:00,53.71692,52.837997
2018-12-16 23:00:00+00:00,48.682384,50.836
2018-12-17 00:00:00+00:00,47.907974,49.194004
2018-12-17 01:00:00+00:00,46.857204,48.427002
2018-12-17 02:00:00+00:00,47.427986,48.255
2018-12-17 03:00:00+00:00,48.347782,49.503
2018-12-17 04:00:00+00:00,50.99464,53.186
2018-12-17 05:00:00+00:00,59.491795,61.615
2018-12-17 06:00:00+00:00,65.14461,67.783005
2018-12-17 07:00:00+00:00,67.581795,70.409004
2018-12-17 08:00:00+00:00,68.518684,70.693
2018-12-17 09:00:00+00:00,69.41633,71.334
2018-12-17 10:00:00+00:00,69.60942,72.165
2018-12-17 11:00:00+00:00,69.5032,72.016
2018-12-17 12:00:00+00:00,68.98957,71.435005
2018-12-17 13:00:00+00:00,68.3617,70.304
2018-12-17 14:00:00+00:00,67.658615,70.194
2018-12-17 15:00:00+00:00,68.27756,70.588
2018-12-17 16:00:00+00:00,69.19485,71.738
2018-12-17 17:00:00+00:00,69.398094,70.966995
2018-12-17 18:00:00+00:00,67.067055,69.892
2018-12-17 19:00:00+00:00,65.15866,66.516
2018-12-17 20:00:00+00:00,61.700706,63.427002
2018-12-17 21:00:00+00:00,59.47551,60.929
2018-12-17 22:00:00+00:00,56.2878,56.601997
2018-12-17 23:00:00+00:00,52.43677,52.859997
2018-12-18 00:00:00+00:00,50.240242,51.455997
2018-12-18 01:00:00+00:00,49.796963,50.179
2018-12-18 02:00:00+00:00,49.19868,50.151
2018-12-18 03:00:00+00:00,50.41671,51.535004
2018-12-18 04:00:00+00:00,52.943512,54.872
2018-12-18 05:00:00+00:00,60.769424,62.635998
2018-12-18 06:00:00+00:00,66.10667,69.092
2018-12-18 07:00:00+00:00,68.65962,71.235
2018-12-18 08:00:00+00:00,68.78793,71.039
2018-12-18 09:00:00+00:00,69.29512,71.12701
2018-12-18 10:00:00+00:00,69.30519,72.741005
2018-12-18 11:00:00+00:00,69.7503,72.975
2018-12-18 12:00:00+00:00,69.51273,72.55
2018-12-18 13:00:00+00:00,69.026405,70.221
2018-12-18 14:00:00+00:00,67.44646,69.435
2018-12-18 15:00:00+00:00,67.49418,71.106
2018-12-18 16:00:00+00:00,69.99452,73.429
2018-12-18 17:00:00+00:00,70.57156,73.059
2018-12-18 18:00:00+00:00,67.88042,72.159
2018-12-18 19:00:00+00:00,66.3026,68.351006
2018-12-18 20:00:00+00:00,62.6727,64.383
2018-12-18 21:00:00+00:00,59.850414,61.368004
2018-12-18 22:00:00+00:00,56.48508,57.639
2018-12-18 23:00:00+00:00,53.31219,53.844
2018-12-19 00:00:00+00:00,50.800785,51.843998
2018-12-19 01:00:00+00:00,49.888187,51.177998
2018-12-19 02:00:00+00:00,50.348267,51.769
2018-12-19 03:00:00+00:00,52.345844,53.013
2018-12-19 04:00:00+00:00,54.609455,56.054005
2018-12-19 05:00:00+00:00,62.045437,63.461002
2018-12-19 06:00:00+00:00,66.90964,70.456
2018-12-19 07:00:00+00:00,69.704285,73.58
2018-12-19 08:00:00+00:00,70.41037,73.828995
2018-12-19 09:00:00+00:00,70.95126,73.922
2018-12-19 10:00:00+00:00,71.151245,73.942
2018-12-19 11:00:00+00:00,70.64946,73.216
2018-12-19 12:00:00+00:00,69.847786,72.525
2018-12-19 13:00:00+00:00,69.343636,71.609
2018-12-19 14:00:00+00:00,69.001114,71.098
2018-12-19 15:00:00+00:00,69.473755,72.232
2018-12-19 16:00:00+00:00,70.9808,73.335
2018-12-19 17:00:00+00:00,70.63155,72.298004
2018-12-19 18:00:00+00:00,67.68936,70.69701
2018-12-19 19:00:00+00:00,65.51759,66.722
2018-12-19 20:00:00+00:00,61.681507,63.871002
2018-12-19 21:00:00+00:00,59.86697,60.892002
2018-12-19 22:00:00+00:00,56.08597,55.971
2018-12-19 23:00:00+00:00,52.086464,51.696
2018-12-20 00:00:00+00:00,49.558163,50.312
2018-12-20 01:00:00+00:00,48.949993,49.31
2018-12-20 02:00:00+00:00,48.64042,49.421
2018-12-20 03:00:00+00:00,49.936153,50.662003
2018-12-20 04:00:00+00:00,52.127533,53.298004
2018-12-20 05:00:00+00:00,58.906708,60.312
2018-12-20 06:00:00+00:00,64.48387,67.08
2018-12-20 07:00:00+00:00,67.66702,70.04
2018-12-20 08:00:00+00:00,67.99623,70.266
2018-12-20 09:00:00+00:00,68.470116,70.657
2018-12-20 10:00:00+00:00,68.832115,71.125
2018-12-20 11:00:00+00:00,68.444244,70.861
2018-12-20 12:00:00+00:00,67.77889,70.174995
2018-12-20 13:00:00+00:00,67.13436,69.397995
2018-12-20 14:00:00+00:00,66.685,69.019
2018-12-20 15:00:00+00:00,67.051125,70.142
2018-12-20 16:00:00+00:00,68.71046,71.443
2018-12-20 17:00:00+00:00,68.96026,70.443
2018-12-20 18:00:00+00:00,66.241165,68.740005
2018-12-20 19:00:00+00:00,64.11274,64.466
2018-12-20 20:00:00+00:00,60.011448,61.187
2018-12-20 21:00:00+00:00,57.81359,58.386997
2018-12-20 22:00:00+00:00,53.54203,54.157997
2018-12-20 23:00:00+00:00,50.25856,50.663002
2018-12-21 00:00:00+00:00,48.232445,48.550003
2018-12-21 01:00:00+00:00,46.861046,47.031998
2018-12-21 02:00:00+00:00,46.32896,46.942
2018-12-21 03:00:00+00:00,47.426163,48.034
2018-12-21 04:00:00+00:00,49.35297,50.646
2018-12-21 05:00:00+00:00,56.31981,56.545
2018-12-21 06:00:00+00:00,61.102257,62.928997
2018-12-21 07:00:00+00:00,64.741165,66.845
2018-12-21 08:00:00+00:00,65.86157,68.14
2018-12-21 09:00:00+00:00,66.60313,68.902
2018-12-21 10:00:00+00:00,67.172775,68.862
2018-12-21 11:00:00+00:00,66.51321,68.422
2018-12-21 12:00:00+00:00,65.618614,67.173
2018-12-21 13:00:00+00:00,64.25674,64.763
2018-12-21 14:00:00+00:00,61.94659,64.29401
2018-12-21 15:00:00+00:00,62.383236,66.50201
2018-12-21 16:00:00+00:00,66.12665,67.32
2018-12-21 17:00:00+00:00,65.6678,66.515
2018-12-21 18:00:00+00:00,62.928104,64.508
2018-12-21 19:00:00+00:00,60.58936,60.159
2018-12-21 20:00:00+00:00,56.41103,57.505
2018-12-21 21:00:00+00:00,54.722538,54.892998
2018-12-21 22:00:00+00:00,50.326756,51.104
2018-12-21 23:00:00+00:00,47.56668,47.631
2018-12-22 00:00:00+00:00,45.400307,45.118
2018-12-22 01:00:00+00:00,43.556084,43.341
2018-12-22 02:00:00+00:00,42.480164,42.842003
2018-12-22 03:00:00+00:00,42.756966,43.553
2018-12-22 04:00:00+00:00,44.092472,43.91
2018-12-22 05:00:00+00:00,44.91767,44.862
2018-12-22 06:00:00+00:00,47.49343,47.990997
2018-12-22 07:00:00+00:00,50.8492,51.850998
2018-12-22 08:00:00+00:00,53.82579,55.095005
2018-12-22 09:00:00+00:00,55.54968,56.498
2018-12-22 10:00:00+00:00,55.391094,58.047
2018-12-22 11:00:00+00:00,56.359108,57.369
2018-12-22 12:00:00+00:00,54.855896,55.912003
2018-12-22 13:00:00+00:00,53.581165,55.162003
2018-12-22 14:00:00+00:00,53.90062,55.218002
2018-12-22 15:00:00+00:00,55.166267,57.026
2018-12-22 16:00:00+00:00,57.64013,59.276
2018-12-22 17:00:00+00:00,58.385418,59.945
2018-12-22 18:00:00+00:00,56.89272,58.004
2018-12-22 19:00:00+00:00,54.323956,54.371
2018-12-22 20:00:00+00:00,51.6028,51.92
2018-12-22 21:00:00+00:00,50.016266,51.012997
2018-12-22 22:00:00+00:00,48.0014,46.843
2018-12-22 23:00:00+00:00,43.678455,43.621
2018-12-23 00:00:00+00:00,41.89529,41.486
2018-12-23 01:00:00+00:00,40.192715,40.258
2018-12-23 02:00:00+00:00,39.938732,39.668
2018-12-23 03:00:00+00:00,39.958256,39.84
2018-12-23 04:00:00+00:00,40.434166,39.651
2018-12-23 05:00:00+00:00,39.99414,39.552998
2018-12-23 06:00:00+00:00,40.913254,41.766
2018-12-23 07:00:00+00:00,44.95644,45.195
2018-12-23 08:00:00+00:00,48.130287,48.465996
2018-12-23 09:00:00+00:00,50.65151,51.182
2018-12-23 10:00:00+00:00,51.764233,53.776
2018-12-23 11:00:00+00:00,53.118473,54.079
2018-12-23 12:00:00+00:00,52.071384,52.976
2018-12-23 13:00:00+00:00,50.442837,51.712
2018-12-23 14:00:00+00:00,49.60693,51.43
2018-12-23 15:00:00+00:00,50.783077,53.144
2018-12-23 16:00:00+00:00,54.40274,54.714005
2018-12-23 17:00:00+00:00,54.951546,54.869003
2018-12-23 18:00:00+00:00,53.35244,53.53
2018-12-23 19:00:00+00:00,51.373634,51.008
2018-12-23 20:00:00+00:00,49.04953,48.5
2018-12-23 21:00:00+00:00,47.350334,48.194
2018-12-23 22:00:00+00:00,46.512115,44.301
2018-12-23 23:00:00+00:00,41.561886,40.947
2018-12-24 00:00:00+00:00,39.68273,38.665
2018-12-24 01:00:00+00:00,37.719868,38.104
2018-12-24 02:00:00+00:00,37.808628,38.232
2018-12-24 03:00:00+00:00,38.730145,39.419
2018-12-24 04:00:00+00:00,41.262665,40.474003
2018-12-24 05:00:00+00:00,43.681393,41.452
2018-12-24 06:00:00+00:00,45.01039,44.827
2018-12-24 07:00:00+00:00,48.59036,49.227997
2018-12-24 08:00:00+00:00,52.30349,52.954002
2018-12-24 09:00:00+00:00,54.401257,53.071
2018-12-24 10:00:00+00:00,52.803665,53.338997
2018-12-24 11:00:00+00:00,52.423935,52.638
2018-12-24 12:00:00+00:00,50.8486,51.656002
2018-12-24 13:00:00+00:00,50.08902,50.031002
2018-12-24 14:00:00+00:00,49.038406,49.642998
2018-12-24 15:00:00+00:00,50.0429,51.217
2018-12-24 16:00:00+00:00,52.907417,54.038002
2018-12-24 17:00:00+00:00,54.85559,52.699997
2018-12-24 18:00:00+00:00,50.577232,50.525997
2018-12-24 19:00:00+00:00,48.48395,47.994003
2018-12-24 20:00:00+00:00,46.606373,46.577
2018-12-24 21:00:00+00:00,45.13342,46.93
2018-12-24 22:00:00+00:00,44.621902,44.600998
2018-12-24 23:00:00+00:00,41.631287,42.436
2018-12-25 00:00:00+00:00,40.565144,40.443
2018-12-25 01:00:00+00:00,39.29276,39.413998
2018-12-25 02:00:00+00:00,39.16715,39.08
2018-12-25 03:00:00+00:00,39.202217,39.118
2018-12-25 04:00:00+00:00,39.488873,39.314
2018-12-25 05:00:00+00:00,40.14151,38.742
2018-12-25 06:00:00+00:00,40.762165,40.267
2018-12-25 07:00:00+00:00,43.29083,43.238003
2018-12-25 08:00:00+00:00,45.81627,47.285
2018-12-25 09:00:00+00:00,49.643936,50.418
2018-12-25 10:00:00+00:00,51.258293,52.321
2018-12-25 11:00:00+00:00,51.392963,51.105003
2018-12-25 12:00:00+00:00,48.76951,48.801003
2018-12-25 13:00:00+00:00,46.55243,47.26
2018-12-25 14:00:00+00:00,45.968624,46.330997
2018-12-25 15:00:00+00:00,46.57927,48.168
2018-12-25 16:00:00+00:00,50.592968,50.81
2018-12-25 17:00:00+00:00,52.294647,51.599003
2018-12-25 18:00:00+00:00,50.725754,50.704998
2018-12-25 19:00:00+00:00,48.98189,49.332
2018-12-25 20:00:00+00:00,47.893837,47.940002
2018-12-25 21:00:00+00:00,46.4387,47.944
2018-12-25 22:00:00+00:00,45.681606,44.878998
2018-12-25 23:00:00+00:00,41.927452,43.037
2018-12-26 00:00:00+00:00,41.304256,41.668
2018-12-26 01:00:00+00:00,40.66279,40.435
2018-12-26 02:00:00+00:00,40.28637,40.089
2018-12-26 03:00:00+00:00,40.543007,39.957
2018-12-26 04:00:00+00:00,40.49304,39.48
2018-12-26 05:00:00+00:00,39.972958,39.26
2018-12-26 06:00:00+00:00,40.73898,40.974
2018-12-26 07:00:00+00:00,43.95477,44.03
2018-12-26 08:00:00+00:00,47.004684,47.956
2018-12-26 09:00:00+00:00,50.645554,50.296
2018-12-26 10:00:00+00:00,51.100075,52.177998
2018-12-26 11:00:00+00:00,51.566433,51.765
2018-12-26 12:00:00+00:00,49.85383,49.551003
2018-12-26 13:00:00+00:00,47.310295,48.986
2018-12-26 14:00:00+00:00,47.986843,48.685
2018-12-26 15:00:00+00:00,48.863365,50.329
2018-12-26 16:00:00+00:00,52.19878,53.235
2018-12-26 17:00:00+00:00,54.615948,53.898003
2018-12-26 18:00:00+00:00,52.721684,53.048
2018-12-26 19:00:00+00:00,51.070393,51.005
2018-12-26 20:00:00+00:00,49.167797,50.142
2018-12-26 21:00:00+00:00,49.146553,49.343
2018-12-26 22:00:00+00:00,47.03437,46.554
2018-12-26 23:00:00+00:00,43.600227,44.326
2018-12-27 00:00:00+00:00,42.286373,42.406002
2018-12-27 01:00:00+00:00,41.00956,41.649
2018-12-27 02:00:00+00:00,41.404873,41.687
2018-12-27 03:00:00+00:00,42.259537,42.789
2018-12-27 04:00:00+00:00,44.722424,44.374
2018-12-27 05:00:00+00:00,49.019257,47.333
2018-12-27 06:00:00+00:00,52.733227,51.123997
2018-12-27 07:00:00+00:00,55.00449,54.917
2018-12-27 08:00:00+00:00,57.129734,57.129
2018-12-27 09:00:00+00:00,57.70317,58.384
2018-12-27 10:00:00+00:00,57.993916,59.119
2018-12-27 11:00:00+00:00,58.050907,59.127
2018-12-27 12:00:00+00:00,57.62319,57.878
2018-12-27 13:00:00+00:00,56.19641,56.795002
2018-12-27 14:00:00+00:00,55.635647,56.531002
2018-12-27 15:00:00+00:00,56.38957,58.492
2018-12-27 16:00:00+00:00,59.222466,61.274
2018-12-27 17:00:00+00:00,60.446762,61.017998
2018-12-27 18:00:00+00:00,57.741085,59.217003
2018-12-27 19:00:00+00:00,55.693615,55.793
2018-12-27 20:00:00+00:00,53.025684,53.036
2018-12-27 21:00:00+00:00,50.707806,51.627
2018-12-27 22:00:00+00:00,48.332817,48.677
2018-12-27 23:00:00+00:00,45.609104,46.149
2018-12-28 00:00:00+00:00,44.103657,43.896
2018-12-28 01:00:00+00:00,42.422985,42.908
2018-12-28 02:00:00+00:00,42.48968,42.695
2018-12-28 03:00:00+00:00,42.8455,43.096
2018-12-28 04:00:00+00:00,43.684025,44.638
2018-12-28 05:00:00+00:00,47.952682,47.616
2018-12-28 06:00:00+00:00,51.97486,50.817
2018-12-28 07:00:00+00:00,54.015533,53.963
2018-12-28 08:00:00+00:00,55.697193,56.152
2018-12-28 09:00:00+00:00,56.40396,57.338
2018-12-28 10:00:00+00:00,56.433235,57.923004
2018-12-28 11:00:00+00:00,56.39591,58.346
2018-12-28 12:00:00+00:00,56.768444,57.414
2018-12-28 13:00:00+00:00,55.66727,56.196
2018-12-28 14:00:00+00:00,54.88117,56.175003
2018-12-28 15:00:00+00:00,56.09382,58.099
2018-12-28 16:00:00+00:00,58.562675,60.734
2018-12-28 17:00:00+00:00,59.629814,60.487
2018-12-28 18:00:00+00:00,57.102818,58.593
2018-12-28 19:00:00+00:00,55.041393,55.37
2018-12-28 20:00:00+00:00,52.638596,53.384003
2018-12-28 21:00:00+00:00,51.069458,52.202
2018-12-28 22:00:00+00:00,48.662235,49.075
2018-12-28 23:00:00+00:00,45.978687,46.544003
2018-12-29 00:00:00+00:00,44.556953,44.016
2018-12-29 01:00:00+00:00,42.597378,43.227997
2018-12-29 02:00:00+00:00,43.033604,42.9
2018-12-29 03:00:00+00:00,43.122814,42.906998
2018-12-29 04:00:00+00:00,43.28742,42.947
2018-12-29 05:00:00+00:00,43.657253,43.58
2018-12-29 06:00:00+00:00,45.862953,46.568
2018-12-29 07:00:00+00:00,49.644234,50.4
2018-12-29 08:00:00+00:00,52.99986,53.589
2018-12-29 09:00:00+00:00,54.694427,55.306
2018-12-29 10:00:00+00:00,54.84314,56.502003
2018-12-29 11:00:00+00:00,55.176804,56.099003
2018-12-29 12:00:00+00:00,54.12756,55.21
2018-12-29 13:00:00+00:00,53.463573,54.429
2018-12-29 14:00:00+00:00,53.302853,54.905
2018-12-29 15:00:00+00:00,55.258114,56.978
2018-12-29 16:00:00+00:00,57.765,59.684002
2018-12-29 17:00:00+00:00,58.93565,59.753998
2018-12-29 18:00:00+00:00,56.749744,57.877003
2018-12-29 19:00:00+00:00,54.59577,54.441
2018-12-29 20:00:00+00:00,52.033375,52.267
2018-12-29 21:00:00+00:00,50.67559,51.049
2018-12-29 22:00:00+00:00,48.249573,48.032
2018-12-29 23:00:00+00:00,44.9381,44.786
2018-12-30 00:00:00+00:00,42.709866,42.875
2018-12-30 01:00:00+00:00,41.44912,41.307
2018-12-30 02:00:00+00:00,40.559834,40.621
2018-12-30 03:00:00+00:00,40.63451,40.848
2018-12-30 04:00:00+00:00,41.2868,40.804
2018-12-30 05:00:00+00:00,41.219704,40.415
2018-12-30 06:00:00+00:00,41.479954,41.934002
2018-12-30 07:00:00+00:00,44.78441,44.23
2018-12-30 08:00:00+00:00,46.818478,47.260998
2018-12-30 09:00:00+00:00,49.535202,50.144
2018-12-30 10:00:00+00:00,51.210526,52.93
2018-12-30 11:00:00+00:00,52.76205,52.258003
2018-12-30 12:00:00+00:00,50.181953,50.276
2018-12-30 13:00:00+00:00,47.827053,48.809998
2018-12-30 14:00:00+00:00,47.017654,49.276997
2018-12-30 15:00:00+00:00,49.786484,50.978
2018-12-30 16:00:00+00:00,52.85029,54.079
2018-12-30 17:00:00+00:00,55.329456,54.287003
2018-12-30 18:00:00+00:00,52.736134,52.789
2018-12-30 19:00:00+00:00,50.517387,50.308002
2018-12-30 20:00:00+00:00,48.51658,48.647
2018-12-30 21:00:00+00:00,47.635963,48.074997
2018-12-30 22:00:00+00:00,46.310085,45.512
2018-12-30 23:00:00+00:00,42.624435,42.9
2018-12-31 00:00:00+00:00,40.90906,40.755
2018-12-31 01:00:00+00:00,39.357487,39.516
2018-12-31 02:00:00+00:00,38.9737,39.287
2018-12-31 03:00:00+00:00,39.529263,40.008003
2018-12-31 04:00:00+00:00,41.03853,40.917
2018-12-31 05:00:00+00:00,43.30698,41.86
2018-12-31 06:00:00+00:00,45.035465,44.254
2018-12-31 07:00:00+00:00,47.769688,47.358997
2018-12-31 08:00:00+00:00,50.149765,50.024
2018-12-31 09:00:00+00:00,51.69117,51.428997
2018-12-31 10:00:00+00:00,51.67799,52.529
2018-12-31 11:00:00+00:00,51.907223,52.917004
2018-12-31 12:00:00+00:00,51.661427,52.136997
2018-12-31 13:00:00+00:00,50.613686,51.349
2018-12-31 14:00:00+00:00,50.34341,51.422
2018-12-31 15:00:00+00:00,51.609657,53.284
2018-12-31 16:00:00+00:00,54.75032,55.829002
2018-12-31 17:00:00+00:00,56.061504,55.489002
2018-12-31 18:00:00+00:00,53.564915,53.558
2018-12-31 19:00:00+00:00,51.285015,50.094
2018-12-31 20:00:00+00:00,48.400185,47.993
2018-12-31 21:00:00+00:00,46.644333,47.476
2018-12-31 22:00:00+00:00,45.068348,45.636
2018-12-31 23:00:00+00:00,42.987537,42.976
2019-01-01 00:00:00+00:00,41.029366,41.562
2019-01-01 01:00:00+00:00,40.550262,40.1
2019-01-01 02:00:00+00:00,39.54709,38.883
2019-01-01 03:00:00+00:00,38.679863,38.806
2019-01-01 04:00:00+00:00,38.720295,38.593002
2019-01-01 05:00:00+00:00,38.544827,38.14
2019-01-01 06:00:00+00:00,39.436382,38.742
2019-01-01 07:00:00+00:00,41.417675,39.256
2019-01-01 08:00:00+00:00,42.284622,42.017998
2019-01-01 09:00:00+00:00,44.649883,44.533
2019-01-01 10:00:00+00:00,46.306927,47.489
2019-01-01 11:00:00+00:00,48.287323,49.261
2019-01-01 12:00:00+00:00,48.548695,48.831997
2019-01-01 13:00:00+00:00,46.85184,48.595
2019-01-01 14:00:00+00:00,46.700565,48.826
2019-01-01 15:00:00+00:00,47.83331,50.626
2019-01-01 16:00:00+00:00,51.231068,53.793
2019-01-01 17:00:00+00:00,54.496426,54.371
2019-01-01 18:00:00+00:00,53.137386,53.815002
2019-01-01 19:00:00+00:00,52.015724,51.609
2019-01-01 20:00:00+00:00,49.915585,49.697998
2019-01-01 21:00:00+00:00,48.740887,48.858997
2019-01-01 22:00:00+00:00,47.37028,46.093002
2019-01-01 23:00:00+00:00,43.411182,44.318
2019-01-02 00:00:00+00:00,42.44895,42.813
2019-01-02 01:00:00+00:00,41.332016,42.318
2019-01-02 02:00:00+00:00,42.067776,41.934002
2019-01-02 03:00:00+00:00,42.37724,43.607002
2019-01-02 04:00:00+00:00,46.02787,46.463
2019-01-02 05:00:00+00:00,53.290863,52.329
2019-01-02 06:00:00+00:00,58.602146,57.736004
2019-01-02 07:00:00+00:00,61.034542,60.956
2019-01-02 08:00:00+00:00,62.131283,62.832996
2019-01-02 09:00:00+00:00,63.36015,64.258995
2019-01-02 10:00:00+00:00,64.01072,65.434
2019-01-02 11:00:00+00:00,64.13274,65.705
2019-01-02 12:00:00+00:00,63.695564,64.849
2019-01-02 13:00:00+00:00,62.432858,63.278
2019-01-02 14:00:00+00:00,60.805454,63.354
2019-01-02 15:00:00+00:00,61.44759,64.29
2019-01-02 16:00:00+00:00,63.1105,68.262
2019-01-02 17:00:00+00:00,66.40099,68.159
2019-01-02 18:00:00+00:00,63.9189,66.061
2019-01-02 19:00:00+00:00,61.147232,62.543003
2019-01-02 20:00:00+00:00,58.562973,59.581
2019-01-02 21:00:00+00:00,56.26775,57.599003
2019-01-02 22:00:00+00:00,53.559322,53.28
2019-01-02 23:00:00+00:00,49.218468,49.918
2019-01-03 00:00:00+00:00,47.346462,48.637997
2019-01-03 01:00:00+00:00,46.829906,48.081997
2019-01-03 02:00:00+00:00,47.49987,47.860996
2019-01-03 03:00:00+00:00,48.301037,48.411
2019-01-03 04:00:00+00:00,49.657635,50.986
2019-01-03 05:00:00+00:00,57.00361,55.857
2019-01-03 06:00:00+00:00,60.547577,60.948
2019-01-03 07:00:00+00:00,63.361042,64.162
2019-01-03 08:00:00+00:00,64.35776,65.966
2019-01-03 09:00:00+00:00,65.28912,66.379005
2019-01-03 10:00:00+00:00,65.16867,67.625
2019-01-03 11:00:00+00:00,65.6972,67.794
2019-01-03 12:00:00+00:00,65.29936,66.551
2019-01-03 13:00:00+00:00,63.734543,65.506004
2019-01-03 14:00:00+00:00,62.949196,64.853004
2019-01-03 15:00:00+00:00,62.844093,65.985
2019-01-03 16:00:00+00:00,64.7942,69.21
2019-01-03 17:00:00+00:00,67.273094,69.159
2019-01-03 18:00:00+00:00,64.868805,67.078
2019-01-03 19:00:00+00:00,62.185295,63.478
2019-01-03 20:00:00+00:00,59.427483,60.663002
2019-01-03 21:00:00+00:00,57.304165,58.35
2019-01-03 22:00:00+00:00,54.24434,55.086998
2019-01-03 23:00:00+00:00,51.01841,51.718
2019-01-04 00:00:00+00:00,48.69206,49.156998
2019-01-04 01:00:00+00:00,47.00291,48.594
2019-01-04 02:00:00+00:00,47.819244,48.642998
2019-01-04 03:00:00+00:00,48.779316,49.409
2019-01-04 04:00:00+00:00,50.396683,51.452
2019-01-04 05:00:00+00:00,56.46848,56.643
2019-01-04 06:00:00+00:00,61.151405,62.401
2019-01-04 07:00:00+00:00,64.46993,65.584
2019-01-04 08:00:00+00:00,65.147865,67.404
2019-01-04 09:00:00+00:00,66.30656,68.173
2019-01-04 10:00:00+00:00,66.67017,68.997
2019-01-04 11:00:00+00:00,66.70254,69.469
2019-01-04 12:00:00+00:00,66.71933,68.587006
2019-01-04 13:00:00+00:00,65.62992,67.122
2019-01-04 14:00:00+00:00,64.29901,66.818
2019-01-04 15:00:00+00:00,64.64382,68.104004
2019-01-04 16:00:00+00:00,66.66068,69.801
2019-01-04 17:00:00+00:00,67.511734,69.105
2019-01-04 18:00:00+00:00,65.19984,66.614
2019-01-04 19:00:00+00:00,62.46142,62.098003
2019-01-04 20:00:00+00:00,58.563046,59.305004
2019-01-04 21:00:00+00:00,56.67526,57.794
2019-01-04 22:00:00+00:00,53.945354,53.663998
2019-01-04 23:00:00+00:00,49.623886,50.780003
2019-01-05 00:00:00+00:00,48.227505,48.786003
2019-01-05 01:00:00+00:00,46.81019,47.649
2019-01-05 02:00:00+00:00,46.859966,47.137
2019-01-05 03:00:00+00:00,47.233448,47.921
2019-01-05 04:00:00+00:00,48.86457,47.767
2019-01-05 05:00:00+00:00,48.99261,48.420002
2019-01-05 06:00:00+00:00,51.367344,50.161
2019-01-05 07:00:00+00:00,52.711353,53.621002
2019-01-05 08:00:00+00:00,55.55794,56.532997
2019-01-05 09:00:00+00:00,57.181816,59.117
2019-01-05 10:00:00+00:00,58.571865,60.729
2019-01-05 11:00:00+00:00,59.1854,60.826
2019-01-05 12:00:00+00:00,58.555214,59.456
2019-01-05 13:00:00+00:00,57.102333,58.131
2019-01-05 14:00:00+00:00,56.33218,57.92
2019-01-05 15:00:00+00:00,57.279747,58.847
2019-01-05 16:00:00+00:00,58.973835,61.595
2019-01-05 17:00:00+00:00,61.1871,61.433
2019-01-05 18:00:00+00:00,58.578396,59.791
2019-01-05 19:00:00+00:00,56.444164,56.065998
2019-01-05 20:00:00+00:00,53.504223,53.525
2019-01-05 21:00:00+00:00,51.972626,52.34
2019-01-05 22:00:00+00:00,50.104183,48.703
2019-01-05 23:00:00+00:00,45.396156,45.59
2019-01-06 00:00:00+00:00,43.36372,43.535
2019-01-06 01:00:00+00:00,41.687428,42.181
2019-01-06 02:00:00+00:00,41.092804,41.981
2019-01-06 03:00:00+00:00,41.84041,41.903
2019-01-06 04:00:00+00:00,41.873177,41.3
2019-01-06 05:00:00+00:00,41.029327,40.917
2019-01-06 06:00:00+00:00,41.572598,42.04
2019-01-06 07:00:00+00:00,44.358383,44.988
2019-01-06 08:00:00+00:00,47.61625,48.812
2019-01-06 09:00:00+00:00,51.194244,51.933
2019-01-06 10:00:00+00:00,52.812653,54.496998
2019-01-06 11:00:00+00:00,53.8713,55.032997
2019-01-06 12:00:00+00:00,53.2162,53.673
2019-01-06 13:00:00+00:00,51.162167,53.218998
2019-01-06 14:00:00+00:00,51.644363,52.239998
2019-01-06 15:00:00+00:00,51.155243,53.738003
2019-01-06 16:00:00+00:00,54.927685,57.201
2019-01-06 17:00:00+00:00,57.817875,58.107
2019-01-06 18:00:00+00:00,56.06257,56.663
2019-01-06 19:00:00+00:00,53.73456,54.371
2019-01-06 20:00:00+00:00,52.084953,52.443
2019-01-06 21:00:00+00:00,50.654808,52.249
2019-01-06 22:00:00+00:00,50.247402,49.497
2019-01-06 23:00:00+00:00,45.98715,46.26
2019-01-07 00:00:00+00:00,43.802074,44.304
2019-01-07 01:00:00+00:00,42.63538,43.690998
2019-01-07 02:00:00+00:00,43.30897,44.287
2019-01-07 03:00:00+00:00,45.36705,46.2
2019-01-07 04:00:00+00:00,49.5786,50.649
2019-01-07 05:00:00+00:00,58.110493,59.542
2019-01-07 06:00:00+00:00,63.73716,66.261
2019-01-07 07:00:00+00:00,66.571686,68.96
2019-01-07 08:00:00+00:00,67.65119,69.247
2019-01-07 09:00:00+00:00,68.592575,70.469
2019-01-07 10:00:00+00:00,69.199326,71.36
2019-01-07 11:00:00+00:00,68.93301,70.861
2019-01-07 12:00:00+00:00,67.95317,70.827
2019-01-07 13:00:00+00:00,67.76085,70.353004
2019-01-07 14:00:00+00:00,67.498436,69.778
2019-01-07 15:00:00+00:00,67.33627,70.582
2019-01-07 16:00:00+00:00,68.81507,72.983
2019-01-07 17:00:00+00:00,70.160995,72.271
2019-01-07 18:00:00+00:00,67.505585,69.826
2019-01-07 19:00:00+00:00,64.58296,66.773
2019-01-07 20:00:00+00:00,62.022205,63.89
2019-01-07 21:00:00+00:00,59.36381,61.123997
2019-01-07 22:00:00+00:00,55.791763,57.444
2019-01-07 23:00:00+00:00,52.89634,53.754997
2019-01-08 00:00:00+00:00,50.491676,51.789997
2019-01-08 01:00:00+00:00,49.79087,51.217
2019-01-08 02:00:00+00:00,50.551224,51.792
2019-01-08 03:00:00+00:00,52.574516,53.483
2019-01-08 04:00:00+00:00,55.597294,56.535
2019-01-08 05:00:00+00:00,62.65211,64.186005
2019-01-08 06:00:00+00:00,67.419334,70.387
2019-01-08 07:00:00+00:00,69.729614,72.913
2019-01-08 08:00:00+00:00,70.18271,73.232
2019-01-08 09:00:00+00:00,70.88262,73.615
2019-01-08 10:00:00+00:00,71.029335,73.965004
2019-01-08 11:00:00+00:00,70.6534,74.062
2019-01-08 12:00:00+00:00,70.49832,73.619995
2019-01-08 13:00:00+00:00,70.1801,72.595
2019-01-08 14:00:00+00:00,69.66174,72.428
2019-01-08 15:00:00+00:00,70.3332,73.340004
2019-01-08 16:00:00+00:00,71.35902,75.056
2019-01-08 17:00:00+00:00,71.31797,74.557
2019-01-08 18:00:00+00:00,68.9754,72.894
2019-01-08 19:00:00+00:00,66.73453,69.352005
2019-01-08 20:00:00+00:00,63.669487,65.661
2019-01-08 21:00:00+00:00,60.96802,62.273003
2019-01-08 22:00:00+00:00,57.443565,58.913
2019-01-08 23:00:00+00:00,55.00307,54.556
2019-01-09 00:00:00+00:00,51.51555,53.114002
2019-01-09 01:00:00+00:00,51.490627,52.409
2019-01-09 02:00:00+00:00,51.559532,53.050003
2019-01-09 03:00:00+00:00,53.616833,54.543
2019-01-09 04:00:00+00:00,56.3267,57.435
2019-01-09 05:00:00+00:00,63.192528,64.437004
2019-01-09 06:00:00+00:00,67.69775,70.591
2019-01-09 07:00:00+00:00,69.95366,73.228004
2019-01-09 08:00:00+00:00,70.38102,73.458
2019-01-09 09:00:00+00:00,70.859665,74.727005
2019-01-09 10:00:00+00:00,71.6357,75.886
2019-01-09 11:00:00+00:00,71.74146,74.863
2019-01-09 12:00:00+00:00,70.771255,74.975
2019-01-09 13:00:00+00:00,71.011986,74.342
2019-01-09 14:00:00+00:00,70.93912,73.418
2019-01-09 15:00:00+00:00,70.54558,73.511
2019-01-09 16:00:00+00:00,71.23106,75.687996
2019-01-09 17:00:00+00:00,72.055466,74.823006
2019-01-09 18:00:00+00:00,69.39673,73.051
2019-01-09 19:00:00+00:00,66.943306,68.496
2019-01-09 20:00:00+00:00,63.230145,64.972
2019-01-09 21:00:00+00:00,60.74141,62.300003
2019-01-09 22:00:00+00:00,57.569283,57.412003
2019-01-09 23:00:00+00:00,53.269207,54.811996
2019-01-10 00:00:00+00:00,52.517864,52.638
2019-01-10 01:00:00+00:00,50.77022,51.671
2019-01-10 02:00:00+00:00,50.983826,51.664
2019-01-10 03:00:00+00:00,52.19751,52.566
2019-01-10 04:00:00+00:00,53.91448,55.366
2019-01-10 05:00:00+00:00,60.663975,62.424
2019-01-10 06:00:00+00:00,66.47602,68.130005
2019-01-10 07:00:00+00:00,68.63335,70.931
2019-01-10 08:00:00+00:00,69.15457,70.756004
2019-01-10 09:00:00+00:00,69.243774,71.821
2019-01-10 10:00:00+00:00,69.85078,72.286
2019-01-10 11:00:00+00:00,69.53301,72.042
2019-01-10 12:00:00+00:00,68.88378,71.568
2019-01-10 13:00:00+00:00,68.587105,70.434006
2019-01-10 14:00:00+00:00,67.9162,69.995
2019-01-10 15:00:00+00:00,68.19828,70.041
2019-01-10 16:00:00+00:00,68.91301,72.111
2019-01-10 17:00:00+00:00,69.990036,71.422
2019-01-10 18:00:00+00:00,67.344086,70.11
2019-01-10 19:00:00+00:00,65.20216,66.812004
2019-01-10 20:00:00+00:00,62.184074,63.343002
2019-01-10 21:00:00+00:00,59.44742,61.565998
2019-01-10 22:00:00+00:00,57.536858,57.911003
2019-01-10 23:00:00+00:00,53.639347,55.77
2019-01-11 00:00:00+00:00,53.137566,53.599
2019-01-11 01:00:00+00:00,51.3733,52.917004
2019-01-11 02:00:00+00:00,51.857853,53.186
2019-01-11 03:00:00+00:00,53.26376,54.12
2019-01-11 04:00:00+00:00,54.913963,56.777004
2019-01-11 05:00:00+00:00,61.694313,64.681
2019-01-11 06:00:00+00:00,67.32774,71.047
2019-01-11 07:00:00+00:00,69.64658,73.848
2019-01-11 08:00:00+00:00,70.247025,74.284
2019-01-11 09:00:00+00:00,71.16845,75.003
2019-01-11 10:00:00+00:00,71.56004,75.755005
2019-01-11 11:00:00+00:00,71.5181,75.272
2019-01-11 12:00:00+00:00,71.083435,73.979
2019-01-11 13:00:00+00:00,70.25157,71.844
2019-01-11 14:00:00+00:00,68.99719,70.993004
2019-01-11 15:00:00+00:00,69.18251,71.074
2019-01-11 16:00:00+00:00,70.2343,73.42
2019-01-11 17:00:00+00:00,71.13044,72.587
2019-01-11 18:00:00+00:00,68.08342,71.174
2019-01-11 19:00:00+00:00,65.638466,66.599
2019-01-11 20:00:00+00:00,61.561935,63.116005
2019-01-11 21:00:00+00:00,58.9164,60.631
2019-01-11 22:00:00+00:00,56.293163,57.127003
2019-01-11 23:00:00+00:00,53.409058,53.628002
2019-01-12 00:00:00+00:00,51.1127,51.19
2019-01-12 01:00:00+00:00,49.522415,49.635998
2019-01-12 02:00:00+00:00,48.721004,48.440998
2019-01-12 03:00:00+00:00,48.052555,47.975002
2019-01-12 04:00:00+00:00,47.935753,48.237
2019-01-12 05:00:00+00:00,48.445404,49.355
2019-01-12 06:00:00+00:00,51.278175,52.315998
2019-01-12 07:00:00+00:00,55.374817,56.23
2019-01-12 08:00:00+00:00,58.401005,59.208
2019-01-12 09:00:00+00:00,59.555676,61.712
2019-01-12 10:00:00+00:00,60.77501,63.507004
2019-01-12 11:00:00+00:00,61.61893,63.403
2019-01-12 12:00:00+00:00,60.682354,61.931004
2019-01-12 13:00:00+00:00,59.108665,60.820004
2019-01-12 14:00:00+00:00,58.294746,60.284
2019-01-12 15:00:00+00:00,58.482525,61.508003
2019-01-12 16:00:00+00:00,60.92557,64.203
2019-01-12 17:00:00+00:00,63.13107,64.165
2019-01-12 18:00:00+00:00,61.020546,61.980003
2019-01-12 19:00:00+00:00,58.215424,58.286
2019-01-12 20:00:00+00:00,55.424778,55.397
2019-01-12 21:00:00+00:00,53.304794,54.399
2019-01-12 22:00:00+00:00,52.8217,51.913
2019-01-12 23:00:00+00:00,48.25459,48.529
2019-01-13 00:00:00+00:00,45.504665,46.199
2019-01-13 01:00:00+00:00,43.917824,45.019
2019-01-13 02:00:00+00:00,43.619663,44.731
2019-01-13 03:00:00+00:00,44.50011,44.626
2019-01-13 04:00:00+00:00,44.874428,43.828
2019-01-13 05:00:00+00:00,43.593433,43.084
2019-01-13 06:00:00+00:00,43.19439,45.093
2019-01-13 07:00:00+00:00,47.75873,48.575
2019-01-13 08:00:00+00:00,51.60874,52.931
2019-01-13 09:00:00+00:00,55.185734,56.145004
2019-01-13 10:00:00+00:00,56.6295,59.215
2019-01-13 11:00:00+00:00,58.330463,59.519
2019-01-13 12:00:00+00:00,57.472412,58.461
2019-01-13 13:00:00+00:00,56.122997,57.494
2019-01-13 14:00:00+00:00,55.68991,57.195004
2019-01-13 15:00:00+00:00,56.098164,58.057
2019-01-13 16:00:00+00:00,57.97821,60.818
2019-01-13 17:00:00+00:00,60.584316,62.057003
2019-01-13 18:00:00+00:00,59.645695,60.629
2019-01-13 19:00:00+00:00,57.00431,58.052002
2019-01-13 20:00:00+00:00,54.99478,56.609
2019-01-13 21:00:00+00:00,54.113136,56.517998
2019-01-13 22:00:00+00:00,54.231155,54.162
2019-01-13 23:00:00+00:00,50.01586,51.449
2019-01-14 00:00:00+00:00,48.008583,49.574
2019-01-14 01:00:00+00:00,46.95463,49.003002
2019-01-14 02:00:00+00:00,47.720673,49.436
2019-01-14 03:00:00+00:00,49.549286,50.765
2019-01-14 04:00:00+00:00,52.427124,54.835003
2019-01-14 05:00:00+00:00,61.440765,63.589
2019-01-14 06:00:00+00:00,66.70554,70.444
2019-01-14 07:00:00+00:00,69.37006,73.034996
2019-01-14 08:00:00+00:00,70.30205,73.619
2019-01-14 09:00:00+00:00,71.37429,73.012
2019-01-14 10:00:00+00:00,70.865555,74.072
2019-01-14 11:00:00+00:00,70.99696,73.754
2019-01-14 12:00:00+00:00,70.51063,73.75
2019-01-14 13:00:00+00:00,70.19925,72.723
2019-01-14 14:00:00+00:00,69.81053,72.358
2019-01-14 15:00:00+00:00,70.24558,72.743004
2019-01-14 16:00:00+00:00,71.05776,76.03
2019-01-14 17:00:00+00:00,72.14518,75.128006
2019-01-14 18:00:00+00:00,69.20525,73.059
2019-01-14 19:00:00+00:00,66.54972,69.203995
2019-01-14 20:00:00+00:00,63.701015,65.316
2019-01-14 21:00:00+00:00,60.513306,62.499004
2019-01-14 22:00:00+00:00,57.878063,57.719
2019-01-14 23:00:00+00:00,53.573456,55.212
2019-01-15 00:00:00+00:00,52.804924,53.399002
2019-01-15 01:00:00+00:00,51.533394,52.662
2019-01-15 02:00:00+00:00,52.005295,52.790997
2019-01-15 03:00:00+00:00,53.387245,53.773003
2019-01-15 04:00:00+00:00,55.248676,57.076
2019-01-15 05:00:00+00:00,63.176193,63.805
2019-01-15 06:00:00+00:00,67.35277,70.349
2019-01-15 07:00:00+00:00,69.91079,73.543
2019-01-15 08:00:00+00:00,70.67075,73.231
2019-01-15 09:00:00+00:00,70.56189,74.307
2019-01-15 10:00:00+00:00,71.42751,75.474
2019-01-15 11:00:00+00:00,71.66257,74.659004
2019-01-15 12:00:00+00:00,70.61706,74.184006
2019-01-15 13:00:00+00:00,70.456856,73.065
2019-01-15 14:00:00+00:00,70.10308,72.731
2019-01-15 15:00:00+00:00,70.35097,72.593
2019-01-15 16:00:00+00:00,70.815056,74.543
2019-01-15 17:00:00+00:00,71.53403,73.83
2019-01-15 18:00:00+00:00,69.009605,72.196
2019-01-15 19:00:00+00:00,66.47582,68.651
2019-01-15 20:00:00+00:00,63.419533,65.235
2019-01-15 21:00:00+00:00,60.76195,62.22
2019-01-15 22:00:00+00:00,57.39982,58.045
2019-01-15 23:00:00+00:00,53.94119,54.850002
2019-01-16 00:00:00+00:00,52.174812,52.623
2019-01-16 01:00:00+00:00,50.720783,51.631
2019-01-16 02:00:00+00:00,50.75918,51.717003
2019-01-16 03:00:00+00:00,52.027863,53.589
2019-01-16 04:00:00+00:00,55.30304,56.758003
2019-01-16 05:00:00+00:00,62.67766,64.005
2019-01-16 06:00:00+00:00,67.31839,70.802
2019-01-16 07:00:00+00:00,70.00345,72.941
2019-01-16 08:00:00+00:00,70.039925,72.982
2019-01-16 09:00:00+00:00,70.54745,73.496
2019-01-16 10:00:00+00:00,71.0115,73.981
2019-01-16 11:00:00+00:00,70.59678,73.809
2019-01-16 12:00:00+00:00,70.186844,73.634
2019-01-16 13:00:00+00:00,70.15952,72.284
2019-01-16 14:00:00+00:00,69.41225,71.64101
2019-01-16 15:00:00+00:00,69.573006,72.069
2019-01-16 16:00:00+00:00,70.642815,75.187004
2019-01-16 17:00:00+00:00,71.7828,74.349
2019-01-16 18:00:00+00:00,68.757744,72.535
2019-01-16 19:00:00+00:00,66.3327,67.911
2019-01-16 20:00:00+00:00,62.670197,64.589005
2019-01-16 21:00:00+00:00,60.40476,61.747
2019-01-16 22:00:00+00:00,56.9437,57.961
2019-01-16 23:00:00+00:00,53.87629,55.056004
2019-01-17 00:00:00+00:00,52.354916,53.41
2019-01-17 01:00:00+00:00,51.587135,52.212
2019-01-17 02:00:00+00:00,51.244434,52.296997
2019-01-17 03:00:00+00:00,52.65015,54.01
2019-01-17 04:00:00+00:00,55.6953,56.918003
2019-01-17 05:00:00+00:00,62.58777,64.242
2019-01-17 06:00:00+00:00,67.43456,71.012
2019-01-17 07:00:00+00:00,70.07872,73.502
2019-01-17 08:00:00+00:00,70.31643,73.129005
2019-01-17 09:00:00+00:00,70.56545,73.618004
2019-01-17 10:00:00+00:00,71.0773,74.577
2019-01-17 11:00:00+00:00,71.04623,74.288
2019-01-17 12:00:00+00:00,70.473,74.117004
2019-01-17 13:00:00+00:00,70.44115,73.229
2019-01-17 14:00:00+00:00,70.14327,72.014
2019-01-17 15:00:00+00:00,69.69742,71.722
2019-01-17 16:00:00+00:00,70.18145,74.59901
2019-01-17 17:00:00+00:00,71.65032,74.689
2019-01-17 18:00:00+00:00,69.27992,72.969
2019-01-17 19:00:00+00:00,66.46251,69.412994
2019-01-17 20:00:00+00:00,63.83387,65.861
2019-01-17 21:00:00+00:00,61.06105,62.706
2019-01-17 22:00:00+00:00,57.750954,58.2
2019-01-17 23:00:00+00:00,53.99694,56.003998
2019-01-18 00:00:00+00:00,53.48211,53.694
2019-01-18 01:00:00+00:00,51.45339,52.374
2019-01-18 02:00:00+00:00,51.24607,52.249
2019-01-18 03:00:00+00:00,52.414825,53.350002
2019-01-18 04:00:00+00:00,54.52185,55.931
2019-01-18 05:00:00+00:00,60.47704,63.143
2019-01-18 06:00:00+00:00,67.00717,69.628
2019-01-18 07:00:00+00:00,69.54469,71.801
2019-01-18 08:00:00+00:00,69.479164,72.309
2019-01-18 09:00:00+00:00,70.31027,71.87701
2019-01-18 10:00:00+00:00,69.950294,71.883995
2019-01-18 11:00:00+00:00,69.24721,70.847
2019-01-18 12:00:00+00:00,68.246086,69.447
2019-01-18 13:00:00+00:00,66.97442,68.401
2019-01-18 14:00:00+00:00,66.53841,68.062004
2019-01-18 15:00:00+00:00,67.5385,67.803
2019-01-18 16:00:00+00:00,67.802315,70.733
2019-01-18 17:00:00+00:00,69.45806,70.666
2019-01-18 18:00:00+00:00,66.61948,68.912
2019-01-18 19:00:00+00:00,63.741436,65.011
2019-01-18 20:00:00+00:00,60.729702,62.234
2019-01-18 21:00:00+00:00,58.916798,59.746002
2019-01-18 22:00:00+00:00,55.55455,56.460003
2019-01-18 23:00:00+00:00,52.951714,53.299
2019-01-19 00:00:00+00:00,50.682316,51.546997
2019-01-19 01:00:00+00:00,49.655838,50.55
2019-01-19 02:00:00+00:00,49.334312,49.322002
2019-01-19 03:00:00+00:00,48.278072,48.968998
2019-01-19 04:00:00+00:00,48.368675,48.739
2019-01-19 05:00:00+00:00,48.007603,49.384003
2019-01-19 06:00:00+00:00,50.404858,52.23
2019-01-19 07:00:00+00:00,54.581776,56.320004
2019-01-19 08:00:00+00:00,58.109142,59.833
2019-01-19 09:00:00+00:00,60.009785,61.281
2019-01-19 10:00:00+00:00,59.822968,61.862003
2019-01-19 11:00:00+00:00,59.8606,60.557003
2019-01-19 12:00:00+00:00,58.119175,58.117004
2019-01-19 13:00:00+00:00,55.651432,56.2
2019-01-19 14:00:00+00:00,54.719944,56.438004
2019-01-19 15:00:00+00:00,56.99713,57.961
2019-01-19 16:00:00+00:00,59.391087,62.219
2019-01-19 17:00:00+00:00,62.422676,62.935
2019-01-19 18:00:00+00:00,59.60917,61.11
2019-01-19 19:00:00+00:00,56.86938,57.107002
2019-01-19 20:00:00+00:00,54.101936,54.378998
2019-01-19 21:00:00+00:00,52.492744,53.665
2019-01-19 22:00:00+00:00,51.618324,51.745
2019-01-19 23:00:00+00:00,48.44475,49.303
2019-01-20 00:00:00+00:00,46.70588,47.313004
2019-01-20 01:00:00+00:00,45.40116,46.2
2019-01-20 02:00:00+00:00,45.170288,45.555
2019-01-20 03:00:00+00:00,45.09979,45.156002
2019-01-20 04:00:00+00:00,44.877857,44.615
2019-01-20 05:00:00+00:00,44.160614,43.89
2019-01-20 06:00:00+00:00,43.93638,45.552002
2019-01-20 07:00:00+00:00,47.77008,48.931004
2019-01-20 08:00:00+00:00,51.731148,52.763
2019-01-20 09:00:00+00:00,54.742073,54.614002
2019-01-20 10:00:00+00:00,54.739708,56.211
2019-01-20 11:00:00+00:00,55.350227,56.107998
2019-01-20 12:00:00+00:00,54.50567,54.550003
2019-01-20 13:00:00+00:00,52.67098,52.649002
2019-01-20 14:00:00+00:00,51.223354,52.094
2019-01-20 15:00:00+00:00,52.153778,53.731003
2019-01-20 16:00:00+00:00,55.87553,58.766
2019-01-20 17:00:00+00:00,60.303417,60.626
2019-01-20 18:00:00+00:00,58.390438,59.426003
2019-01-20 19:00:00+00:00,55.59769,56.839
2019-01-20 20:00:00+00:00,54.018703,54.907997
2019-01-20 21:00:00+00:00,52.87662,55.726
2019-01-20 22:00:00+00:00,54.316437,53.197
2019-01-20 23:00:00+00:00,49.328033,51.967
2019-01-21 00:00:00+00:00,49.27676,49.859
2019-01-21 01:00:00+00:00,47.704754,48.975
2019-01-21 02:00:00+00:00,48.123154,49.141
2019-01-21 03:00:00+00:00,49.337822,50.498
2019-01-21 04:00:00+00:00,51.915363,54.504
2019-01-21 05:00:00+00:00,60.61386,63.218002
2019-01-21 06:00:00+00:00,66.10705,70.166
2019-01-21 07:00:00+00:00,68.86663,71.775
2019-01-21 08:00:00+00:00,69.14255,72.393
2019-01-21 09:00:00+00:00,70.528885,72.914
2019-01-21 10:00:00+00:00,70.72107,73.243004
2019-01-21 11:00:00+00:00,70.0923,72.116005
2019-01-21 12:00:00+00:00,69.14135,71.872
2019-01-21 13:00:00+00:00,68.92105,70.591
2019-01-21 14:00:00+00:00,68.17405,69.545
2019-01-21 15:00:00+00:00,67.8999,69.731
2019-01-21 16:00:00+00:00,69.090775,72.854004
2019-01-21 17:00:00+00:00,70.69175,73.562996
2019-01-21 18:00:00+00:00,68.42216,72.439
2019-01-21 19:00:00+00:00,65.95147,69.213
2019-01-21 20:00:00+00:00,63.442112,65.98801
2019-01-21 21:00:00+00:00,61.2281,63.751003
2019-01-21 22:00:00+00:00,58.91773,60.218998
2019-01-21 23:00:00+00:00,56.114613,57.173004
2019-01-22 00:00:00+00:00,54.223034,55.795
2019-01-22 01:00:00+00:00,53.795216,54.439003
2019-01-22 02:00:00+00:00,52.96656,53.776
2019-01-22 03:00:00+00:00,53.239853,54.515003
2019-01-22 04:00:00+00:00,55.161446,57.651997
2019-01-22 05:00:00+00:00,61.802464,65.264
2019-01-22 06:00:00+00:00,68.29668,71.493
2019-01-22 07:00:00+00:00,70.28079,73.774
2019-01-22 08:00:00+00:00,70.564865,74.512
2019-01-22 09:00:00+00:00,71.54422,74.776
2019-01-22 10:00:00+00:00,71.60431,75.244
2019-01-22 11:00:00+00:00,71.3614,75.088
2019-01-22 12:00:00+00:00,71.21174,74.669
2019-01-22 13:00:00+00:00,70.895424,74.209
2019-01-22 14:00:00+00:00,70.7616,73.496
2019-01-22 15:00:00+00:00,70.88473,72.784
2019-01-22 16:00:00+00:00,70.74696,75.672005
2019-01-22 17:00:00+00:00,72.11402,75.947
2019-01-22 18:00:00+00:00,70.1728,74.676
2019-01-22 19:00:00+00:00,67.616295,70.663
2019-01-22 20:00:00+00:00,64.72626,67.044
2019-01-22 21:00:00+00:00,62.20231,64.414
2019-01-22 22:00:00+00:00,59.40271,60.88
2019-01-22 23:00:00+00:00,56.692867,58.476
2019-01-23 00:00:00+00:00,55.580173,56.47
2019-01-23 01:00:00+00:00,54.17094,55.636
2019-01-23 02:00:00+00:00,54.357704,55.234997
2019-01-23 03:00:00+00:00,54.946358,55.523003
2019-01-23 04:00:00+00:00,56.03288,58.835003
2019-01-23 05:00:00+00:00,62.697544,66.169
2019-01-23 06:00:00+00:00,69.10211,72.709
2019-01-23 07:00:00+00:00,71.015915,74.528
2019-01-23 08:00:00+00:00,71.126976,75.236
2019-01-23 09:00:00+00:00,72.003944,75.888
2019-01-23 10:00:00+00:00,72.336296,75.981
2019-01-23 11:00:00+00:00,71.79134,75.576996
2019-01-23 12:00:00+00:00,71.51741,74.714
2019-01-23 13:00:00+00:00,71.08697,73.834
2019-01-23 14:00:00+00:00,70.67517,72.943
2019-01-23 15:00:00+00:00,70.78216,72.621
2019-01-23 16:00:00+00:00,71.03877,75.424995
2019-01-23 17:00:00+00:00,72.00145,75.077995
2019-01-23 18:00:00+00:00,69.45575,73.619995
2019-01-23 19:00:00+00:00,67.01155,70.018
2019-01-23 20:00:00+00:00,64.38482,66.723
2019-01-23 21:00:00+00:00,62.06591,64.639
2019-01-23 22:00:00+00:00,60.015076,60.752
2019-01-23 23:00:00+00:00,56.695457,58.252
2019-01-24 00:00:00+00:00,55.61305,56.25
2019-01-24 01:00:00+00:00,54.095703,54.88
2019-01-24 02:00:00+00:00,53.278732,54.864002
2019-01-24 03:00:00+00:00,54.57074,55.443996
2019-01-24 04:00:00+00:00,55.837505,58.055
2019-01-24 05:00:00+00:00,60.86683,65.072
2019-01-24 06:00:00+00:00,68.38483,71.262
2019-01-24 07:00:00+00:00,70.38688,73.341995
2019-01-24 08:00:00+00:00,70.39628,73.917
2019-01-24 09:00:00+00:00,71.2303,74.669
2019-01-24 10:00:00+00:00,71.62311,74.859
2019-01-24 11:00:00+00:00,71.1038,74.235
2019-01-24 12:00:00+00:00,70.61889,73.914
2019-01-24 13:00:00+00:00,70.51643,73.090004
2019-01-24 14:00:00+00:00,70.122734,72.687996
2019-01-24 15:00:00+00:00,70.42467,72.339
2019-01-24 16:00:00+00:00,70.62617,74.057
2019-01-24 17:00:00+00:00,71.161514,74.138
2019-01-24 18:00:00+00:00,69.27095,72.630005
2019-01-24 19:00:00+00:00,66.765205,68.853004
2019-01-24 20:00:00+00:00,63.696186,65.775
2019-01-24 21:00:00+00:00,61.658997,63.265
2019-01-24 22:00:00+00:00,58.742306,59.645
2019-01-24 23:00:00+00:00,55.771633,57.260002
2019-01-25 00:00:00+00:00,54.71748,55.614002
2019-01-25 01:00:00+00:00,53.60336,54.538998
2019-01-25 02:00:00+00:00,53.18906,53.779
2019-01-25 03:00:00+00:00,53.18407,54.548
2019-01-25 04:00:00+00:00,55.036167,57.565
2019-01-25 05:00:00+00:00,61.5821,64.763
2019-01-25 06:00:00+00:00,67.69923,70.458
2019-01-25 07:00:00+00:00,69.70537,72.822
2019-01-25 08:00:00+00:00,70.05885,73.865
2019-01-25 09:00:00+00:00,71.11562,74.851
2019-01-25 10:00:00+00:00,71.506485,74.647995
2019-01-25 11:00:00+00:00,70.833015,74.216
2019-01-25 12:00:00+00:00,70.562164,72.76
2019-01-25 13:00:00+00:00,69.621414,71.572
2019-01-25 14:00:00+00:00,68.883095,70.471
2019-01-25 15:00:00+00:00,68.899284,70.086
2019-01-25 16:00:00+00:00,69.39947,73.077
2019-01-25 17:00:00+00:00,71.11113,73.421
2019-01-25 18:00:00+00:00,68.753,71.907005
2019-01-25 19:00:00+00:00,65.87584,67.547005
2019-01-25 20:00:00+00:00,62.54851,64.452995
2019-01-25 21:00:00+00:00,60.591206,62.915
2019-01-25 22:00:00+00:00,58.57459,59.753998
2019-01-25 23:00:00+00:00,55.787277,56.824
2019-01-26 00:00:00+00:00,54.08944,54.527004
2019-01-26 01:00:00+00:00,52.44683,52.927002
2019-01-26 02:00:00+00:00,51.369728,52.273003
2019-01-26 03:00:00+00:00,51.562267,52.013996
2019-01-26 04:00:00+00:00,51.64932,51.757
2019-01-26 05:00:00+00:00,51.398933,52.359
2019-01-26 06:00:00+00:00,53.09971,55.497
2019-01-26 07:00:00+00:00,58.484394,59.035
2019-01-26 08:00:00+00:00,61.19437,62.438004
2019-01-26 09:00:00+00:00,62.871735,64.213005
2019-01-26 10:00:00+00:00,63.17417,64.68
2019-01-26 11:00:00+00:00,62.89373,63.963997
2019-01-26 12:00:00+00:00,61.90649,61.731
2019-01-26 13:00:00+00:00,59.38871,60.543
2019-01-26 14:00:00+00:00,58.52576,59.897
2019-01-26 15:00:00+00:00,58.78677,60.035004
2019-01-26 16:00:00+00:00,60.021866,63.182
2019-01-26 17:00:00+00:00,63.586323,63.839005
2019-01-26 18:00:00+00:00,61.626354,61.657
2019-01-26 19:00:00+00:00,58.109787,58.044003
2019-01-26 20:00:00+00:00,55.52792,56.217003
2019-01-26 21:00:00+00:00,54.587563,55.203
2019-01-26 22:00:00+00:00,53.8416,52.044003
2019-01-26 23:00:00+00:00,48.70162,49.68
2019-01-27 00:00:00+00:00,47.36059,47.700996
2019-01-27 01:00:00+00:00,45.370876,46.103
2019-01-27 02:00:00+00:00,44.121143,45.719
2019-01-27 03:00:00+00:00,44.722958,45.942
2019-01-27 04:00:00+00:00,45.42075,45.467003
2019-01-27 05:00:00+00:00,44.706463,44.702
2019-01-27 06:00:00+00:00,44.680634,46.858
2019-01-27 07:00:00+00:00,49.103428,49.29
2019-01-27 08:00:00+00:00,51.23938,52.816
2019-01-27 09:00:00+00:00,54.38754,54.869003
2019-01-27 10:00:00+00:00,54.925694,57.351997
2019-01-27 11:00:00+00:00,56.733845,57.345
2019-01-27 12:00:00+00:00,55.668285,55.077
2019-01-27 13:00:00+00:00,52.976524,53.866
2019-01-27 14:00:00+00:00,52.87586,53.23
2019-01-27 15:00:00+00:00,53.111847,53.825
2019-01-27 16:00:00+00:00,55.224903,57.505
2019-01-27 17:00:00+00:00,58.922882,59.156002
2019-01-27 18:00:00+00:00,57.612556,58.317
2019-01-27 19:00:00+00:00,55.209457,56.198997
2019-01-27 20:00:00+00:00,53.65226,54.583
2019-01-27 21:00:00+00:00,52.692097,54.898
2019-01-27 22:00:00+00:00,52.749237,52.002003
2019-01-27 23:00:00+00:00,48.246933,49.677002
2019-01-28 00:00:00+00:00,47.205162,48.092
2019-01-28 01:00:00+00:00,46.477097,47.636997
2019-01-28 02:00:00+00:00,47.147655,48.260002
2019-01-28 03:00:00+00:00,48.884933,49.976
2019-01-28 04:00:00+00:00,52.954163,53.456
2019-01-28 05:00:00+00:00,59.400066,62.036
2019-01-28 06:00:00+00:00,65.066055,69.397995
2019-01-28 07:00:00+00:00,68.394615,71.774
2019-01-28 08:00:00+00:00,68.93166,72.722
2019-01-28 09:00:00+00:00,70.455154,73.481
2019-01-28 10:00:00+00:00,70.90773,73.963005
2019-01-28 11:00:00+00:00,70.425156,74.287
2019-01-28 12:00:00+00:00,70.52605,74.312004
2019-01-28 13:00:00+00:00,70.447784,73.44
2019-01-28 14:00:00+00:00,69.82023,72.617
2019-01-28 15:00:00+00:00,69.66821,71.959
2019-01-28 16:00:00+00:00,69.86698,73.924
2019-01-28 17:00:00+00:00,71.05526,73.725
2019-01-28 18:00:00+00:00,69.10581,71.925995
2019-01-28 19:00:00+00:00,66.18465,67.953
2019-01-28 20:00:00+00:00,62.736374,64.436
2019-01-28 21:00:00+00:00,60.065193,62.112
2019-01-28 22:00:00+00:00,57.15416,58.017002
2019-01-28 23:00:00+00:00,53.589066,55.022003
2019-01-29 00:00:00+00:00,52.331284,53.220997
2019-01-29 01:00:00+00:00,51.452297,52.269997
2019-01-29 02:00:00+00:00,51.637016,52.421997
2019-01-29 03:00:00+00:00,53.13227,53.621002
2019-01-29 04:00:00+00:00,55.38938,56.852997
2019-01-29 05:00:00+00:00,63.03369,64.607
2019-01-29 06:00:00+00:00,67.883,70.612
2019-01-29 07:00:00+00:00,69.91084,72.464
2019-01-29 08:00:00+00:00,69.945816,73.297
2019-01-29 09:00:00+00:00,71.05985,73.154
2019-01-29 10:00:00+00:00,70.71347,73.615
2019-01-29 11:00:00+00:00,70.3697,72.616
2019-01-29 12:00:00+00:00,69.6029,72.013
2019-01-29 13:00:00+00:00,69.07046,71.051
2019-01-29 14:00:00+00:00,68.74166,70.363
2019-01-29 15:00:00+00:00,69.0582,69.043
2019-01-29 16:00:00+00:00,68.38962,71.554
2019-01-29 17:00:00+00:00,70.07141,72.687996
2019-01-29 18:00:00+00:00,68.39212,71.552
2019-01-29 19:00:00+00:00,65.37999,68.205
2019-01-29 20:00:00+00:00,62.838776,64.051
2019-01-29 21:00:00+00:00,59.753223,61.468
2019-01-29 22:00:00+00:00,57.2558,57.595
2019-01-29 23:00:00+00:00,53.779247,55.256
2019-01-30 00:00:00+00:00,52.800373,53.719
2019-01-30 01:00:00+00:00,51.804325,52.899
2019-01-30 02:00:00+00:00,51.81417,52.953
2019-01-30 03:00:00+00:00,52.89112,53.936996
2019-01-30 04:00:00+00:00,54.701225,57.346
2019-01-30 05:00:00+00:00,62.395836,64.625
2019-01-30 06:00:00+00:00,67.24746,69.989006
2019-01-30 07:00:00+00:00,69.01204,71.636
2019-01-30 08:00:00+00:00,69.11219,71.545006
2019-01-30 09:00:00+00:00,69.61921,72.759
2019-01-30 10:00:00+00:00,70.26194,73.597
2019-01-30 11:00:00+00:00,70.16207,73.461
2019-01-30 12:00:00+00:00,69.80553,73.893
2019-01-30 13:00:00+00:00,70.24001,72.618004
2019-01-30 14:00:00+00:00,69.482376,71.256996
2019-01-30 15:00:00+00:00,68.681496,70.392006
2019-01-30 16:00:00+00:00,68.818794,72.624
2019-01-30 17:00:00+00:00,70.331314,73.14
2019-01-30 18:00:00+00:00,68.55868,71.762
2019-01-30 19:00:00+00:00,65.939095,67.672
2019-01-30 20:00:00+00:00,62.62242,64.466
2019-01-30 21:00:00+00:00,60.507694,62.06
2019-01-30 22:00:00+00:00,57.514946,58.071003
2019-01-30 23:00:00+00:00,53.990795,55.486004
2019-01-31 00:00:00+00:00,52.91789,53.646
2019-01-31 01:00:00+00:00,51.60624,52.548004
2019-01-31 02:00:00+00:00,51.420387,52.34
2019-01-31 03:00:00+00:00,52.280235,53.443
2019-01-31 04:00:00+00:00,54.4208,56.34
2019-01-31 05:00:00+00:00,61.692654,63.427002
2019-01-31 06:00:00+00:00,66.71881,69.598
2019-01-31 07:00:00+00:00,69.2008,71.459
2019-01-31 08:00:00+00:00,69.08006,71.700005
2019-01-31 09:00:00+00:00,69.77541,72.265
2019-01-31 10:00:00+00:00,70.105156,72.229004
2019-01-31 11:00:00+00:00,69.300865,71.814
2019-01-31 12:00:00+00:00,68.795074,71.319
2019-01-31 13:00:00+00:00,68.5077,70.191
2019-01-31 14:00:00+00:00,67.80818,69.397995
2019-01-31 15:00:00+00:00,67.858986,69.105
2019-01-31 16:00:00+00:00,68.32331,72.15501
2019-01-31 17:00:00+00:00,70.17515,72.959
2019-01-31 18:00:00+00:00,68.17637,71.698006
2019-01-31 19:00:00+00:00,65.5527,68.209
2019-01-31 20:00:00+00:00,62.949993,64.675
2019-01-31 21:00:00+00:00,60.405525,62.626
2019-01-31 22:00:00+00:00,58.246635,59.049004
2019-01-31 23:00:00+00:00,54.945534,56.472004
2019-02-01 00:00:00+00:00,53.668568,54.892998
2019-02-01 01:00:00+00:00,52.774185,54.356
2019-02-01 02:00:00+00:00,53.166958,54.354
2019-02-01 03:00:00+00:00,54.12621,55.131
2019-02-01 04:00:00+00:00,55.770645,58.131
2019-02-01 05:00:00+00:00,63.015526,64.634
2019-02-01 06:00:00+00:00,67.26644,70.661
2019-02-01 07:00:00+00:00,69.688545,73.044
2019-02-01 08:00:00+00:00,70.09232,74.065
2019-02-01 09:00:00+00:00,71.01815,74.951004
2019-02-01 10:00:00+00:00,71.527565,74.954
2019-02-01 11:00:00+00:00,71.00992,73.692
2019-02-01 12:00:00+00:00,70.111534,71.992
2019-02-01 13:00:00+00:00,69.04279,69.923004
2019-02-01 14:00:00+00:00,67.72471,68.832
2019-02-01 15:00:00+00:00,67.75526,68.277
2019-02-01 16:00:00+00:00,68.40028,70.548004
2019-02-01 17:00:00+00:00,69.689255,71.062996
2019-02-01 18:00:00+00:00,67.358246,69.657005
2019-02-01 19:00:00+00:00,64.404106,65.735
2019-02-01 20:00:00+00:00,61.169384,61.739002
2019-02-01 21:00:00+00:00,57.62037,59.625
2019-02-01 22:00:00+00:00,56.062542,55.274
2019-02-01 23:00:00+00:00,51.8286,52.195
2019-02-02 00:00:00+00:00,50.09503,50.28
2019-02-02 01:00:00+00:00,48.603596,48.767002
2019-02-02 02:00:00+00:00,47.59631,48.482
2019-02-02 03:00:00+00:00,48.074955,48.475
2019-02-02 04:00:00+00:00,48.16839,48.412
2019-02-02 05:00:00+00:00,47.842648,49.204002
2019-02-02 06:00:00+00:00,50.84991,52.296997
2019-02-02 07:00:00+00:00,54.52541,56.225998
2019-02-02 08:00:00+00:00,57.630352,59.964
2019-02-02 09:00:00+00:00,59.901413,61.582
2019-02-02 10:00:00+00:00,59.869682,62.45
2019-02-02 11:00:00+00:00,60.14376,61.401997
2019-02-02 12:00:00+00:00,58.698708,58.944
2019-02-02 13:00:00+00:00,56.072796,57.567
2019-02-02 14:00:00+00:00,55.865406,56.765003
2019-02-02 15:00:00+00:00,56.172405,57.224
2019-02-02 16:00:00+00:00,57.948147,60.768
2019-02-02 17:00:00+00:00,61.36875,62.468998
2019-02-02 18:00:00+00:00,59.826065,60.248
2019-02-02 19:00:00+00:00,56.01041,56.765003
2019-02-02 20:00:00+00:00,53.779472,53.837997
2019-02-02 21:00:00+00:00,51.656055,52.992
2019-02-02 22:00:00+00:00,50.57185,50.692
2019-02-02 23:00:00+00:00,47.221893,48.538998
2019-02-03 00:00:00+00:00,46.084755,46.635998
2019-02-03 01:00:00+00:00,44.85754,45.29
2019-02-03 02:00:00+00:00,44.39161,44.666
2019-02-03 03:00:00+00:00,44.43476,44.86
2019-02-03 04:00:00+00:00,45.14036,44.475002
2019-02-03 05:00:00+00:00,44.686447,44.095
2019-02-03 06:00:00+00:00,45.168396,45.488
2019-02-03 07:00:00+00:00,47.77221,49.064003
2019-02-03 08:00:00+00:00,51.783817,53.087997
2019-02-03 09:00:00+00:00,54.937077,55.413002
2019-02-03 10:00:00+00:00,55.47026,57.397003
2019-02-03 11:00:00+00:00,56.422672,57.149998
2019-02-03 12:00:00+00:00,55.253445,55.234
2019-02-03 13:00:00+00:00,53.13092,53.863
2019-02-03 14:00:00+00:00,52.59936,53.156998
2019-02-03 15:00:00+00:00,52.930904,53.298004
2019-02-03 16:00:00+00:00,54.37108,57.064
2019-02-03 17:00:00+00:00,58.813614,60.522003
2019-02-03 18:00:00+00:00,59.265213,59.64
2019-02-03 19:00:00+00:00,55.77289,57.064
2019-02-03 20:00:00+00:00,53.91293,54.795002
2019-02-03 21:00:00+00:00,52.542236,54.785
2019-02-03 22:00:00+00:00,52.635834,52.654003
2019-02-03 23:00:00+00:00,48.814407,50.449
2019-02-04 00:00:00+00:00,47.682934,49.209003
2019-02-04 01:00:00+00:00,47.487457,48.88
2019-02-04 02:00:00+00:00,48.287632,48.956
2019-02-04 03:00:00+00:00,49.36927,50.562
2019-02-04 04:00:00+00:00,53.23695,54.506
2019-02-04 05:00:00+00:00,60.569824,62.414
2019-02-04 06:00:00+00:00,65.39548,69.631
2019-02-04 07:00:00+00:00,68.70032,71.313
2019-02-04 08:00:00+00:00,68.897644,71.82
2019-02-04 09:00:00+00:00,70.0008,71.912
2019-02-04 10:00:00+00:00,70.09004,72.165
2019-02-04 11:00:00+00:00,69.39244,71.63
2019-02-04 12:00:00+00:00,68.75205,71.099
2019-02-04 13:00:00+00:00,68.27517,69.933
2019-02-04 14:00:00+00:00,67.57837,69.524
2019-02-04 15:00:00+00:00,68.04459,69.769
2019-02-04 16:00:00+00:00,68.897644,72.602
2019-02-04 17:00:00+00:00,70.15465,74.737
2019-02-04 18:00:00+00:00,69.067276,72.804
2019-02-04 19:00:00+00:00,65.71602,68.647995
2019-02-04 20:00:00+00:00,62.926224,64.628
2019-02-04 21:00:00+00:00,60.354485,62.345
2019-02-04 22:00:00+00:00,57.83577,59.105
2019-02-04 23:00:00+00:00,55.1329,56.249
2019-02-05 00:00:00+00:00,53.32815,54.172
2019-02-05 01:00:00+00:00,51.98528,53.065002
2019-02-05 02:00:00+00:00,51.90899,53.349
2019-02-05 03:00:00+00:00,53.487637,54.19
2019-02-05 04:00:00+00:00,55.14012,56.744
2019-02-05 05:00:00+00:00,61.60817,64.533005
2019-02-05 06:00:00+00:00,67.646194,71.252
2019-02-05 07:00:00+00:00,70.13023,73.265
2019-02-05 08:00:00+00:00,70.056595,73.867004
2019-02-05 09:00:00+00:00,71.18204,74.632
2019-02-05 10:00:00+00:00,71.602455,74.485
2019-02-05 11:00:00+00:00,70.760254,73.963005
2019-02-05 12:00:00+00:00,70.40581,72.876
2019-02-05 13:00:00+00:00,69.75521,71.715004
2019-02-05 14:00:00+00:00,69.04719,70.644
2019-02-05 15:00:00+00:00,69.06877,69.551
2019-02-05 16:00:00+00:00,68.96564,72.367004
2019-02-05 17:00:00+00:00,70.807236,73.982
2019-02-05 18:00:00+00:00,69.30825,72.403
2019-02-05 19:00:00+00:00,65.79615,68.682
2019-02-05 20:00:00+00:00,63.186996,65.492004
2019-02-05 21:00:00+00:00,61.086895,62.426003
2019-02-05 22:00:00+00:00,57.6097,58.153
2019-02-05 23:00:00+00:00,54.24134,55.039
2019-02-06 00:00:00+00:00,52.39372,53.065998
2019-02-06 01:00:00+00:00,51.02268,52.212997
2019-02-06 02:00:00+00:00,51.116814,52.966003
2019-02-06 03:00:00+00:00,53.286564,54.401
2019-02-06 04:00:00+00:00,55.614178,57.91
2019-02-06 05:00:00+00:00,63.292458,64.9
2019-02-06 06:00:00+00:00,67.63642,70.421
2019-02-06 07:00:00+00:00,69.47514,72.001
2019-02-06 08:00:00+00:00,69.52629,72.123
2019-02-06 09:00:00+00:00,70.09128,72.427
2019-02-06 10:00:00+00:00,70.12877,72.889
2019-02-06 11:00:00+00:00,69.80331,72.509
2019-02-06 12:00:00+00:00,69.32229,71.691
2019-02-06 13:00:00+00:00,68.7461,70.147995
2019-02-06 14:00:00+00:00,67.87322,69.073
2019-02-06 15:00:00+00:00,67.79197,68.544
2019-02-06 16:00:00+00:00,68.06078,71.681
2019-02-06 17:00:00+00:00,69.971146,73.848
2019-02-06 18:00:00+00:00,68.73095,72.751
2019-02-06 19:00:00+00:00,65.717636,69.143005
2019-02-06 20:00:00+00:00,63.281178,64.956
2019-02-06 21:00:00+00:00,60.50164,61.625
2019-02-06 22:00:00+00:00,57.1305,58.167
2019-02-06 23:00:00+00:00,54.493664,54.213
2019-02-07 00:00:00+00:00,51.225178,52.286
2019-02-07 01:00:00+00:00,50.227776,51.176003
2019-02-07 02:00:00+00:00,49.822575,52.076004
2019-02-07 03:00:00+00:00,52.303944,53.68
2019-02-07 04:00:00+00:00,54.938747,57.178
2019-02-07 05:00:00+00:00,62.64582,64.448
2019-02-07 06:00:00+00:00,67.27132,71.118004
2019-02-07 07:00:00+00:00,69.81594,73.979
2019-02-07 08:00:00+00:00,70.48021,74.834
2019-02-07 09:00:00+00:00,71.40674,75.563
2019-02-07 10:00:00+00:00,71.883575,76.311005
2019-02-07 11:00:00+00:00,71.844734,75.846
2019-02-07 12:00:00+00:00,71.406425,74.749
2019-02-07 13:00:00+00:00,70.726425,73.079
2019-02-07 14:00:00+00:00,69.84214,71.485
2019-02-07 15:00:00+00:00,69.30987,70.573
2019-02-07 16:00:00+00:00,69.70141,72.827995
2019-02-07 17:00:00+00:00,71.28934,75.057
2019-02-07 18:00:00+00:00,70.22399,72.675
2019-02-07 19:00:00+00:00,65.79388,68.556
2019-02-07 20:00:00+00:00,62.808064,64.858
2019-02-07 21:00:00+00:00,60.21844,62.877
2019-02-07 22:00:00+00:00,57.7593,58.989
2019-02-07 23:00:00+00:00,54.52687,56.259003
2019-02-08 00:00:00+00:00,53.551865,54.25
2019-02-08 01:00:00+00:00,52.330017,53.361
2019-02-08 02:00:00+00:00,52.536667,53.434998
2019-02-08 03:00:00+00:00,53.831173,54.118996
2019-02-08 04:00:00+00:00,55.27262,56.940998
2019-02-08 05:00:00+00:00,62.11697,64.063
2019-02-08 06:00:00+00:00,67.47703,71.168
2019-02-08 07:00:00+00:00,70.31546,72.672005
2019-02-08 08:00:00+00:00,69.89948,72.471
2019-02-08 09:00:00+00:00,70.37013,72.533
2019-02-08 10:00:00+00:00,70.59593,72.684006
2019-02-08 11:00:00+00:00,69.84065,72.272
2019-02-08 12:00:00+00:00,69.28371,70.789
2019-02-08 13:00:00+00:00,68.23974,69.187004
2019-02-08 14:00:00+00:00,67.26759,68.551
2019-02-08 15:00:00+00:00,67.9044,67.977
2019-02-08 16:00:00+00:00,68.04388,70.281
2019-02-08 17:00:00+00:00,69.20195,71.571
2019-02-08 18:00:00+00:00,67.62097,69.804
2019-02-08 19:00:00+00:00,64.21848,66.312
2019-02-08 20:00:00+00:00,61.72539,62.647003
2019-02-08 21:00:00+00:00,58.89469,61.072
2019-02-08 22:00:00+00:00,57.395344,57.801003
2019-02-08 23:00:00+00:00,54.253727,54.263
2019-02-09 00:00:00+00:00,51.534004,52.045998
2019-02-09 01:00:00+00:00,50.05792,50.7
2019-02-09 02:00:00+00:00,49.09685,50.505
2019-02-09 03:00:00+00:00,49.73101,50.773003
2019-02-09 04:00:00+00:00,50.418903,50.611
2019-02-09 05:00:00+00:00,50.083534,51.404
2019-02-09 06:00:00+00:00,53.12675,54.193
2019-02-09 07:00:00+00:00,56.402462,57.894
2019-02-09 08:00:00+00:00,59.36436,60.639
2019-02-09 09:00:00+00:00,60.534424,62.187
2019-02-09 10:00:00+00:00,60.842453,64.061005
2019-02-09 11:00:00+00:00,62.23655,63.206
2019-02-09 12:00:00+00:00,60.556366,61.306
2019-02-09 13:00:00+00:00,58.60472,59.921
2019-02-09 14:00:00+00:00,58.020645,59.091003
2019-02-09 15:00:00+00:00,57.867626,58.299004
2019-02-09 16:00:00+00:00,57.880623,60.995003
2019-02-09 17:00:00+00:00,61.700676,63.551
2019-02-09 18:00:00+00:00,61.81906,61.025
2019-02-09 19:00:00+00:00,57.037964,57.792
2019-02-09 20:00:00+00:00,55.03123,55.054
2019-02-09 21:00:00+00:00,52.988453,54.223
2019-02-09 22:00:00+00:00,52.352795,50.857002
2019-02-09 23:00:00+00:00,47.36905,46.568
2019-02-10 00:00:00+00:00,44.030502,44.212
2019-02-10 01:00:00+00:00,42.362133,44.101
2019-02-10 02:00:00+00:00,43.197987,44.083
2019-02-10 03:00:00+00:00,43.842922,44.107
2019-02-10 04:00:00+00:00,44.028988,43.656002
2019-02-10 05:00:00+00:00,43.446266,43.211998
2019-02-10 06:00:00+00:00,43.980453,45.141
2019-02-10 07:00:00+00:00,47.331013,48.561
2019-02-10 08:00:00+00:00,50.882393,51.969997
2019-02-10 09:00:00+00:00,53.55083,54.439003
2019-02-10 10:00:00+00:00,54.500317,57.187
2019-02-10 11:00:00+00:00,56.316406,57.699005
2019-02-10 12:00:00+00:00,55.741104,55.315998
2019-02-10 13:00:00+00:00,52.803085,54.186
2019-02-10 14:00:00+00:00,52.870296,53.601
2019-02-10 15:00:00+00:00,53.1892,53.859
2019-02-10 16:00:00+00:00,54.693718,56.954002
2019-02-10 17:00:00+00:00,58.011456,59.822002
2019-02-10 18:00:00+00:00,58.31564,58.998
2019-02-10 19:00:00+00:00,55.367283,56.301003
2019-02-10 20:00:00+00:00,53.244835,54.874004
2019-02-10 21:00:00+00:00,52.70997,55.002003
2019-02-10 22:00:00+00:00,52.162224,52.202
2019-02-10 23:00:00+00:00,48.201653,50.36
2019-02-11 00:00:00+00:00,47.679527,48.542
2019-02-11 01:00:00+00:00,46.797184,48.189
2019-02-11 02:00:00+00:00,47.888096,48.914
2019-02-11 03:00:00+00:00,49.831497,50.597
2019-02-11 04:00:00+00:00,54.01153,54.649
2019-02-11 05:00:00+00:00,61.002033,62.859997
2019-02-11 06:00:00+00:00,65.85155,70.041
2019-02-11 07:00:00+00:00,69.00763,72.696
2019-02-11 08:00:00+00:00,69.85751,73.437004
2019-02-11 09:00:00+00:00,70.931854,74.375
2019-02-11 10:00:00+00:00,71.50269,76.242004
2019-02-11 11:00:00+00:00,71.95792,75.648
2019-02-11 12:00:00+00:00,71.28795,74.529
2019-02-11 13:00:00+00:00,70.502235,73.346
2019-02-11 14:00:00+00:00,70.043434,72.185005
2019-02-11 15:00:00+00:00,69.71715,70.637
2019-02-11 16:00:00+00:00,69.22444,72.306
2019-02-11 17:00:00+00:00,70.728,74.312004
2019-02-11 18:00:00+00:00,70.03414,73.341
2019-02-11 19:00:00+00:00,66.65376,68.676
2019-02-11 20:00:00+00:00,62.5669,65.689
2019-02-11 21:00:00+00:00,61.08611,62.647003
2019-02-11 22:00:00+00:00,57.199905,57.975002
2019-02-11 23:00:00+00:00,53.65669,55.074997
2019-02-12 00:00:00+00:00,52.58281,53.545
2019-02-12 01:00:00+00:00,51.78769,51.854
2019-02-12 02:00:00+00:00,50.820644,52.288002
2019-02-12 03:00:00+00:00,53.031673,53.476
2019-02-12 04:00:00+00:00,55.11329,56.443
2019-02-12 05:00:00+00:00,62.289505,63.667004
2019-02-12 06:00:00+00:00,67.3592,69.584
2019-02-12 07:00:00+00:00,69.47512,71.64101
2019-02-12 08:00:00+00:00,69.546684,71.632
2019-02-12 09:00:00+00:00,69.995384,72.301
2019-02-12 10:00:00+00:00,70.29734,74.299
2019-02-12 11:00:00+00:00,70.92311,74.043
2019-02-12 12:00:00+00:00,70.35552,72.712
2019-02-12 13:00:00+00:00,69.316605,71.244995
2019-02-12 14:00:00+00:00,68.66745,69.941
2019-02-12 15:00:00+00:00,68.27727,68.954
2019-02-12 16:00:00+00:00,68.19306,70.336
2019-02-12 17:00:00+00:00,69.414635,72.675
2019-02-12 18:00:00+00:00,69.1692,71.133995
2019-02-12 19:00:00+00:00,65.362785,67.756004
2019-02-12 20:00:00+00:00,62.601364,63.687
2019-02-12 21:00:00+00:00,59.76284,61.439003
2019-02-12 22:00:00+00:00,57.104504,58.13
2019-02-12 23:00:00+00:00,54.28687,54.880997
2019-02-13 00:00:00+00:00,52.07072,53.240997
2019-02-13 01:00:00+00:00,51.41572,52.771
2019-02-13 02:00:00+00:00,51.813305,53.272
2019-02-13 03:00:00+00:00,53.378937,54.171
2019-02-13 04:00:00+00:00,54.99844,56.997997
2019-02-13 05:00:00+00:00,61.837284,65.382
2019-02-13 06:00:00+00:00,67.766,71.275
2019-02-13 07:00:00+00:00,69.6193,72.701004
2019-02-13 08:00:00+00:00,69.43758,72.481
2019-02-13 09:00:00+00:00,70.3368,73.487
2019-02-13 10:00:00+00:00,70.79966,73.414
2019-02-13 11:00:00+00:00,69.948494,71.923
2019-02-13 12:00:00+00:00,68.7495,70.768005
2019-02-13 13:00:00+00:00,68.08135,69.747
2019-02-13 14:00:00+00:00,67.701195,69.51
2019-02-13 15:00:00+00:00,68.503136,68.618
2019-02-13 16:00:00+00:00,68.04557,70.479996
2019-02-13 17:00:00+00:00,68.90309,73.328
2019-02-13 18:00:00+00:00,68.65235,72.095
2019-02-13 19:00:00+00:00,65.16306,68.22
2019-02-13 20:00:00+00:00,62.35783,65.028
2019-02-13 21:00:00+00:00,60.983517,62.096
2019-02-13 22:00:00+00:00,57.380226,57.65
2019-02-13 23:00:00+00:00,53.71383,54.121
2019-02-14 00:00:00+00:00,51.40794,52.017002
2019-02-14 01:00:00+00:00,49.820805,51.285
2019-02-14 02:00:00+00:00,50.14788,51.364
2019-02-14 03:00:00+00:00,51.186924,52.714996
2019-02-14 04:00:00+00:00,53.662846,56.788002
2019-02-14 05:00:00+00:00,62.57839,64.664
2019-02-14 06:00:00+00:00,67.35706,70.162994
2019-02-14 07:00:00+00:00,69.04208,71.491005
2019-02-14 08:00:00+00:00,69.06765,71.034004
2019-02-14 09:00:00+00:00,69.45047,70.611
2019-02-14 10:00:00+00:00,68.868065,70.515
2019-02-14 11:00:00+00:00,68.08034,69.727
2019-02-14 12:00:00+00:00,67.1354,68.765
2019-02-14 13:00:00+00:00,66.31718,67.713
2019-02-14 14:00:00+00:00,65.96704,67.076996
2019-02-14 15:00:00+00:00,66.505974,66.33
2019-02-14 16:00:00+00:00,66.14043,68.149
2019-02-14 17:00:00+00:00,67.20865,71.624
2019-02-14 18:00:00+00:00,67.61527,70.302
2019-02-14 19:00:00+00:00,63.6786,66.562996
2019-02-14 20:00:00+00:00,61.060253,63.624
2019-02-14 21:00:00+00:00,59.926605,61.142002
2019-02-14 22:00:00+00:00,56.505547,57.441
2019-02-14 23:00:00+00:00,53.65534,54.290997
2019-02-15 00:00:00+00:00,51.558346,52.554996
2019-02-15 01:00:00+00:00,50.42069,51.629997
2019-02-15 02:00:00+00:00,50.309765,52.064003
2019-02-15 03:00:00+00:00,51.872753,53.176
2019-02-15 04:00:00+00:00,53.775795,56.815998
2019-02-15 05:00:00+00:00,61.80357,64.108
2019-02-15 06:00:00+00:00,66.62807,69.597
2019-02-15 07:00:00+00:00,68.55407,70.59
2019-02-15 08:00:00+00:00,68.235664,70.362
2019-02-15 09:00:00+00:00,68.811386,70.876
2019-02-15 10:00:00+00:00,68.97813,70.484
2019-02-15 11:00:00+00:00,67.82852,68.591
2019-02-15 12:00:00+00:00,65.98922,66.771996
2019-02-15 13:00:00+00:00,64.53492,64.754005
2019-02-15 14:00:00+00:00,63.269382,64.151
2019-02-15 15:00:00+00:00,64.1494,63.983
2019-02-15 16:00:00+00:00,64.77409,66.35
2019-02-15 17:00:00+00:00,65.97983,70.11
2019-02-15 18:00:00+00:00,66.35732,69.072
2019-02-15 19:00:00+00:00,62.57533,65.229996
2019-02-15 20:00:00+00:00,59.957184,61.565998
2019-02-15 21:00:00+00:00,58.071747,59.186
2019-02-15 22:00:00+00:00,55.202496,54.967
2019-02-15 23:00:00+00:00,51.395855,51.128
2019-02-16 00:00:00+00:00,48.802666,48.987
2019-02-16 01:00:00+00:00,47.14032,47.977
2019-02-16 02:00:00+00:00,46.651787,48.031002
2019-02-16 03:00:00+00:00,47.538456,47.703
2019-02-16 04:00:00+00:00,46.89294,47.613003
2019-02-16 05:00:00+00:00,46.649742,49.094
2019-02-16 06:00:00+00:00,51.26028,52.232
2019-02-16 07:00:00+00:00,54.50881,56.027004
2019-02-16 08:00:00+00:00,57.410316,57.795002
2019-02-16 09:00:00+00:00,57.333454,58.46
2019-02-16 10:00:00+00:00,56.969795,58.513004
2019-02-16 11:00:00+00:00,56.588272,57.861
2019-02-16 12:00:00+00:00,55.815754,55.748997
2019-02-16 13:00:00+00:00,53.7184,54.0
2019-02-16 14:00:00+00:00,52.82834,52.511
2019-02-16 15:00:00+00:00,52.22126,52.798
2019-02-16 16:00:00+00:00,54.51338,56.607
2019-02-16 17:00:00+00:00,58.757267,61.198
2019-02-16 18:00:00+00:00,59.779373,59.785
2019-02-16 19:00:00+00:00,55.106567,56.733
2019-02-16 20:00:00+00:00,53.334538,53.905
2019-02-16 21:00:00+00:00,51.4891,51.937
2019-02-16 22:00:00+00:00,48.81706,49.133003
2019-02-16 23:00:00+00:00,46.16834,45.782
2019-02-17 00:00:00+00:00,43.56102,43.277
2019-02-17 01:00:00+00:00,41.70837,42.679
2019-02-17 02:00:00+00:00,42.032936,42.574
2019-02-17 03:00:00+00:00,42.464073,42.592
2019-02-17 04:00:00+00:00,42.580574,42.324
2019-02-17 05:00:00+00:00,42.328903,41.899002
2019-02-17 06:00:00+00:00,43.004536,43.229
2019-02-17 07:00:00+00:00,45.711613,46.772003
2019-02-17 08:00:00+00:00,49.408142,49.878998
2019-02-17 09:00:00+00:00,51.6969,52.008
2019-02-17 10:00:00+00:00,52.329235,53.766
2019-02-17 11:00:00+00:00,53.025967,52.753998
2019-02-17 12:00:00+00:00,50.578545,50.395
2019-02-17 13:00:00+00:00,48.019993,48.804
2019-02-17 14:00:00+00:00,47.671352,47.772
2019-02-17 15:00:00+00:00,47.946445,48.116
2019-02-17 16:00:00+00:00,49.91457,52.33
2019-02-17 17:00:00+00:00,55.303623,58.022003
2019-02-17 18:00:00+00:00,57.515392,57.388
2019-02-17 19:00:00+00:00,53.63723,54.445
2019-02-17 20:00:00+00:00,51.543453,52.227997
2019-02-17 21:00:00+00:00,50.5888,52.762
2019-02-17 22:00:00+00:00,50.279476,49.468998
2019-02-17 23:00:00+00:00,46.146126,47.457
2019-02-18 00:00:00+00:00,45.62278,45.878
2019-02-18 01:00:00+00:00,44.79182,45.674
2019-02-18 02:00:00+00:00,45.887856,46.38
2019-02-18 03:00:00+00:00,47.552284,48.440998
2019-02-18 04:00:00+00:00,52.62157,53.112
2019-02-18 05:00:00+00:00,59.542553,62.377
2019-02-18 06:00:00+00:00,65.13809,67.927
2019-02-18 07:00:00+00:00,67.21932,69.507
2019-02-18 08:00:00+00:00,67.77204,69.458
2019-02-18 09:00:00+00:00,68.70779,69.677
2019-02-18 10:00:00+00:00,68.30481,69.738
2019-02-18 11:00:00+00:00,67.47907,68.08
2019-02-18 12:00:00+00:00,65.63139,66.988
2019-02-18 13:00:00+00:00,64.51777,66.056
2019-02-18 14:00:00+00:00,64.25763,65.590004
2019-02-18 15:00:00+00:00,64.92864,64.567
2019-02-18 16:00:00+00:00,64.28355,66.761
2019-02-18 17:00:00+00:00,66.054726,70.683
2019-02-18 18:00:00+00:00,66.79381,69.604
2019-02-18 19:00:00+00:00,62.77283,65.936
2019-02-18 20:00:00+00:00,60.216953,62.248005
2019-02-18 21:00:00+00:00,58.082676,59.139
2019-02-18 22:00:00+00:00,54.51269,54.416
2019-02-18 23:00:00+00:00,50.761063,51.482
2019-02-19 00:00:00+00:00,49.11399,50.253
2019-02-19 01:00:00+00:00,48.64647,49.546
2019-02-19 02:00:00+00:00,48.866447,50.309002
2019-02-19 03:00:00+00:00,50.911118,51.297
2019-02-19 04:00:00+00:00,52.447823,55.089
2019-02-19 05:00:00+00:00,60.502907,63.889
2019-02-19 06:00:00+00:00,66.52198,69.788
2019-02-19 07:00:00+00:00,68.35878,72.209
2019-02-19 08:00:00+00:00,69.107155,71.876
2019-02-19 09:00:00+00:00,69.760605,71.646
2019-02-19 10:00:00+00:00,69.33599,71.958
2019-02-19 11:00:00+00:00,69.04705,71.453995
2019-02-19 12:00:00+00:00,68.36553,70.537
2019-02-19 13:00:00+00:00,67.4827,69.256004
2019-02-19 14:00:00+00:00,66.82995,68.494
2019-02-19 15:00:00+00:00,67.12313,67.932
2019-02-19 16:00:00+00:00,67.259674,69.801
2019-02-19 17:00:00+00:00,68.4027,73.262
2019-02-19 18:00:00+00:00,68.628845,71.876
2019-02-19 19:00:00+00:00,64.70869,67.622
2019-02-19 20:00:00+00:00,61.48333,64.027
2019-02-19 21:00:00+00:00,59.624596,60.795002
2019-02-19 22:00:00+00:00,55.58393,56.677002
2019-02-19 23:00:00+00:00,52.57341,53.38
2019-02-20 00:00:00+00:00,50.543095,51.989
2019-02-20 01:00:00+00:00,50.100574,50.732998
2019-02-20 02:00:00+00:00,49.737007,51.197
2019-02-20 03:00:00+00:00,51.703903,52.495
2019-02-20 04:00:00+00:00,53.99591,55.826
2019-02-20 05:00:00+00:00,61.70531,63.838
2019-02-20 06:00:00+00:00,67.00079,68.992
2019-02-20 07:00:00+00:00,68.50733,70.483
2019-02-20 08:00:00+00:00,68.51809,70.018
2019-02-20 09:00:00+00:00,68.94718,69.532
2019-02-20 10:00:00+00:00,68.12772,70.335
2019-02-20 11:00:00+00:00,68.04569,69.944
2019-02-20 12:00:00+00:00,67.40324,69.18
2019-02-20 13:00:00+00:00,66.62317,68.07
2019-02-20 14:00:00+00:00,66.155396,67.359
2019-02-20 15:00:00+00:00,66.41251,66.162
2019-02-20 16:00:00+00:00,65.572754,67.351
2019-02-20 17:00:00+00:00,66.51397,70.624
2019-02-20 18:00:00+00:00,67.34896,69.631
2019-02-20 19:00:00+00:00,63.652252,65.887
2019-02-20 20:00:00+00:00,60.667564,62.47
2019-02-20 21:00:00+00:00,59.086903,59.579998
2019-02-20 22:00:00+00:00,55.168854,55.111
2019-02-20 23:00:00+00:00,51.473263,51.413002
2019-02-21 00:00:00+00:00,49.065098,50.022
2019-02-21 01:00:00+00:00,48.193417,49.259
2019-02-21 02:00:00+00:00,48.19838,49.829002
2019-02-21 03:00:00+00:00,49.907322,51.328
2019-02-21 04:00:00+00:00,52.309025,54.688
2019-02-21 05:00:00+00:00,59.616127,62.934002
2019-02-21 06:00:00+00:00,65.64634,67.943
2019-02-21 07:00:00+00:00,67.13205,69.729004
2019-02-21 08:00:00+00:00,67.40798,70.166
2019-02-21 09:00:00+00:00,68.59628,70.527
2019-02-21 10:00:00+00:00,68.329994,70.66
2019-02-21 11:00:00+00:00,67.76239,68.942
2019-02-21 12:00:00+00:00,66.12205,68.801
2019-02-21 13:00:00+00:00,65.9889,68.381004
2019-02-21 14:00:00+00:00,66.10735,67.769005
2019-02-21 15:00:00+00:00,66.081696,66.67
2019-02-21 16:00:00+00:00,65.38255,68.321
2019-02-21 17:00:00+00:00,66.88551,71.043
2019-02-21 18:00:00+00:00,67.095726,70.372
2019-02-21 19:00:00+00:00,63.942776,66.490005
2019-02-21 20:00:00+00:00,60.665676,62.264
2019-02-21 21:00:00+00:00,58.134747,59.04
2019-02-21 22:00:00+00:00,54.255062,54.932
2019-02-21 23:00:00+00:00,51.03212,51.088
2019-02-22 00:00:00+00:00,48.560406,49.035
2019-02-22 01:00:00+00:00,47.256134,47.892998
2019-02-22 02:00:00+00:00,47.14066,48.652
2019-02-22 03:00:00+00:00,49.36674,50.249
2019-02-22 04:00:00+00:00,51.90465,54.326
2019-02-22 05:00:00+00:00,60.51762,62.461
2019-02-22 06:00:00+00:00,65.72796,67.617
2019-02-22 07:00:00+00:00,67.270386,70.003
2019-02-22 08:00:00+00:00,68.12578,70.817
2019-02-22 09:00:00+00:00,69.2518,71.47
2019-02-22 10:00:00+00:00,69.17855,71.928
2019-02-22 11:00:00+00:00,68.94221,70.28
2019-02-22 12:00:00+00:00,67.33439,67.936005
2019-02-22 13:00:00+00:00,65.04152,66.23
2019-02-22 14:00:00+00:00,63.948017,65.624
2019-02-22 15:00:00+00:00,64.80484,64.867004
2019-02-22 16:00:00+00:00,65.05374,65.866
2019-02-22 17:00:00+00:00,65.731705,68.806
2019-02-22 18:00:00+00:00,66.252815,67.853
2019-02-22 19:00:00+00:00,62.2724,64.02
2019-02-22 20:00:00+00:00,58.71976,60.923004
2019-02-22 21:00:00+00:00,57.116848,58.706
2019-02-22 22:00:00+00:00,53.698048,55.085
2019-02-22 23:00:00+00:00,51.002666,50.930004
2019-02-23 00:00:00+00:00,48.282177,48.829
2019-02-23 01:00:00+00:00,47.12677,47.417
2019-02-23 02:00:00+00:00,46.501617,47.739998
2019-02-23 03:00:00+00:00,48.03819,47.606003
2019-02-23 04:00:00+00:00,47.921734,47.602997
2019-02-23 05:00:00+00:00,47.92326,48.964996
2019-02-23 06:00:00+00:00,51.938107,51.982
2019-02-23 07:00:00+00:00,54.653023,56.279
2019-02-23 08:00:00+00:00,58.153122,57.882
2019-02-23 09:00:00+00:00,57.653698,58.470997
2019-02-23 10:00:00+00:00,57.260567,58.565998
2019-02-23 11:00:00+00:00,56.877743,57.623
2019-02-23 12:00:00+00:00,55.584213,56.166
2019-02-23 13:00:00+00:00,54.57857,54.062
2019-02-23 14:00:00+00:00,52.720383,52.993004
2019-02-23 15:00:00+00:00,53.07193,53.298004
2019-02-23 16:00:00+00:00,54.98699,55.702
2019-02-23 17:00:00+00:00,57.486843,60.069
2019-02-23 18:00:00+00:00,59.356445,59.174
2019-02-23 19:00:00+00:00,55.12964,55.998
2019-02-23 20:00:00+00:00,52.66489,53.798
2019-02-23 21:00:00+00:00,51.903416,52.782
2019-02-23 22:00:00+00:00,49.963036,49.510998
2019-02-23 23:00:00+00:00,46.23787,46.174
2019-02-24 00:00:00+00:00,43.90591,44.234
2019-02-24 01:00:00+00:00,42.552986,43.661
2019-02-24 02:00:00+00:00,42.942223,43.147
2019-02-24 03:00:00+00:00,42.766125,43.383
2019-02-24 04:00:00+00:00,43.38443,43.0
2019-02-24 05:00:00+00:00,42.899994,42.625
2019-02-24 06:00:00+00:00,43.577282,44.018
2019-02-24 07:00:00+00:00,46.409504,47.685997
2019-02-24 08:00:00+00:00,50.224426,50.194
2019-02-24 09:00:00+00:00,51.713646,51.115
2019-02-24 10:00:00+00:00,50.881397,52.463
2019-02-24 11:00:00+00:00,51.663437,52.052998
2019-02-24 12:00:00+00:00,50.175858,49.962997
2019-02-24 13:00:00+00:00,47.917423,48.031002
2019-02-24 14:00:00+00:00,47.087654,46.977
2019-02-24 15:00:00+00:00,47.37173,47.195004
2019-02-24 16:00:00+00:00,49.012356,50.821
2019-02-24 17:00:00+00:00,53.860176,56.597
2019-02-24 18:00:00+00:00,56.861443,56.293003
2019-02-24 19:00:00+00:00,53.19719,54.038002
2019-02-24 20:00:00+00:00,51.47719,52.23
2019-02-24 21:00:00+00:00,50.723225,52.126
2019-02-24 22:00:00+00:00,49.62499,49.245
2019-02-24 23:00:00+00:00,46.27838,47.071
2019-02-25 00:00:00+00:00,45.32567,45.596
2019-02-25 01:00:00+00:00,44.587177,44.861
2019-02-25 02:00:00+00:00,44.71407,45.577
2019-02-25 03:00:00+00:00,46.61472,47.209
2019-02-25 04:00:00+00:00,50.330246,51.888
2019-02-25 05:00:00+00:00,58.211784,61.125
2019-02-25 06:00:00+00:00,64.10115,65.856
2019-02-25 07:00:00+00:00,65.55991,66.686
2019-02-25 08:00:00+00:00,65.63781,66.923004
2019-02-25 09:00:00+00:00,66.88663,67.786
2019-02-25 10:00:00+00:00,66.67707,67.839
2019-02-25 11:00:00+00:00,65.7051,66.728
2019-02-25 12:00:00+00:00,64.40915,66.119
2019-02-25 13:00:00+00:00,63.7516,64.94
2019-02-25 14:00:00+00:00,62.946163,64.069
2019-02-25 15:00:00+00:00,62.790188,63.518
2019-02-25 16:00:00+00:00,62.904903,64.776
2019-02-25 17:00:00+00:00,63.87986,69.307
2019-02-25 18:00:00+00:00,65.95207,69.077
2019-02-25 19:00:00+00:00,62.57884,65.084
2019-02-25 20:00:00+00:00,59.247414,61.734005
2019-02-25 21:00:00+00:00,58.208294,58.546997
2019-02-25 22:00:00+00:00,53.874496,54.678
2019-02-25 23:00:00+00:00,51.060303,50.83
2019-02-26 00:00:00+00:00,48.36832,49.163998
2019-02-26 01:00:00+00:00,47.54211,48.331
2019-02-26 02:00:00+00:00,47.573704,48.536
2019-02-26 03:00:00+00:00,48.76115,49.889
2019-02-26 04:00:00+00:00,51.091244,53.938
2019-02-26 05:00:00+00:00,59.823406,62.505997
2019-02-26 06:00:00+00:00,65.53114,67.391
2019-02-26 07:00:00+00:00,66.83043,68.808
2019-02-26 08:00:00+00:00,67.01886,68.438995
2019-02-26 09:00:00+00:00,67.592674,69.173996
2019-02-26 10:00:00+00:00,67.56619,69.662
2019-02-26 11:00:00+00:00,67.142624,68.215
2019-02-26 12:00:00+00:00,65.46497,67.157
2019-02-26 13:00:00+00:00,64.4855,65.965
2019-02-26 14:00:00+00:00,63.882233,65.383
2019-02-26 15:00:00+00:00,64.254776,64.139
2019-02-26 16:00:00+00:00,63.482063,65.244
2019-02-26 17:00:00+00:00,64.588295,69.272
2019-02-26 18:00:00+00:00,66.29429,68.996
2019-02-26 19:00:00+00:00,62.728615,65.214005
2019-02-26 20:00:00+00:00,59.361115,61.419
2019-02-26 21:00:00+00:00,57.62046,58.333
2019-02-26 22:00:00+00:00,53.50852,54.177
2019-02-26 23:00:00+00:00,50.377014,51.111
2019-02-27 00:00:00+00:00,48.575073,49.618
2019-02-27 01:00:00+00:00,47.90634,49.166
2019-02-27 02:00:00+00:00,48.599983,50.117
2019-02-27 03:00:00+00:00,50.79635,51.873997
2019-02-27 04:00:00+00:00,54.699265,55.215
2019-02-27 05:00:00+00:00,60.310863,62.598
2019-02-27 06:00:00+00:00,65.459595,67.231995
2019-02-27 07:00:00+00:00,66.88293,68.704
2019-02-27 08:00:00+00:00,67.01135,68.571
2019-02-27 09:00:00+00:00,67.4928,69.592
2019-02-27 10:00:00+00:00,67.817,69.387
2019-02-27 11:00:00+00:00,66.819954,67.338005
2019-02-27 12:00:00+00:00,64.64906,66.393
2019-02-27 13:00:00+00:00,64.00274,65.083
2019-02-27 14:00:00+00:00,63.356148,64.172
2019-02-27 15:00:00+00:00,63.323605,63.817
2019-02-27 16:00:00+00:00,63.677647,65.393005
2019-02-27 17:00:00+00:00,64.628914,69.705
2019-02-27 18:00:00+00:00,66.085846,69.538
2019-02-27 19:00:00+00:00,62.808445,66.279
2019-02-27 20:00:00+00:00,60.181793,62.436
2019-02-27 21:00:00+00:00,58.54655,59.170002
2019-02-27 22:00:00+00:00,54.598736,55.748997
2019-02-27 23:00:00+00:00,52.183086,51.861
2019-02-28 00:00:00+00:00,49.135483,49.692997
2019-02-28 01:00:00+00:00,47.747646,49.145
2019-02-28 02:00:00+00:00,48.215366,49.475002
2019-02-28 03:00:00+00:00,49.423332,50.7
2019-02-28 04:00:00+00:00,51.553165,53.852997
2019-02-28 05:00:00+00:00,59.092644,61.841
2019-02-28 06:00:00+00:00,65.02759,67.322
2019-02-28 07:00:00+00:00,67.01511,69.466
2019-02-28 08:00:00+00:00,67.33799,68.833
2019-02-28 09:00:00+00:00,67.58084,68.511
2019-02-28 10:00:00+00:00,67.02356,69.435
2019-02-28 11:00:00+00:00,67.13219,68.076004
2019-02-28 12:00:00+00:00,65.40992,66.832
2019-02-28 13:00:00+00:00,64.12707,65.693
2019-02-28 14:00:00+00:00,63.68827,65.673
2019-02-28 15:00:00+00:00,64.77889,64.932
2019-02-28 16:00:00+00:00,64.2649,66.932
2019-02-28 17:00:00+00:00,65.831375,69.974
2019-02-28 18:00:00+00:00,66.29049,68.773
2019-02-28 19:00:00+00:00,62.539024,64.676
2019-02-28 20:00:00+00:00,59.41467,60.762
2019-02-28 21:00:00+00:00,57.04759,57.447998
2019-02-28 22:00:00+00:00,52.885548,52.816
2019-02-28 23:00:00+00:00,49.416603,49.538
2019-03-01 00:00:00+00:00,47.44199,48.114
2019-03-01 01:00:00+00:00,46.59221,47.28
2019-03-01 02:00:00+00:00,46.721462,47.532
2019-03-01 03:00:00+00:00,47.949078,49.155003
2019-03-01 04:00:00+00:00,50.869637,52.648
2019-03-01 05:00:00+00:00,58.12298,60.459
2019-03-01 06:00:00+00:00,63.822544,65.348
2019-03-01 07:00:00+00:00,65.446175,67.936005
2019-03-01 08:00:00+00:00,66.30543,69.754
2019-03-01 09:00:00+00:00,68.166336,71.403
2019-03-01 10:00:00+00:00,68.749245,72.275
2019-03-01 11:00:00+00:00,68.79083,71.431
2019-03-01 12:00:00+00:00,68.01819,69.511
2019-03-01 13:00:00+00:00,66.215775,67.652
2019-03-01 14:00:00+00:00,64.70899,66.675
2019-03-01 15:00:00+00:00,64.51847,65.748
2019-03-01 16:00:00+00:00,64.6474,66.215004
2019-03-01 17:00:00+00:00,65.44537,67.935
2019-03-01 18:00:00+00:00,65.71627,66.691
2019-03-01 19:00:00+00:00,62.113117,62.532997
2019-03-01 20:00:00+00:00,57.96368,59.043
2019-03-01 21:00:00+00:00,55.671616,56.411003
2019-03-01 22:00:00+00:00,51.449715,52.588
2019-03-01 23:00:00+00:00,48.74511,49.878998
2019-03-02 00:00:00+00:00,47.459827,47.354
2019-03-02 01:00:00+00:00,45.674366,46.269
2019-03-02 02:00:00+00:00,46.0293,46.007
2019-03-02 03:00:00+00:00,46.535275,45.845
2019-03-02 04:00:00+00:00,46.254574,45.911
2019-03-02 05:00:00+00:00,46.618862,47.376
2019-03-02 06:00:00+00:00,50.470478,50.764
2019-03-02 07:00:00+00:00,53.773876,55.397
2019-03-02 08:00:00+00:00,57.465538,58.447998
2019-03-02 09:00:00+00:00,58.54533,59.954002
2019-03-02 10:00:00+00:00,58.66145,60.257
2019-03-02 11:00:00+00:00,58.35267,58.996998
2019-03-02 12:00:00+00:00,56.503506,56.503
2019-03-02 13:00:00+00:00,54.041557,54.000996
2019-03-02 14:00:00+00:00,52.143063,53.533
2019-03-02 15:00:00+00:00,54.12413,53.982002
2019-03-02 16:00:00+00:00,55.803013,56.405
2019-03-02 17:00:00+00:00,57.82266,59.788002
2019-03-02 18:00:00+00:00,58.548294,59.688
2019-03-02 19:00:00+00:00,55.6742,55.145
2019-03-02 20:00:00+00:00,51.410927,51.951
2019-03-02 21:00:00+00:00,49.841717,50.751003
2019-03-02 22:00:00+00:00,47.632423,47.715
2019-03-02 23:00:00+00:00,44.41599,44.983
2019-03-03 00:00:00+00:00,42.801994,42.942
2019-03-03 01:00:00+00:00,41.368843,41.679
2019-03-03 02:00:00+00:00,40.976337,41.825
2019-03-03 03:00:00+00:00,42.021236,42.409
2019-03-03 04:00:00+00:00,43.20414,42.56
2019-03-03 05:00:00+00:00,43.87406,42.57
2019-03-03 06:00:00+00:00,44.837234,44.084
2019-03-03 07:00:00+00:00,46.72168,47.924
2019-03-03 08:00:00+00:00,50.383854,51.016003
2019-03-03 09:00:00+00:00,52.487812,53.003002
2019-03-03 10:00:00+00:00,53.01219,55.413998
2019-03-03 11:00:00+00:00,54.589146,54.704
2019-03-03 12:00:00+00:00,52.612526,52.444
2019-03-03 13:00:00+00:00,49.94563,50.843
2019-03-03 14:00:00+00:00,49.52249,50.316
2019-03-03 15:00:00+00:00,50.47401,50.714
2019-03-03 16:00:00+00:00,52.052204,52.436
2019-03-03 17:00:00+00:00,53.78994,56.34
2019-03-03 18:00:00+00:00,56.094284,56.26
2019-03-03 19:00:00+00:00,53.44046,53.608
2019-03-03 20:00:00+00:00,50.86569,52.459
2019-03-03 21:00:00+00:00,50.937542,51.949
2019-03-03 22:00:00+00:00,48.764618,48.988003
2019-03-03 23:00:00+00:00,45.792362,46.596
2019-03-04 00:00:00+00:00,44.606045,45.03
2019-03-04 01:00:00+00:00,44.007847,44.421
2019-03-04 02:00:00+00:00,44.527958,45.632
2019-03-04 03:00:00+00:00,47.140015,47.242
2019-03-04 04:00:00+00:00,51.36292,50.799
2019-03-04 05:00:00+00:00,57.153923,58.482998
2019-03-04 06:00:00+00:00,62.36806,63.864002
2019-03-04 07:00:00+00:00,64.74551,67.299
2019-03-04 08:00:00+00:00,66.295586,68.469
2019-03-04 09:00:00+00:00,67.446365,69.55
2019-03-04 10:00:00+00:00,67.80157,72.004
2019-03-04 11:00:00+00:00,69.13399,70.065
2019-03-04 12:00:00+00:00,66.95515,68.703
2019-03-04 13:00:00+00:00,65.578026,67.234
2019-03-04 14:00:00+00:00,64.727585,67.283
2019-03-04 15:00:00+00:00,65.29398,66.029
2019-03-04 16:00:00+00:00,64.607765,66.96
2019-03-04 17:00:00+00:00,65.82202,69.8
2019-03-04 18:00:00+00:00,66.96412,69.292
2019-03-04 19:00:00+00:00,63.74102,65.020004
2019-03-04 20:00:00+00:00,59.599033,61.688004
2019-03-04 21:00:00+00:00,57.933743,59.121998
2019-03-04 22:00:00+00:00,53.975105,54.853
2019-03-04 23:00:00+00:00,50.645493,52.197002
2019-03-05 00:00:00+00:00,49.584023,50.842003
2019-03-05 01:00:00+00:00,49.008724,49.891
2019-03-05 02:00:00+00:00,49.262745,50.444
2019-03-05 03:00:00+00:00,51.249653,51.853
2019-03-05 04:00:00+00:00,53.90256,55.420002
2019-03-05 05:00:00+00:00,61.222313,61.250004
2019-03-05 06:00:00+00:00,64.8001,65.79
2019-03-05 07:00:00+00:00,66.54277,68.751
2019-03-05 08:00:00+00:00,67.763,69.963
2019-03-05 09:00:00+00:00,68.44977,71.512
2019-03-05 10:00:00+00:00,69.16754,72.015
2019-03-05 11:00:00+00:00,69.05468,70.899
2019-03-05 12:00:00+00:00,67.816444,69.328
2019-03-05 13:00:00+00:00,66.540405,67.691
2019-03-05 14:00:00+00:00,65.41662,66.761
2019-03-05 15:00:00+00:00,65.29129,65.758
2019-03-05 16:00:00+00:00,65.25051,66.203
2019-03-05 17:00:00+00:00,65.78024,68.758995
2019-03-05 18:00:00+00:00,66.579346,68.589
2019-03-05 19:00:00+00:00,63.62196,64.685005
2019-03-05 20:00:00+00:00,59.580597,60.596
2019-03-05 21:00:00+00:00,57.144283,57.921
2019-03-05 22:00:00+00:00,53.604164,53.993
2019-03-05 23:00:00+00:00,50.34606,50.965
2019-03-06 00:00:00+00:00,48.580956,48.932
2019-03-06 01:00:00+00:00,47.131508,48.246
2019-03-06 02:00:00+00:00,47.571957,48.903
2019-03-06 03:00:00+00:00,49.26781,50.746998
2019-03-06 04:00:00+00:00,52.96046,54.132
2019-03-06 05:00:00+00:00,59.126705,60.589
2019-03-06 06:00:00+00:00,63.691113,65.472
2019-03-06 07:00:00+00:00,65.66767,67.638
2019-03-06 08:00:00+00:00,66.130646,68.43
2019-03-06 09:00:00+00:00,66.946884,68.313
2019-03-06 10:00:00+00:00,66.412506,69.477
2019-03-06 11:00:00+00:00,66.86786,69.508
2019-03-06 12:00:00+00:00,66.55971,69.06
2019-03-06 13:00:00+00:00,65.90084,68.258
2019-03-06 14:00:00+00:00,65.46935,67.828
2019-03-06 15:00:00+00:00,65.626785,66.156
2019-03-06 16:00:00+00:00,64.11833,67.027
2019-03-06 17:00:00+00:00,65.36085,70.634
2019-03-06 18:00:00+00:00,67.12585,70.732
2019-03-06 19:00:00+00:00,64.324036,66.532005
2019-03-06 20:00:00+00:00,60.4108,61.954002
2019-03-06 21:00:00+00:00,58.053146,58.786003
2019-03-06 22:00:00+00:00,53.97919,54.571
2019-03-06 23:00:00+00:00,50.640205,51.455997
2019-03-07 00:00:00+00:00,48.824963,49.359
2019-03-07 01:00:00+00:00,47.384487,47.808002
2019-03-07 02:00:00+00:00,46.95648,47.796997
2019-03-07 03:00:00+00:00,48.195324,48.961998
2019-03-07 04:00:00+00:00,50.29922,52.686
2019-03-07 05:00:00+00:00,59.213326,60.539
2019-03-07 06:00:00+00:00,64.52623,65.839005
2019-03-07 07:00:00+00:00,66.391266,68.768
2019-03-07 08:00:00+00:00,67.4159,70.009
2019-03-07 09:00:00+00:00,68.6866,71.339005
2019-03-07 10:00:00+00:00,69.11497,71.805
2019-03-07 11:00:00+00:00,68.85824,71.712
2019-03-07 12:00:00+00:00,68.52932,70.82
2019-03-07 13:00:00+00:00,67.61152,69.439
2019-03-07 14:00:00+00:00,66.49211,68.215
2019-03-07 15:00:00+00:00,65.99687,67.064
2019-03-07 16:00:00+00:00,65.8423,67.692
2019-03-07 17:00:00+00:00,66.94649,70.572
2019-03-07 18:00:00+00:00,68.0964,70.865
2019-03-07 19:00:00+00:00,65.35271,66.483
2019-03-07 20:00:00+00:00,60.54484,63.003002
2019-03-07 21:00:00+00:00,58.91213,59.806
2019-03-07 22:00:00+00:00,54.501728,56.07
2019-03-07 23:00:00+00:00,51.673977,53.454998
2019-03-08 00:00:00+00:00,50.491337,50.821
2019-03-08 01:00:00+00:00,48.50757,50.019997
2019-03-08 02:00:00+00:00,49.285427,51.19
2019-03-08 03:00:00+00:00,52.016502,52.59
2019-03-08 04:00:00+00:00,54.433014,55.738
2019-03-08 05:00:00+00:00,61.51983,62.296
2019-03-08 06:00:00+00:00,65.79149,66.136
2019-03-08 07:00:00+00:00,66.74837,68.986
2019-03-08 08:00:00+00:00,68.04847,69.885
2019-03-08 09:00:00+00:00,68.70331,70.279
2019-03-08 10:00:00+00:00,68.31219,70.797
2019-03-08 11:00:00+00:00,68.36243,69.771
2019-03-08 12:00:00+00:00,67.187256,68.542
2019-03-08 13:00:00+00:00,65.94847,66.532005
2019-03-08 14:00:00+00:00,64.59215,64.976
2019-03-08 15:00:00+00:00,63.922764,64.118996
2019-03-08 16:00:00+00:00,64.22922,64.825005
2019-03-08 17:00:00+00:00,64.9273,67.254
2019-03-08 18:00:00+00:00,65.322914,67.019005
2019-03-08 19:00:00+00:00,62.333237,62.874
2019-03-08 20:00:00+00:00,58.253067,58.713
2019-03-08 21:00:00+00:00,55.233307,55.691
2019-03-08 22:00:00+00:00,51.785934,52.136
2019-03-08 23:00:00+00:00,49.080048,49.285004
2019-03-09 00:00:00+00:00,47.248547,47.442997
2019-03-09 01:00:00+00:00,45.907673,46.114
2019-03-09 02:00:00+00:00,44.910385,46.53
2019-03-09 03:00:00+00:00,46.404327,47.031998
2019-03-09 04:00:00+00:00,46.817387,47.545998
2019-03-09 05:00:00+00:00,49.036953,48.793
2019-03-09 06:00:00+00:00,50.80984,51.804996
2019-03-09 07:00:00+00:00,53.675594,55.059998
2019-03-09 08:00:00+00:00,55.881073,57.850998
2019-03-09 09:00:00+00:00,57.4233,59.886
2019-03-09 10:00:00+00:00,58.451027,61.408
2019-03-09 11:00:00+00:00,59.38029,60.106
2019-03-09 12:00:00+00:00,57.354534,58.443
2019-03-09 13:00:00+00:00,56.140587,56.392002
2019-03-09 14:00:00+00:00,54.75213,55.394
2019-03-09 15:00:00+00:00,55.005337,55.637
2019-03-09 16:00:00+00:00,56.44754,56.729
2019-03-09 17:00:00+00:00,56.97741,59.367
2019-03-09 18:00:00+00:00,58.099197,58.917
2019-03-09 19:00:00+00:00,55.424236,55.362
2019-03-09 20:00:00+00:00,52.209034,53.286003
2019-03-09 21:00:00+00:00,51.032463,51.277
2019-03-09 22:00:00+00:00,47.5617,48.177002
2019-03-09 23:00:00+00:00,45.18337,45.61
2019-03-10 00:00:00+00:00,43.511723,42.876
2019-03-10 01:00:00+00:00,41.41533,42.155003
2019-03-10 02:00:00+00:00,41.822636,41.737
2019-03-10 03:00:00+00:00,41.621975,41.318
2019-03-10 04:00:00+00:00,41.08397,40.988003
2019-03-10 05:00:00+00:00,40.99304,40.568
2019-03-10 06:00:00+00:00,41.816673,41.436
2019-03-10 07:00:00+00:00,43.818573,44.944
2019-03-10 08:00:00+00:00,47.64533,48.607998
2019-03-10 09:00:00+00:00,50.902348,51.678
2019-03-10 10:00:00+00:00,52.30339,53.683
2019-03-10 11:00:00+00:00,52.73215,52.788
2019-03-10 12:00:00+00:00,50.2771,51.316
2019-03-10 13:00:00+00:00,48.760773,50.977
2019-03-10 14:00:00+00:00,49.686886,51.336998
2019-03-10 15:00:00+00:00,51.592785,50.784
2019-03-10 16:00:00+00:00,50.741135,52.112
2019-03-10 17:00:00+00:00,52.767254,56.201
2019-03-10 18:00:00+00:00,56.113693,56.892
2019-03-10 19:00:00+00:00,54.167297,54.796997
2019-03-10 20:00:00+00:00,51.96543,53.137997
2019-03-10 21:00:00+00:00,51.26143,52.807
2019-03-10 22:00:00+00:00,50.19789,49.95
2019-03-10 23:00:00+00:00,46.4249,48.344
2019-03-11 00:00:00+00:00,46.001644,46.564
2019-03-11 01:00:00+00:00,45.154587,46.318
2019-03-11 02:00:00+00:00,46.365623,46.952
2019-03-11 03:00:00+00:00,48.096573,48.895
2019-03-11 04:00:00+00:00,52.920082,52.300003
2019-03-11 05:00:00+00:00,59.021584,60.506
2019-03-11 06:00:00+00:00,64.4108,66.006996
2019-03-11 07:00:00+00:00,66.59915,68.928
2019-03-11 08:00:00+00:00,67.78543,69.559
2019-03-11 09:00:00+00:00,68.74403,71.171
2019-03-11 10:00:00+00:00,69.46068,72.457
2019-03-11 11:00:00+00:00,69.6407,71.656006
2019-03-11 12:00:00+00:00,68.56243,71.044
2019-03-11 13:00:00+00:00,68.01373,69.427
2019-03-11 14:00:00+00:00,66.89034,68.193
2019-03-11 15:00:00+00:00,66.25962,67.071
2019-03-11 16:00:00+00:00,66.1973,67.834
2019-03-11 17:00:00+00:00,67.27732,69.434
2019-03-11 18:00:00+00:00,67.09016,70.644
2019-03-11 19:00:00+00:00,65.567665,65.821
2019-03-11 20:00:00+00:00,60.12984,61.996002
2019-03-11 21:00:00+00:00,58.526474,59.177002
2019-03-11 22:00:00+00:00,54.498734,54.579002
2019-03-11 23:00:00+00:00,50.7546,51.275997
2019-03-12 00:00:00+00:00,49.00649,49.082
2019-03-12 01:00:00+00:00,47.36402,48.032997
2019-03-12 02:00:00+00:00,47.39598,49.057
2019-03-12 03:00:00+00:00,49.892406,50.863
2019-03-12 04:00:00+00:00,52.900105,54.024998
2019-03-12 05:00:00+00:00,59.607506,61.014004
2019-03-12 06:00:00+00:00,64.56147,65.849
2019-03-12 07:00:00+00:00,66.236,67.738
2019-03-12 08:00:00+00:00,66.45178,68.43
2019-03-12 09:00:00+00:00,67.35971,68.922005
2019-03-12 10:00:00+00:00,67.18778,69.537
2019-03-12 11:00:00+00:00,66.966324,69.465004
2019-03-12 12:00:00+00:00,66.62753,69.876
2019-03-12 13:00:00+00:00,66.859055,68.893
2019-03-12 14:00:00+00:00,66.11489,68.229004
2019-03-12 15:00:00+00:00,65.90641,66.823
2019-03-12 16:00:00+00:00,65.03269,67.433
2019-03-12 17:00:00+00:00,65.821106,70.205
2019-03-12 18:00:00+00:00,66.99313,71.020004
2019-03-12 19:00:00+00:00,65.027374,67.145996
2019-03-12 20:00:00+00:00,60.903786,63.351
2019-03-12 21:00:00+00:00,59.112175,60.193
2019-03-12 22:00:00+00:00,55.127575,56.272
2019-03-12 23:00:00+00:00,52.00966,52.581997
2019-03-13 00:00:00+00:00,49.630463,50.647
2019-03-13 01:00:00+00:00,48.574505,49.817
2019-03-13 02:00:00+00:00,48.91676,51.150997
2019-03-13 03:00:00+00:00,51.99384,52.701
2019-03-13 04:00:00+00:00,54.637684,56.062
2019-03-13 05:00:00+00:00,61.815765,63.399002
2019-03-13 06:00:00+00:00,66.54386,68.057
2019-03-13 07:00:00+00:00,67.89409,70.107
2019-03-13 08:00:00+00:00,68.468094,71.883995
2019-03-13 09:00:00+00:00,70.13627,73.258
2019-03-13 10:00:00+00:00,70.42102,72.774
2019-03-13 11:00:00+00:00,69.41221,72.161995
2019-03-13 12:00:00+00:00,69.075455,71.879
2019-03-13 13:00:00+00:00,68.87613,70.842
2019-03-13 14:00:00+00:00,68.12465,69.71
2019-03-13 15:00:00+00:00,67.774666,68.528
2019-03-13 16:00:00+00:00,67.556595,68.98801
2019-03-13 17:00:00+00:00,67.94945,71.099
2019-03-13 18:00:00+00:00,68.06379,71.458
2019-03-13 19:00:00+00:00,65.80485,67.539
2019-03-13 20:00:00+00:00,61.595062,63.617
2019-03-13 21:00:00+00:00,59.57184,60.493
2019-03-13 22:00:00+00:00,55.744278,56.701004
2019-03-13 23:00:00+00:00,52.7458,54.19
2019-03-14 00:00:00+00:00,51.639503,51.557003
2019-03-14 01:00:00+00:00,49.334435,50.322
2019-03-14 02:00:00+00:00,49.312466,50.731003
2019-03-14 03:00:00+00:00,50.97306,52.009
2019-03-14 04:00:00+00:00,53.087437,55.406002
2019-03-14 05:00:00+00:00,61.11776,62.486
2019-03-14 06:00:00+00:00,65.87403,67.273
2019-03-14 07:00:00+00:00,67.404366,70.003
2019-03-14 08:00:00+00:00,68.33656,71.672
2019-03-14 09:00:00+00:00,69.730354,73.009
2019-03-14 10:00:00+00:00,70.102684,73.787
2019-03-14 11:00:00+00:00,70.16192,73.931
2019-03-14 12:00:00+00:00,70.17289,73.322
2019-03-14 13:00:00+00:00,69.60492,71.715004
2019-03-14 14:00:00+00:00,68.47667,70.648
2019-03-14 15:00:00+00:00,68.17171,69.469
2019-03-14 16:00:00+00:00,67.999214,70.047
2019-03-14 17:00:00+00:00,68.738495,71.346
2019-03-14 18:00:00+00:00,68.49266,71.192
2019-03-14 19:00:00+00:00,66.11979,67.167
2019-03-14 20:00:00+00:00,61.749123,63.333
2019-03-14 21:00:00+00:00,59.40433,60.641
2019-03-14 22:00:00+00:00,55.721767,56.761
2019-03-14 23:00:00+00:00,52.48977,53.431004
2019-03-15 00:00:00+00:00,50.636093,51.314003
2019-03-15 01:00:00+00:00,49.410698,50.142998
2019-03-15 02:00:00+00:00,49.23079,50.239002
2019-03-15 03:00:00+00:00,50.564278,51.647
2019-03-15 04:00:00+00:00,53.08284,54.692
2019-03-15 05:00:00+00:00,60.61419,61.517
2019-03-15 06:00:00+00:00,65.317276,66.621
2019-03-15 07:00:00+00:00,67.267044,68.952995
2019-03-15 08:00:00+00:00,67.697205,70.656
2019-03-15 09:00:00+00:00,69.17203,71.747
2019-03-15 10:00:00+00:00,69.432045,73.28
2019-03-15 11:00:00+00:00,69.88706,72.858
2019-03-15 12:00:00+00:00,69.40607,71.448
2019-03-15 13:00:00+00:00,68.120995,70.184
2019-03-15 14:00:00+00:00,67.38459,69.066
2019-03-15 15:00:00+00:00,67.02584,68.381004
2019-03-15 16:00:00+00:00,67.21618,68.421
2019-03-15 17:00:00+00:00,67.44871,69.295
2019-03-15 18:00:00+00:00,67.02177,69.926994
2019-03-15 19:00:00+00:00,65.454575,65.292
2019-03-15 20:00:00+00:00,60.10049,61.214
2019-03-15 21:00:00+00:00,57.970184,58.364998
2019-03-15 22:00:00+00:00,53.73753,54.736004
2019-03-15 23:00:00+00:00,50.905567,51.457
2019-03-16 00:00:00+00:00,48.93067,49.096
2019-03-16 01:00:00+00:00,47.339287,47.699
2019-03-16 02:00:00+00:00,46.89394,47.446003
2019-03-16 03:00:00+00:00,47.577667,47.49
2019-03-16 04:00:00+00:00,47.9133,47.624996
2019-03-16 05:00:00+00:00,47.99882,47.771
2019-03-16 06:00:00+00:00,49.605167,50.213
2019-03-16 07:00:00+00:00,52.779118,53.326
2019-03-16 08:00:00+00:00,55.048946,56.496
2019-03-16 09:00:00+00:00,57.04745,57.628002
2019-03-16 10:00:00+00:00,56.544163,58.946003
2019-03-16 11:00:00+00:00,57.316364,58.328
2019-03-16 12:00:00+00:00,56.081253,57.055004
2019-03-16 13:00:00+00:00,54.967625,56.02
2019-03-16 14:00:00+00:00,54.806126,55.497997
2019-03-16 15:00:00+00:00,55.28901,54.977005
2019-03-16 16:00:00+00:00,55.190655,56.239002
2019-03-16 17:00:00+00:00,57.046314,58.59
2019-03-16 18:00:00+00:00,58.066017,59.313
2019-03-16 19:00:00+00:00,56.5741,55.741
2019-03-16 20:00:00+00:00,52.440464,52.828
2019-03-16 21:00:00+00:00,50.97161,51.450996
2019-03-16 22:00:00+00:00,48.977295,47.993
2019-03-16 23:00:00+00:00,44.70676,45.718002
2019-03-17 00:00:00+00:00,43.5403,43.34
2019-03-17 01:00:00+00:00,41.428482,42.794003
2019-03-17 02:00:00+00:00,42.219395,42.546
2019-03-17 03:00:00+00:00,42.388554,42.867
2019-03-17 04:00:00+00:00,43.267162,42.613
2019-03-17 05:00:00+00:00,43.048317,42.567
2019-03-17 06:00:00+00:00,44.06337,44.814
2019-03-17 07:00:00+00:00,47.497482,47.654
2019-03-17 08:00:00+00:00,49.992462,51.002003
2019-03-17 09:00:00+00:00,52.777367,53.65
2019-03-17 10:00:00+00:00,54.00913,56.407997
2019-03-17 11:00:00+00:00,55.714897,54.815002
2019-03-17 12:00:00+00:00,52.78349,53.700996
2019-03-17 13:00:00+00:00,51.885674,52.543003
2019-03-17 14:00:00+00:00,51.305573,51.684
2019-03-17 15:00:00+00:00,51.390957,52.131996
2019-03-17 16:00:00+00:00,53.353905,52.23
2019-03-17 17:00:00+00:00,52.658962,55.227
2019-03-17 18:00:00+00:00,55.669205,56.655003
2019-03-17 19:00:00+00:00,54.726402,54.176003
2019-03-17 20:00:00+00:00,51.363533,52.648
2019-03-17 21:00:00+00:00,51.11996,53.038002
2019-03-17 22:00:00+00:00,50.422123,50.727997
2019-03-17 23:00:00+00:00,47.045326,48.317
2019-03-18 00:00:00+00:00,45.920094,47.249004
2019-03-18 01:00:00+00:00,46.123825,47.067
2019-03-18 02:00:00+00:00,47.061214,47.961998
2019-03-18 03:00:00+00:00,49.16688,49.653
2019-03-18 04:00:00+00:00,54.07354,53.513996
2019-03-18 05:00:00+00:00,59.5354,61.221
2019-03-18 06:00:00+00:00,64.45532,67.212
2019-03-18 07:00:00+00:00,67.117546,69.815
2019-03-18 08:00:00+00:00,68.07656,69.888
2019-03-18 09:00:00+00:00,68.59308,71.037
2019-03-18 10:00:00+00:00,69.2542,71.654
2019-03-18 11:00:00+00:00,68.97106,71.549
2019-03-18 12:00:00+00:00,68.42551,69.743004
2019-03-18 13:00:00+00:00,66.894516,67.726
2019-03-18 14:00:00+00:00,65.36018,67.588
2019-03-18 15:00:00+00:00,66.30826,65.532
2019-03-18 16:00:00+00:00,64.88916,65.944
2019-03-18 17:00:00+00:00,65.47031,68.228004
2019-03-18 18:00:00+00:00,66.20754,70.292
2019-03-18 19:00:00+00:00,64.98304,65.915
2019-03-18 20:00:00+00:00,59.727825,62.093002
2019-03-18 21:00:00+00:00,58.423183,58.538002
2019-03-18 22:00:00+00:00,53.895576,53.71
2019-03-18 23:00:00+00:00,50.226307,51.175
2019-03-19 00:00:00+00:00,49.060497,50.076
2019-03-19 01:00:00+00:00,48.529423,49.165
2019-03-19 02:00:00+00:00,48.51872,49.886
2019-03-19 03:00:00+00:00,50.52923,51.64
2019-03-19 04:00:00+00:00,53.99581,55.324
2019-03-19 05:00:00+00:00,60.444233,62.947002
2019-03-19 06:00:00+00:00,65.71581,67.543
2019-03-19 07:00:00+00:00,66.97599,68.345
2019-03-19 08:00:00+00:00,66.6332,68.539
2019-03-19 09:00:00+00:00,67.53584,69.96
2019-03-19 10:00:00+00:00,68.05144,70.634995
2019-03-19 11:00:00+00:00,67.68449,68.935
2019-03-19 12:00:00+00:00,65.97497,68.167
2019-03-19 13:00:00+00:00,65.47605,67.238
2019-03-19 14:00:00+00:00,65.08721,65.972
2019-03-19 15:00:00+00:00,64.37348,64.885
2019-03-19 16:00:00+00:00,64.0032,65.543
2019-03-19 17:00:00+00:00,64.6966,67.413
2019-03-19 18:00:00+00:00,64.71908,69.996
2019-03-19 19:00:00+00:00,64.53398,66.252
2019-03-19 20:00:00+00:00,59.725132,62.426003
2019-03-19 21:00:00+00:00,58.42446,59.699
2019-03-19 22:00:00+00:00,55.121117,55.478
2019-03-19 23:00:00+00:00,51.3634,51.843998
2019-03-20 00:00:00+00:00,49.24453,50.179
2019-03-20 01:00:00+00:00,48.318203,49.733997
2019-03-20 02:00:00+00:00,48.956684,50.262
2019-03-20 03:00:00+00:00,50.548565,51.440998
2019-03-20 04:00:00+00:00,52.518764,55.536003
2019-03-20 05:00:00+00:00,61.066525,62.279
2019-03-20 06:00:00+00:00,65.27255,67.097
2019-03-20 07:00:00+00:00,66.935425,68.639
2019-03-20 08:00:00+00:00,67.20501,68.336
2019-03-20 09:00:00+00:00,67.24678,68.205
2019-03-20 10:00:00+00:00,66.755104,68.071
2019-03-20 11:00:00+00:00,65.94622,67.811005
2019-03-20 12:00:00+00:00,65.34534,67.871
2019-03-20 13:00:00+00:00,65.45064,66.363
2019-03-20 14:00:00+00:00,64.34253,64.883
2019-03-20 15:00:00+00:00,63.381573,64.154
2019-03-20 16:00:00+00:00,63.57996,64.775
2019-03-20 17:00:00+00:00,63.988094,66.845
2019-03-20 18:00:00+00:00,64.30795,69.172
2019-03-20 19:00:00+00:00,64.07002,65.251
2019-03-20 20:00:00+00:00,59.177147,61.591
2019-03-20 21:00:00+00:00,58.191975,58.605
2019-03-20 22:00:00+00:00,54.30348,54.157
2019-03-20 23:00:00+00:00,50.487324,50.454998
2019-03-21 00:00:00+00:00,48.214436,48.18
2019-03-21 01:00:00+00:00,46.43627,47.217003
2019-03-21 02:00:00+00:00,46.25216,48.127003
2019-03-21 03:00:00+00:00,48.42358,49.429
2019-03-21 04:00:00+00:00,50.27776,53.544003
2019-03-21 05:00:00+00:00,59.0113,60.862
2019-03-21 06:00:00+00:00,63.959637,66.198
2019-03-21 07:00:00+00:00,65.96749,68.122
2019-03-21 08:00:00+00:00,66.36909,67.685005
2019-03-21 09:00:00+00:00,66.45691,67.688995
2019-03-21 10:00:00+00:00,66.144455,69.163
2019-03-21 11:00:00+00:00,66.738754,68.922005
2019-03-21 12:00:00+00:00,65.96677,67.553
2019-03-21 13:00:00+00:00,64.48982,65.877
2019-03-21 14:00:00+00:00,63.346066,64.590996
2019-03-21 15:00:00+00:00,62.778706,63.091
2019-03-21 16:00:00+00:00,62.021805,64.245
2019-03-21 17:00:00+00:00,63.74028,66.333
2019-03-21 18:00:00+00:00,64.000725,68.757
2019-03-21 19:00:00+00:00,63.481636,64.81
2019-03-21 20:00:00+00:00,58.486538,60.815002
2019-03-21 21:00:00+00:00,56.857983,57.011
2019-03-21 22:00:00+00:00,52.06334,53.135
2019-03-21 23:00:00+00:00,49.46158,49.465
2019-03-22 00:00:00+00:00,47.13432,47.777
2019-03-22 01:00:00+00:00,46.316277,47.038998
2019-03-22 02:00:00+00:00,46.632767,47.369
2019-03-22 03:00:00+00:00,47.973305,48.667
2019-03-22 04:00:00+00:00,50.234653,52.63
2019-03-22 05:00:00+00:00,58.612724,59.912003
2019-03-22 06:00:00+00:00,63.488163,64.993996
2019-03-22 07:00:00+00:00,65.39155,67.067
2019-03-22 08:00:00+00:00,65.88888,67.366
2019-03-22 09:00:00+00:00,66.43385,67.4
2019-03-22 10:00:00+00:00,65.925285,67.479004
2019-03-22 11:00:00+00:00,65.26496,66.337
2019-03-22 12:00:00+00:00,63.742485,64.868004
2019-03-22 13:00:00+00:00,62.189278,63.233
2019-03-22 14:00:00+00:00,61.06932,62.128002
2019-03-22 15:00:00+00:00,60.983437,60.503002
2019-03-22 16:00:00+00:00,60.011475,61.452003
2019-03-22 17:00:00+00:00,61.442623,63.12
2019-03-22 18:00:00+00:00,61.36417,65.75
2019-03-22 19:00:00+00:00,61.36952,62.279
2019-03-22 20:00:00+00:00,56.521698,58.522
2019-03-22 21:00:00+00:00,54.6576,55.322002
2019-03-22 22:00:00+00:00,50.72495,51.646
2019-03-22 23:00:00+00:00,48.156796,48.273
2019-03-23 00:00:00+00:00,46.165577,45.974
2019-03-23 01:00:00+00:00,44.492023,44.625
2019-03-23 02:00:00+00:00,43.744446,44.995
2019-03-23 03:00:00+00:00,45.20512,45.012
2019-03-23 04:00:00+00:00,44.84919,45.541
2019-03-23 05:00:00+00:00,46.561584,46.475002
2019-03-23 06:00:00+00:00,48.841343,49.958
2019-03-23 07:00:00+00:00,52.63951,53.648
2019-03-23 08:00:00+00:00,55.197094,55.813004
2019-03-23 09:00:00+00:00,55.664288,56.027004
2019-03-23 10:00:00+00:00,54.673138,55.989998
2019-03-23 11:00:00+00:00,54.197567,55.541
2019-03-23 12:00:00+00:00,53.827972,53.938
2019-03-23 13:00:00+00:00,52.160645,52.402
2019-03-23 14:00:00+00:00,51.407818,51.589
2019-03-23 15:00:00+00:00,51.730366,51.054996
2019-03-23 16:00:00+00:00,51.58543,52.547
2019-03-23 17:00:00+00:00,53.9069,54.917
2019-03-23 18:00:00+00:00,54.84371,57.011
2019-03-23 19:00:00+00:00,54.791794,53.205997
2019-03-23 20:00:00+00:00,49.8212,49.954998
2019-03-23 21:00:00+00:00,47.623238,48.495
2019-03-23 22:00:00+00:00,45.303852,45.302998
2019-03-23 23:00:00+00:00,42.509357,42.539
2019-03-24 00:00:00+00:00,40.848755,40.936
2019-03-24 01:00:00+00:00,39.859978,39.904
2019-03-24 02:00:00+00:00,39.47278,40.016
2019-03-24 03:00:00+00:00,40.20119,40.609
2019-03-24 04:00:00+00:00,41.32586,40.451
2019-03-24 05:00:00+00:00,41.29915,39.669003
2019-03-24 06:00:00+00:00,41.645798,41.896
2019-03-24 07:00:00+00:00,44.64157,44.697998
2019-03-24 08:00:00+00:00,46.92838,47.479
2019-03-24 09:00:00+00:00,49.257484,49.052002
2019-03-24 10:00:00+00:00,49.29478,50.876003
2019-03-24 11:00:00+00:00,49.930943,50.591003
2019-03-24 12:00:00+00:00,48.542824,48.863
2019-03-24 13:00:00+00:00,46.81814,47.045002
2019-03-24 14:00:00+00:00,45.848907,46.279
2019-03-24 15:00:00+00:00,46.51427,46.461
2019-03-24 16:00:00+00:00,47.730648,48.172997
2019-03-24 17:00:00+00:00,49.61936,52.114998
2019-03-24 18:00:00+00:00,52.853058,55.571
2019-03-24 19:00:00+00:00,53.64536,52.969997
2019-03-24 20:00:00+00:00,50.165047,50.476
2019-03-24 21:00:00+00:00,48.610786,50.189
2019-03-24 22:00:00+00:00,47.3759,47.424
2019-03-24 23:00:00+00:00,44.486237,44.915
2019-03-25 00:00:00+00:00,43.277027,43.918
2019-03-25 01:00:00+00:00,43.407627,43.801003
2019-03-25 02:00:00+00:00,44.361828,44.473
2019-03-25 03:00:00+00:00,46.061443,46.878998
2019-03-25 04:00:00+00:00,52.192642,50.634
2019-03-25 05:00:00+00:00,56.9405,57.707
2019-03-25 06:00:00+00:00,61.557316,63.336002
2019-03-25 07:00:00+00:00,64.39422,67.389
2019-03-25 08:00:00+00:00,66.3282,67.584
2019-03-25 09:00:00+00:00,66.43219,69.064
2019-03-25 10:00:00+00:00,67.47954,70.321
2019-03-25 11:00:00+00:00,67.90596,69.547005
2019-03-25 12:00:00+00:00,66.46105,69.222
2019-03-25 13:00:00+00:00,66.170685,68.404
2019-03-25 14:00:00+00:00,65.63979,67.939995
2019-03-25 15:00:00+00:00,65.401505,66.265
2019-03-25 16:00:00+00:00,64.273544,65.499
2019-03-25 17:00:00+00:00,63.92062,66.599
2019-03-25 18:00:00+00:00,64.55366,68.769005
2019-03-25 19:00:00+00:00,64.44939,65.274
2019-03-25 20:00:00+00:00,59.496593,60.693
2019-03-25 21:00:00+00:00,56.819477,57.918003
2019-03-25 22:00:00+00:00,53.261448,52.802002
2019-03-25 23:00:00+00:00,48.96991,50.739002
2019-03-26 00:00:00+00:00,48.614075,49.285004
2019-03-26 01:00:00+00:00,47.55083,49.208
2019-03-26 02:00:00+00:00,49.181675,49.306
2019-03-26 03:00:00+00:00,50.14212,50.572998
2019-03-26 04:00:00+00:00,52.97183,53.654
2019-03-26 05:00:00+00:00,59.36909,60.284
2019-03-26 06:00:00+00:00,63.985275,65.95
2019-03-26 07:00:00+00:00,66.5378,68.403
2019-03-26 08:00:00+00:00,67.00997,67.938
2019-03-26 09:00:00+00:00,66.7817,69.223
2019-03-26 10:00:00+00:00,67.731834,70.454
2019-03-26 11:00:00+00:00,67.91652,68.855
2019-03-26 12:00:00+00:00,65.83986,68.19601
2019-03-26 13:00:00+00:00,65.45744,67.431
2019-03-26 14:00:00+00:00,65.22306,66.561005
2019-03-26 15:00:00+00:00,64.77002,65.784004
2019-03-26 16:00:00+00:00,64.67257,65.662
2019-03-26 17:00:00+00:00,64.5268,66.701004
2019-03-26 18:00:00+00:00,64.35569,68.131
2019-03-26 19:00:00+00:00,63.70508,64.755
2019-03-26 20:00:00+00:00,59.28172,60.939
2019-03-26 21:00:00+00:00,57.25271,57.378002
2019-03-26 22:00:00+00:00,52.7661,53.170002
2019-03-26 23:00:00+00:00,49.621952,49.855
2019-03-27 00:00:00+00:00,47.603283,48.172997
2019-03-27 01:00:00+00:00,46.56131,47.544
2019-03-27 02:00:00+00:00,47.05064,47.98
2019-03-27 03:00:00+00:00,48.457657,49.099
2019-03-27 04:00:00+00:00,50.38312,53.099003
2019-03-27 05:00:00+00:00,58.714,60.297
2019-03-27 06:00:00+00:00,63.61646,65.623
2019-03-27 07:00:00+00:00,65.708115,68.035995
2019-03-27 08:00:00+00:00,66.45072,68.244
2019-03-27 09:00:00+00:00,66.89066,69.031
2019-03-27 10:00:00+00:00,67.187355,70.060005
2019-03-27 11:00:00+00:00,67.385345,68.468
2019-03-27 12:00:00+00:00,65.444305,67.619
2019-03-27 13:00:00+00:00,64.649925,66.284996
2019-03-27 14:00:00+00:00,63.8396,65.396
2019-03-27 15:00:00+00:00,63.550217,64.298
2019-03-27 16:00:00+00:00,63.22242,65.197
2019-03-27 17:00:00+00:00,64.32684,66.435
2019-03-27 18:00:00+00:00,63.865032,68.491
2019-03-27 19:00:00+00:00,63.48116,64.988
2019-03-27 20:00:00+00:00,58.858833,60.557003
2019-03-27 21:00:00+00:00,56.40543,57.369
2019-03-27 22:00:00+00:00,52.590034,52.714
2019-03-27 23:00:00+00:00,48.9358,49.559998
2019-03-28 00:00:00+00:00,47.32916,48.397
2019-03-28 01:00:00+00:00,46.958984,47.289997
2019-03-28 02:00:00+00:00,46.79457,47.86
2019-03-28 03:00:00+00:00,48.693752,49.032
2019-03-28 04:00:00+00:00,50.794716,53.122
2019-03-28 05:00:00+00:00,59.09109,59.455
2019-03-28 06:00:00+00:00,63.109734,64.108
2019-03-28 07:00:00+00:00,64.872444,66.341
2019-03-28 08:00:00+00:00,65.60272,66.486
2019-03-28 09:00:00+00:00,65.63447,67.312004
2019-03-28 10:00:00+00:00,65.86295,68.527
2019-03-28 11:00:00+00:00,66.23444,67.657
2019-03-28 12:00:00+00:00,64.838104,67.292
2019-03-28 13:00:00+00:00,64.45492,66.215004
2019-03-28 14:00:00+00:00,63.77912,65.087
2019-03-28 15:00:00+00:00,63.00648,63.898003
2019-03-28 16:00:00+00:00,62.51209,63.787
2019-03-28 17:00:00+00:00,62.68317,64.933
2019-03-28 18:00:00+00:00,62.865887,66.496
2019-03-28 19:00:00+00:00,62.383743,63.363
2019-03-28 20:00:00+00:00,58.080948,59.882
2019-03-28 21:00:00+00:00,56.24863,56.52
2019-03-28 22:00:00+00:00,51.808884,51.892998
2019-03-28 23:00:00+00:00,48.424038,48.355
2019-03-29 00:00:00+00:00,46.390034,46.475998
2019-03-29 01:00:00+00:00,45.05311,45.468
2019-03-29 02:00:00+00:00,44.975334,46.274
2019-03-29 03:00:00+00:00,47.134205,48.221
2019-03-29 04:00:00+00:00,51.035954,52.059998
2019-03-29 05:00:00+00:00,57.811234,58.63
2019-03-29 06:00:00+00:00,62.17585,63.690002
2019-03-29 07:00:00+00:00,64.34915,66.089005
2019-03-29 08:00:00+00:00,65.01563,66.35
2019-03-29 09:00:00+00:00,65.27694,67.215004
2019-03-29 10:00:00+00:00,65.629395,67.533005
2019-03-29 11:00:00+00:00,65.14706,66.132
2019-03-29 12:00:00+00:00,63.279438,63.948997
2019-03-29 13:00:00+00:00,61.10835,62.315998
2019-03-29 14:00:00+00:00,59.96075,61.177998
2019-03-29 15:00:00+00:00,59.86928,60.087
2019-03-29 16:00:00+00:00,59.642006,60.197
2019-03-29 17:00:00+00:00,59.863842,61.607998
2019-03-29 18:00:00+00:00,59.994568,63.875
2019-03-29 19:00:00+00:00,59.94449,60.852
2019-03-29 20:00:00+00:00,55.503372,57.22
2019-03-29 21:00:00+00:00,53.277065,53.997
2019-03-29 22:00:00+00:00,49.38998,50.142
2019-03-29 23:00:00+00:00,46.868168,46.995
2019-03-30 00:00:00+00:00,44.98043,45.258
2019-03-30 01:00:00+00:00,44.044636,44.221
2019-03-30 02:00:00+00:00,43.75048,44.27
2019-03-30 03:00:00+00:00,44.50933,44.854
2019-03-30 04:00:00+00:00,45.496613,45.447
2019-03-30 05:00:00+00:00,47.44459,45.756
2019-03-30 06:00:00+00:00,48.089302,48.863
2019-03-30 07:00:00+00:00,51.236805,52.746998
2019-03-30 08:00:00+00:00,54.36615,54.427002
2019-03-30 09:00:00+00:00,54.297333,54.511997
2019-03-30 10:00:00+00:00,53.32648,54.422
2019-03-30 11:00:00+00:00,52.7621,53.923
2019-03-30 12:00:00+00:00,52.18544,52.231003
2019-03-30 13:00:00+00:00,50.602787,50.508
2019-03-30 14:00:00+00:00,49.700027,49.741997
2019-03-30 15:00:00+00:00,50.176773,49.312004
2019-03-30 16:00:00+00:00,50.063324,50.618
2019-03-30 17:00:00+00:00,51.85939,52.711002
2019-03-30 18:00:00+00:00,52.816963,54.914997
2019-03-30 19:00:00+00:00,53.437634,52.153
2019-03-30 20:00:00+00:00,49.26712,48.971
2019-03-30 21:00:00+00:00,46.29376,47.377003
2019-03-30 22:00:00+00:00,44.296543,44.718
2019-03-30 23:00:00+00:00,42.027107,42.753
2019-03-31 00:00:00+00:00,41.064564,38.066
2019-03-31 01:00:00+00:00,37.392117,40.257
2019-03-31 02:00:00+00:00,41.25584,40.193
2019-03-31 03:00:00+00:00,40.23991,40.404003
2019-03-31 04:00:00+00:00,41.30048,40.981
2019-03-31 05:00:00+00:00,42.72665,41.551003
2019-03-31 06:00:00+00:00,44.18856,44.029
2019-03-31 07:00:00+00:00,46.52586,47.075
2019-03-31 08:00:00+00:00,49.125263,50.369
2019-03-31 09:00:00+00:00,51.54617,52.269
2019-03-31 10:00:00+00:00,52.048737,52.511
2019-03-31 11:00:00+00:00,50.901558,50.238
2019-03-31 12:00:00+00:00,48.007633,48.244
2019-03-31 13:00:00+00:00,46.59692,46.79
2019-03-31 14:00:00+00:00,46.584103,46.418003
2019-03-31 15:00:00+00:00,47.77595,47.295
2019-03-31 16:00:00+00:00,49.139946,48.868
2019-03-31 17:00:00+00:00,49.765614,50.714
2019-03-31 18:00:00+00:00,50.32428,53.045002
2019-03-31 19:00:00+00:00,51.765236,51.395
2019-03-31 20:00:00+00:00,49.253372,50.809
2019-03-31 21:00:00+00:00,48.71656,47.658
2019-03-31 22:00:00+00:00,44.10914,44.449997
2019-03-31 23:00:00+00:00,42.16157,42.378
2019-04-01 00:00:00+00:00,40.906715,41.689
2019-04-01 01:00:00+00:00,41.4081,42.264
2019-04-01 02:00:00+00:00,43.198326,44.459
2019-04-01 03:00:00+00:00,48.481174,48.774998
2019-04-01 04:00:00+00:00,56.046566,58.264
2019-04-01 05:00:00+00:00,62.38985,63.304996
2019-04-01 06:00:00+00:00,64.02322,65.413
2019-04-01 07:00:00+00:00,64.850716,65.673
2019-04-01 08:00:00+00:00,65.899574,66.011
2019-04-01 09:00:00+00:00,65.25696,66.813995
2019-04-01 10:00:00+00:00,65.03342,66.184
2019-04-01 11:00:00+00:00,63.83943,65.731
2019-04-01 12:00:00+00:00,63.06253,64.603
2019-04-01 13:00:00+00:00,62.217278,63.356
2019-04-01 14:00:00+00:00,61.462486,61.489002
2019-04-01 15:00:00+00:00,60.176228,60.943
2019-04-01 16:00:00+00:00,60.244526,62.036
2019-04-01 17:00:00+00:00,60.710316,63.635002
2019-04-01 18:00:00+00:00,60.2009,63.818996
2019-04-01 19:00:00+00:00,58.711,61.331
2019-04-01 20:00:00+00:00,56.51081,57.358
2019-04-01 21:00:00+00:00,52.072876,52.337
2019-04-01 22:00:00+00:00,48.60291,49.607
2019-04-01 23:00:00+00:00,47.2522,47.906002
2019-04-02 00:00:00+00:00,46.349747,46.977
2019-04-02 01:00:00+00:00,46.635883,47.643997
2019-04-02 02:00:00+00:00,48.504166,49.147
2019-04-02 03:00:00+00:00,51.527477,52.813
2019-04-02 04:00:00+00:00,58.63778,60.899002
2019-04-02 05:00:00+00:00,64.25075,65.79
2019-04-02 06:00:00+00:00,65.81772,67.942
2019-04-02 07:00:00+00:00,66.47507,67.386
2019-04-02 08:00:00+00:00,66.593185,67.368004
2019-04-02 09:00:00+00:00,66.02611,68.108
2019-04-02 10:00:00+00:00,65.966034,67.977
2019-04-02 11:00:00+00:00,65.33092,68.103004
2019-04-02 12:00:00+00:00,65.3109,67.101
2019-04-02 13:00:00+00:00,64.65995,66.213
2019-04-02 14:00:00+00:00,64.24092,64.707
2019-04-02 15:00:00+00:00,63.19238,64.174
2019-04-02 16:00:00+00:00,62.864418,64.34
2019-04-02 17:00:00+00:00,62.24205,64.65
2019-04-02 18:00:00+00:00,61.021194,64.971
2019-04-02 19:00:00+00:00,60.32137,62.113003
2019-04-02 20:00:00+00:00,57.398575,58.21
2019-04-02 21:00:00+00:00,53.247204,53.368996
2019-04-02 22:00:00+00:00,49.693108,50.218998
2019-04-02 23:00:00+00:00,47.844704,48.172
2019-04-03 00:00:00+00:00,46.42556,47.006
2019-04-03 01:00:00+00:00,46.298504,47.149002
2019-04-03 02:00:00+00:00,47.436935,48.294003
2019-04-03 03:00:00+00:00,49.306274,52.254997
2019-04-03 04:00:00+00:00,58.13866,60.398
2019-04-03 05:00:00+00:00,63.865242,64.715004
2019-04-03 06:00:00+00:00,64.88677,66.094
2019-04-03 07:00:00+00:00,65.03929,66.31
2019-04-03 08:00:00+00:00,65.83299,67.558
2019-04-03 09:00:00+00:00,66.04917,69.054
2019-04-03 10:00:00+00:00,66.509155,68.127
2019-04-03 11:00:00+00:00,65.23683,67.757996
2019-04-03 12:00:00+00:00,64.79811,66.507
2019-04-03 13:00:00+00:00,63.912407,65.368
2019-04-03 14:00:00+00:00,63.148895,64.132
2019-04-03 15:00:00+00:00,62.662167,64.037
2019-04-03 16:00:00+00:00,62.923424,63.749
2019-04-03 17:00:00+00:00,61.65526,64.426
2019-04-03 18:00:00+00:00,61.06356,63.655003
2019-04-03 19:00:00+00:00,59.010563,60.575
2019-04-03 20:00:00+00:00,56.246754,57.217
2019-04-03 21:00:00+00:00,52.394363,52.637
2019-04-03 22:00:00+00:00,48.845978,50.148003
2019-04-03 23:00:00+00:00,47.76936,48.066
2019-04-04 00:00:00+00:00,46.257275,47.154
2019-04-04 01:00:00+00:00,46.688225,47.742
2019-04-04 02:00:00+00:00,48.388325,49.077
2019-04-04 03:00:00+00:00,50.96357,52.248
2019-04-04 04:00:00+00:00,57.74668,59.715
2019-04-04 05:00:00+00:00,63.272926,64.653
2019-04-04 06:00:00+00:00,65.09585,67.072
2019-04-04 07:00:00+00:00,65.758644,66.893005
2019-04-04 08:00:00+00:00,65.97845,68.078
2019-04-04 09:00:00+00:00,66.52485,69.144
2019-04-04 10:00:00+00:00,66.676,69.116005
2019-04-04 11:00:00+00:00,66.11251,68.415
2019-04-04 12:00:00+00:00,65.40295,67.688
2019-04-04 13:00:00+00:00,64.942505,66.992004
2019-04-04 14:00:00+00:00,64.73495,65.025
2019-04-04 15:00:00+00:00,63.107193,64.588
2019-04-04 16:00:00+00:00,63.224438,64.412
2019-04-04 17:00:00+00:00,62.422985,64.312004
2019-04-04 18:00:00+00:00,60.928707,63.957005
2019-04-04 19:00:00+00:00,59.679222,61.29
2019-04-04 20:00:00+00:00,56.950455,57.881004
2019-04-04 21:00:00+00:00,52.879616,53.298004
2019-04-04 22:00:00+00:00,49.43402,50.211
2019-04-04 23:00:00+00:00,47.713802,48.156
2019-04-05 00:00:00+00:00,46.37545,47.029
2019-04-05 01:00:00+00:00,46.42949,47.098
2019-04-05 02:00:00+00:00,47.4885,49.016
2019-04-05 03:00:00+00:00,50.92912,52.600998
2019-04-05 04:00:00+00:00,58.450336,59.962
2019-04-05 05:00:00+00:00,63.512676,65.056
2019-04-05 06:00:00+00:00,65.491325,68.053
2019-04-05 07:00:00+00:00,66.60395,68.871
2019-04-05 08:00:00+00:00,67.47973,69.22
2019-04-05 09:00:00+00:00,67.296646,69.732
2019-04-05 10:00:00+00:00,67.210365,68.777
2019-04-05 11:00:00+00:00,65.95105,67.863
2019-04-05 12:00:00+00:00,64.90207,65.916
2019-04-05 13:00:00+00:00,63.375305,64.596
2019-04-05 14:00:00+00:00,62.765724,63.42
2019-04-05 15:00:00+00:00,62.67731,63.307
2019-04-05 16:00:00+00:00,62.87228,62.756
2019-04-05 17:00:00+00:00,61.076717,62.548004
2019-04-05 18:00:00+00:00,59.49695,61.565002
2019-04-05 19:00:00+00:00,57.519627,58.56
2019-04-05 20:00:00+00:00,54.371574,54.986
2019-04-05 21:00:00+00:00,50.288345,51.302998
2019-04-05 22:00:00+00:00,47.835846,47.929
2019-04-05 23:00:00+00:00,45.753353,45.531002
2019-04-06 00:00:00+00:00,44.0122,44.482998
2019-04-06 01:00:00+00:00,43.854816,44.399
2019-04-06 02:00:00+00:00,44.388527,44.636
2019-04-06 03:00:00+00:00,44.625767,44.82
2019-04-06 04:00:00+00:00,45.554813,45.73
2019-04-06 05:00:00+00:00,47.9753,48.564
2019-04-06 06:00:00+00:00,50.831234,52.944
2019-04-06 07:00:00+00:00,54.721672,55.568
2019-04-06 08:00:00+00:00,55.578896,56.094
2019-04-06 09:00:00+00:00,54.58108,55.467003
2019-04-06 10:00:00+00:00,53.518913,54.809
2019-04-06 11:00:00+00:00,52.79773,53.491
2019-04-06 12:00:00+00:00,51.752728,52.214
2019-04-06 13:00:00+00:00,51.334694,51.425
2019-04-06 14:00:00+00:00,51.53035,50.153004
2019-04-06 15:00:00+00:00,49.96521,50.231
2019-04-06 16:00:00+00:00,50.758057,51.41
2019-04-06 17:00:00+00:00,51.57073,51.617
2019-04-06 18:00:00+00:00,50.274746,52.163998
2019-04-06 19:00:00+00:00,50.617813,51.079
2019-04-06 20:00:00+00:00,48.905228,49.038
2019-04-06 21:00:00+00:00,45.67262,45.25
2019-04-06 22:00:00+00:00,42.194427,41.823
2019-04-06 23:00:00+00:00,40.08298,39.757
2019-04-07 00:00:00+00:00,38.67599,38.616
2019-04-07 01:00:00+00:00,38.20245,38.351
2019-04-07 02:00:00+00:00,38.321686,38.766
2019-04-07 03:00:00+00:00,38.977688,38.984
2019-04-07 04:00:00+00:00,39.599735,39.073
2019-04-07 05:00:00+00:00,41.19632,40.850998
2019-04-07 06:00:00+00:00,43.822567,45.224
2019-04-07 07:00:00+00:00,47.917847,47.608
2019-04-07 08:00:00+00:00,49.148106,48.981
2019-04-07 09:00:00+00:00,49.002636,50.803
2019-04-07 10:00:00+00:00,49.769974,50.69
2019-04-07 11:00:00+00:00,48.601566,48.497997
2019-04-07 12:00:00+00:00,46.438866,47.061996
2019-04-07 13:00:00+00:00,45.957787,46.394
2019-04-07 14:00:00+00:00,46.516857,46.01
2019-04-07 15:00:00+00:00,46.820595,46.973
2019-04-07 16:00:00+00:00,48.023323,48.754
2019-04-07 17:00:00+00:00,49.037292,50.260998
2019-04-07 18:00:00+00:00,49.471268,51.489998
2019-04-07 19:00:00+00:00,50.057243,50.212
2019-04-07 20:00:00+00:00,48.278656,49.34
2019-04-07 21:00:00+00:00,46.665436,46.321
2019-04-07 22:00:00+00:00,43.168045,43.145
2019-04-07 23:00:00+00:00,41.167553,41.872997
2019-04-08 00:00:00+00:00,41.076244,41.37
2019-04-08 01:00:00+00:00,41.533886,41.965
2019-04-08 02:00:00+00:00,43.250248,44.044
2019-04-08 03:00:00+00:00,48.54547,48.583996
2019-04-08 04:00:00+00:00,55.65756,57.122
2019-04-08 05:00:00+00:00,61.166553,62.459
2019-04-08 06:00:00+00:00,63.372757,65.288
2019-04-08 07:00:00+00:00,64.64319,65.642
2019-04-08 08:00:00+00:00,65.34503,66.498
2019-04-08 09:00:00+00:00,65.42184,66.946
2019-04-08 10:00:00+00:00,64.97384,66.798996
2019-04-08 11:00:00+00:00,64.22282,66.438
2019-04-08 12:00:00+00:00,63.61994,65.504005
2019-04-08 13:00:00+00:00,62.81429,64.585
2019-04-08 14:00:00+00:00,62.325085,62.798
2019-04-08 15:00:00+00:00,60.983856,61.934002
2019-04-08 16:00:00+00:00,60.589443,62.395
2019-04-08 17:00:00+00:00,60.65695,62.711002
2019-04-08 18:00:00+00:00,59.319496,62.591
2019-04-08 19:00:00+00:00,58.10384,60.176003
2019-04-08 20:00:00+00:00,55.72711,56.2
2019-04-08 21:00:00+00:00,50.92598,51.335
2019-04-08 22:00:00+00:00,47.783234,48.958004
2019-04-08 23:00:00+00:00,46.700253,46.923
2019-04-09 00:00:00+00:00,45.452873,46.073997
2019-04-09 01:00:00+00:00,46.05937,46.508
2019-04-09 02:00:00+00:00,47.505795,48.031002
2019-04-09 03:00:00+00:00,50.67283,51.795
2019-04-09 04:00:00+00:00,57.90876,59.597
2019-04-09 05:00:00+00:00,63.268005,64.334
2019-04-09 06:00:00+00:00,64.82244,66.998
2019-04-09 07:00:00+00:00,65.88624,67.601006
2019-04-09 08:00:00+00:00,66.68103,68.516
2019-04-09 09:00:00+00:00,66.78397,68.933
2019-04-09 10:00:00+00:00,66.48515,68.429
2019-04-09 11:00:00+00:00,65.60967,67.887
2019-04-09 12:00:00+00:00,64.95617,66.683
2019-04-09 13:00:00+00:00,64.02806,65.342
2019-04-09 14:00:00+00:00,63.213383,64.3
2019-04-09 15:00:00+00:00,63.005047,64.151
2019-04-09 16:00:00+00:00,63.12339,64.226
2019-04-09 17:00:00+00:00,62.150967,64.578
2019-04-09 18:00:00+00:00,60.94523,64.139
2019-04-09 19:00:00+00:00,59.32609,60.996
2019-04-09 20:00:00+00:00,56.337753,57.217
2019-04-09 21:00:00+00:00,52.143005,52.571
2019-04-09 22:00:00+00:00,48.813576,49.586
2019-04-09 23:00:00+00:00,47.198944,47.862
2019-04-10 00:00:00+00:00,46.26786,46.881
2019-04-10 01:00:00+00:00,46.463177,47.828
2019-04-10 02:00:00+00:00,48.778885,49.406002
2019-04-10 03:00:00+00:00,52.11968,53.087
2019-04-10 04:00:00+00:00,58.783615,60.031002
2019-04-10 05:00:00+00:00,63.505928,64.553
2019-04-10 06:00:00+00:00,65.03442,67.086
2019-04-10 07:00:00+00:00,66.025375,67.177
2019-04-10 08:00:00+00:00,66.20444,68.327
2019-04-10 09:00:00+00:00,66.65588,69.087
2019-04-10 10:00:00+00:00,66.644424,68.589
2019-04-10 11:00:00+00:00,65.66572,67.703995
2019-04-10 12:00:00+00:00,64.81416,66.713
2019-04-10 13:00:00+00:00,64.178925,65.47401
2019-04-10 14:00:00+00:00,63.447018,64.04
2019-04-10 15:00:00+00:00,62.63694,63.727
2019-04-10 16:00:00+00:00,62.730663,63.512
2019-04-10 17:00:00+00:00,61.576336,63.503002
2019-04-10 18:00:00+00:00,60.206142,62.950996
2019-04-10 19:00:00+00:00,58.73906,60.536
2019-04-10 20:00:00+00:00,56.423183,57.115997
2019-04-10 21:00:00+00:00,52.185112,53.247997
2019-04-10 22:00:00+00:00,49.48882,49.947002
2019-04-10 23:00:00+00:00,47.40937,48.422
2019-04-11 00:00:00+00:00,46.957684,47.46
2019-04-11 01:00:00+00:00,46.875725,47.932
2019-04-11 02:00:00+00:00,48.43967,49.574997
2019-04-11 03:00:00+00:00,51.900303,52.527996
2019-04-11 04:00:00+00:00,57.601963,59.54
2019-04-11 05:00:00+00:00,62.97132,64.431
2019-04-11 06:00:00+00:00,64.91303,66.444
2019-04-11 07:00:00+00:00,65.14478,65.941
2019-04-11 08:00:00+00:00,65.056526,67.192
2019-04-11 09:00:00+00:00,65.765945,69.354
2019-04-11 10:00:00+00:00,66.81115,68.266
2019-04-11 11:00:00+00:00,65.17246,66.953995
2019-04-11 12:00:00+00:00,63.97715,65.285
2019-04-11 13:00:00+00:00,62.849403,64.781006
2019-04-11 14:00:00+00:00,62.96703,63.441
2019-04-11 15:00:00+00:00,62.113262,63.373997
2019-04-11 16:00:00+00:00,62.28881,63.267002
2019-04-11 17:00:00+00:00,61.227722,63.181
2019-04-11 18:00:00+00:00,59.82681,62.991
2019-04-11 19:00:00+00:00,58.90108,60.599003
2019-04-11 20:00:00+00:00,56.477207,57.17
2019-04-11 21:00:00+00:00,52.325512,52.724
2019-04-11 22:00:00+00:00,49.05568,49.766
2019-04-11 23:00:00+00:00,47.36977,48.4
2019-04-12 00:00:00+00:00,46.927547,47.715996
2019-04-12 01:00:00+00:00,47.23577,48.199
2019-04-12 02:00:00+00:00,48.729633,49.646
2019-04-12 03:00:00+00:00,51.91046,52.669003
2019-04-12 04:00:00+00:00,57.687332,59.374
2019-04-12 05:00:00+00:00,62.76709,64.428
2019-04-12 06:00:00+00:00,64.935585,67.442
2019-04-12 07:00:00+00:00,65.96404,67.449005
2019-04-12 08:00:00+00:00,66.0661,68.335
2019-04-12 09:00:00+00:00,66.55894,68.763
2019-04-12 10:00:00+00:00,66.32725,67.410995
2019-04-12 11:00:00+00:00,64.53841,66.18
2019-04-12 12:00:00+00:00,63.429817,64.907
2019-04-12 13:00:00+00:00,62.606033,63.736004
2019-04-12 14:00:00+00:00,62.06664,62.778
2019-04-12 15:00:00+00:00,61.931076,62.366005
2019-04-12 16:00:00+00:00,61.560474,62.161
2019-04-12 17:00:00+00:00,60.34616,61.680004
2019-04-12 18:00:00+00:00,58.58673,60.99
2019-04-12 19:00:00+00:00,57.32802,58.568
2019-04-12 20:00:00+00:00,54.549755,55.669003
2019-04-12 21:00:00+00:00,51.14666,52.205997
2019-04-12 22:00:00+00:00,48.688927,48.828003
2019-04-12 23:00:00+00:00,46.500034,46.632004
2019-04-13 00:00:00+00:00,45.16536,45.338
2019-04-13 01:00:00+00:00,44.401115,45.208
2019-04-13 02:00:00+00:00,44.96991,45.177002
2019-04-13 03:00:00+00:00,44.760624,45.428
2019-04-13 04:00:00+00:00,45.752533,46.854
2019-04-13 05:00:00+00:00,49.192413,49.873
2019-04-13 06:00:00+00:00,52.347336,53.549004
2019-04-13 07:00:00+00:00,55.06131,56.572
2019-04-13 08:00:00+00:00,56.61245,57.654
2019-04-13 09:00:00+00:00,56.214302,57.612
2019-04-13 10:00:00+00:00,55.53297,57.498
2019-04-13 11:00:00+00:00,55.560345,55.717
2019-04-13 12:00:00+00:00,53.700726,53.558
2019-04-13 13:00:00+00:00,51.977123,53.14
2019-04-13 14:00:00+00:00,53.52707,52.748997
2019-04-13 15:00:00+00:00,53.35371,53.279
2019-04-13 16:00:00+00:00,54.05862,54.873
2019-04-13 17:00:00+00:00,54.827793,54.895
2019-04-13 18:00:00+00:00,53.05907,54.518
2019-04-13 19:00:00+00:00,52.335392,52.859997
2019-04-13 20:00:00+00:00,50.639313,51.199
2019-04-13 21:00:00+00:00,47.916344,47.285
2019-04-13 22:00:00+00:00,44.000267,44.343
2019-04-13 23:00:00+00:00,42.31163,42.491
2019-04-14 00:00:00+00:00,41.084152,41.297
2019-04-14 01:00:00+00:00,40.699078,41.27
2019-04-14 02:00:00+00:00,41.45241,41.594997
2019-04-14 03:00:00+00:00,42.061115,41.496002
2019-04-14 04:00:00+00:00,42.102596,41.168
2019-04-14 05:00:00+00:00,42.962574,42.681
2019-04-14 06:00:00+00:00,45.395947,46.088
2019-04-14 07:00:00+00:00,48.62161,49.141
2019-04-14 08:00:00+00:00,50.93142,51.353
2019-04-14 09:00:00+00:00,51.61367,53.356
2019-04-14 10:00:00+00:00,52.633865,52.871998
2019-04-14 11:00:00+00:00,50.726273,51.122
2019-04-14 12:00:00+00:00,48.7619,49.151997
2019-04-14 13:00:00+00:00,47.587093,48.192997
2019-04-14 14:00:00+00:00,48.128994,48.14
2019-04-14 15:00:00+00:00,49.33057,49.326
2019-04-14 16:00:00+00:00,50.78004,50.939
2019-04-14 17:00:00+00:00,51.285976,51.622997
2019-04-14 18:00:00+00:00,50.522373,52.149
2019-04-14 19:00:00+00:00,50.671406,51.529
2019-04-14 20:00:00+00:00,49.984226,50.933002
2019-04-14 21:00:00+00:00,48.402462,47.587997
2019-04-14 22:00:00+00:00,44.25282,44.953003
2019-04-14 23:00:00+00:00,42.838184,43.756
2019-04-15 00:00:00+00:00,42.654713,42.997
2019-04-15 01:00:00+00:00,42.85007,43.217003
2019-04-15 02:00:00+00:00,44.08782,45.172
2019-04-15 03:00:00+00:00,48.960804,49.517998
2019-04-15 04:00:00+00:00,56.311375,57.302998
2019-04-15 05:00:00+00:00,61.38677,63.007
2019-04-15 06:00:00+00:00,64.01859,65.559
2019-04-15 07:00:00+00:00,64.906105,66.378
2019-04-15 08:00:00+00:00,65.92352,66.151
2019-04-15 09:00:00+00:00,65.173294,66.404
2019-04-15 10:00:00+00:00,64.62602,65.427
2019-04-15 11:00:00+00:00,63.13451,64.978004
2019-04-15 12:00:00+00:00,62.41062,63.65
2019-04-15 13:00:00+00:00,61.412754,62.602005
2019-04-15 14:00:00+00:00,60.95364,61.034
2019-04-15 15:00:00+00:00,59.99796,61.079
2019-04-15 16:00:00+00:00,60.493294,61.795
2019-04-15 17:00:00+00:00,60.176872,62.773
2019-04-15 18:00:00+00:00,59.358418,62.523
2019-04-15 19:00:00+00:00,57.922268,60.257
2019-04-15 20:00:00+00:00,55.98969,56.485
2019-04-15 21:00:00+00:00,51.450104,52.733
2019-04-15 22:00:00+00:00,49.125378,49.227
2019-04-15 23:00:00+00:00,46.80187,47.801
2019-04-16 00:00:00+00:00,46.587704,47.353
2019-04-16 01:00:00+00:00,47.11678,47.983997
2019-04-16 02:00:00+00:00,48.748413,49.538
2019-04-16 03:00:00+00:00,52.43432,53.404003
2019-04-16 04:00:00+00:00,58.81375,60.265
2019-04-16 05:00:00+00:00,63.455803,65.506004
2019-04-16 06:00:00+00:00,65.65098,67.906006
2019-04-16 07:00:00+00:00,66.38702,68.175995
2019-04-16 08:00:00+00:00,66.80734,67.415
2019-04-16 09:00:00+00:00,65.806694,67.53
2019-04-16 10:00:00+00:00,65.37085,67.533005
2019-04-16 11:00:00+00:00,64.96898,66.374
2019-04-16 12:00:00+00:00,63.671253,64.798004
2019-04-16 13:00:00+00:00,62.513615,63.793003
2019-04-16 14:00:00+00:00,62.433514,62.369003
2019-04-16 15:00:00+00:00,61.506397,62.661003
2019-04-16 16:00:00+00:00,62.001366,63.607
2019-04-16 17:00:00+00:00,61.600067,63.433
2019-04-16 18:00:00+00:00,59.479523,63.348
2019-04-16 19:00:00+00:00,58.970257,61.358
2019-04-16 20:00:00+00:00,57.10565,57.228
2019-04-16 21:00:00+00:00,52.18225,52.657
2019-04-16 22:00:00+00:00,49.248974,49.409996
2019-04-16 23:00:00+00:00,47.187653,47.451
2019-04-17 00:00:00+00:00,45.956642,47.095
2019-04-17 01:00:00+00:00,46.73456,47.149998
2019-04-17 02:00:00+00:00,47.357323,48.695004
2019-04-17 03:00:00+00:00,50.31307,52.588
2019-04-17 04:00:00+00:00,57.928593,59.488
2019-04-17 05:00:00+00:00,62.728107,64.682
2019-04-17 06:00:00+00:00,64.92494,67.256
2019-04-17 07:00:00+00:00,65.72179,67.519
2019-04-17 08:00:00+00:00,66.106804,68.565
2019-04-17 09:00:00+00:00,66.68881,68.638
2019-04-17 10:00:00+00:00,66.07433,67.189995
2019-04-17 11:00:00+00:00,64.273186,65.942
2019-04-17 12:00:00+00:00,63.14308,64.617004
2019-04-17 13:00:00+00:00,62.21193,63.073997
2019-04-17 14:00:00+00:00,61.329575,61.612
2019-04-17 15:00:00+00:00,60.725586,61.199997
2019-04-17 16:00:00+00:00,60.719624,61.382
2019-04-17 17:00:00+00:00,59.931717,62.099003
2019-04-17 18:00:00+00:00,59.04036,61.961998
2019-04-17 19:00:00+00:00,57.647278,60.254
2019-04-17 20:00:00+00:00,56.117847,56.319
2019-04-17 21:00:00+00:00,51.095604,51.983997
2019-04-17 22:00:00+00:00,48.408253,48.564
2019-04-17 23:00:00+00:00,46.34598,46.622
2019-04-18 00:00:00+00:00,45.2092,45.884
2019-04-18 01:00:00+00:00,45.502625,46.137
2019-04-18 02:00:00+00:00,46.598488,47.714
2019-04-18 03:00:00+00:00,49.81772,51.344
2019-04-18 04:00:00+00:00,56.735096,57.495003
2019-04-18 05:00:00+00:00,61.04153,62.39
2019-04-18 06:00:00+00:00,63.288975,65.342
2019-04-18 07:00:00+00:00,64.3653,65.674
2019-04-18 08:00:00+00:00,64.43187,65.604
2019-04-18 09:00:00+00:00,64.017555,64.993996
2019-04-18 10:00:00+00:00,62.87915,64.547005
2019-04-18 11:00:00+00:00,61.9804,64.714
2019-04-18 12:00:00+00:00,62.111706,63.071
2019-04-18 13:00:00+00:00,60.689785,61.64
2019-04-18 14:00:00+00:00,59.688423,60.08
2019-04-18 15:00:00+00:00,58.889107,59.517998
2019-04-18 16:00:00+00:00,58.683723,59.106003
2019-04-18 17:00:00+00:00,57.571358,59.593998
2019-04-18 18:00:00+00:00,57.061054,58.907
2019-04-18 19:00:00+00:00,55.37883,56.681004
2019-04-18 20:00:00+00:00,52.91407,52.716
2019-04-18 21:00:00+00:00,48.261505,48.073
2019-04-18 22:00:00+00:00,45.147003,44.272
2019-04-18 23:00:00+00:00,42.443966,41.89
2019-04-19 00:00:00+00:00,40.656136,40.73
2019-04-19 01:00:00+00:00,40.14991,40.41
2019-04-19 02:00:00+00:00,40.139114,40.163998
2019-04-19 03:00:00+00:00,39.675777,39.772003
2019-04-19 04:00:00+00:00,39.824615,39.029
2019-04-19 05:00:00+00:00,40.57589,41.432
2019-04-19 06:00:00+00:00,44.10299,44.857
2019-04-19 07:00:00+00:00,47.18751,47.113
2019-04-19 08:00:00+00:00,48.485622,48.760998
2019-04-19 09:00:00+00:00,48.694378,50.365997
2019-04-19 10:00:00+00:00,49.019142,49.645
2019-04-19 11:00:00+00:00,47.310246,48.108997
2019-04-19 12:00:00+00:00,46.00399,46.643997
2019-04-19 13:00:00+00:00,45.27891,45.131
2019-04-19 14:00:00+00:00,44.874817,44.099
2019-04-19 15:00:00+00:00,44.87587,44.739
2019-04-19 16:00:00+00:00,46.130947,46.096
2019-04-19 17:00:00+00:00,46.937267,46.692
2019-04-19 18:00:00+00:00,46.5669,46.868004
2019-04-19 19:00:00+00:00,46.314087,46.79
2019-04-19 20:00:00+00:00,45.897285,45.107002
2019-04-19 21:00:00+00:00,42.69301,41.32
2019-04-19 22:00:00+00:00,38.97324,38.498
2019-04-19 23:00:00+00:00,37.194378,36.753002
2019-04-20 00:00:00+00:00,35.88553,35.692
2019-04-20 01:00:00+00:00,35.29634,35.485
2019-04-20 02:00:00+00:00,35.636475,36.311
2019-04-20 03:00:00+00:00,37.055424,37.734
2019-04-20 04:00:00+00:00,39.79377,38.895
2019-04-20 05:00:00+00:00,42.11984,42.167
2019-04-20 06:00:00+00:00,45.63699,45.889
2019-04-20 07:00:00+00:00,48.519066,48.811
2019-04-20 08:00:00+00:00,50.174225,49.48
2019-04-20 09:00:00+00:00,49.173126,49.923
2019-04-20 10:00:00+00:00,48.72161,49.645
2019-04-20 11:00:00+00:00,47.97213,48.420002
2019-04-20 12:00:00+00:00,46.928787,47.051
2019-04-20 13:00:00+00:00,46.279335,45.868
2019-04-20 14:00:00+00:00,45.874454,44.989002
2019-04-20 15:00:00+00:00,45.643982,46.14
2019-04-20 16:00:00+00:00,47.295864,47.024
2019-04-20 17:00:00+00:00,47.272297,47.210003
2019-04-20 18:00:00+00:00,46.748634,46.505
2019-04-20 19:00:00+00:00,45.836666,45.85
2019-04-20 20:00:00+00:00,44.357742,43.386
2019-04-20 21:00:00+00:00,40.379044,40.428
2019-04-20 22:00:00+00:00,38.295734,37.149
2019-04-20 23:00:00+00:00,36.10492,34.763
2019-04-21 00:00:00+00:00,34.539204,33.809
2019-04-21 01:00:00+00:00,33.797176,33.295
2019-04-21 02:00:00+00:00,33.49215,33.917
2019-04-21 03:00:00+00:00,34.33426,34.429
2019-04-21 04:00:00+00:00,35.945854,34.526
2019-04-21 05:00:00+00:00,37.296684,36.578003
2019-04-21 06:00:00+00:00,40.2971,40.236
2019-04-21 07:00:00+00:00,43.339153,42.85
2019-04-21 08:00:00+00:00,44.887215,43.794
2019-04-21 09:00:00+00:00,44.54397,44.666
2019-04-21 10:00:00+00:00,44.445335,43.869
2019-04-21 11:00:00+00:00,43.478153,42.083
2019-04-21 12:00:00+00:00,42.43908,40.417
2019-04-21 13:00:00+00:00,41.770905,39.231003
2019-04-21 14:00:00+00:00,41.416847,38.932
2019-04-21 15:00:00+00:00,41.62104,39.878002
2019-04-21 16:00:00+00:00,42.490818,41.25
2019-04-21 17:00:00+00:00,43.08239,42.516
2019-04-21 18:00:00+00:00,43.482075,43.52
2019-04-21 19:00:00+00:00,43.615288,43.583
2019-04-21 20:00:00+00:00,42.570007,41.375
2019-04-21 21:00:00+00:00,39.17904,38.372
2019-04-21 22:00:00+00:00,36.436607,35.745
2019-04-21 23:00:00+00:00,34.791058,34.39
2019-04-22 00:00:00+00:00,33.87129,33.733
2019-04-22 01:00:00+00:00,33.561314,33.577
2019-04-22 02:00:00+00:00,33.86784,34.224
2019-04-22 03:00:00+00:00,34.966496,34.752
2019-04-22 04:00:00+00:00,36.394424,35.351
2019-04-22 05:00:00+00:00,38.184807,37.583
2019-04-22 06:00:00+00:00,41.341766,40.898
2019-04-22 07:00:00+00:00,43.87995,43.662
2019-04-22 08:00:00+00:00,45.655823,45.937
2019-04-22 09:00:00+00:00,46.725483,48.221
2019-04-22 10:00:00+00:00,47.87821,47.932
2019-04-22 11:00:00+00:00,46.54867,46.392998
2019-04-22 12:00:00+00:00,45.101837,45.143
2019-04-22 13:00:00+00:00,44.483944,44.73
2019-04-22 14:00:00+00:00,45.082222,44.899998
2019-04-22 15:00:00+00:00,45.92352,44.031998
2019-04-22 16:00:00+00:00,44.876663,44.706
2019-04-22 17:00:00+00:00,45.6065,44.731
2019-04-22 18:00:00+00:00,45.07998,46.822998
2019-04-22 19:00:00+00:00,46.927444,47.479996
2019-04-22 20:00:00+00:00,46.306152,45.917
2019-04-22 21:00:00+00:00,43.316135,43.274002
2019-04-22 22:00:00+00:00,40.57704,40.355
2019-04-22 23:00:00+00:00,38.57201,38.812
2019-04-23 00:00:00+00:00,37.929752,38.11
2019-04-23 01:00:00+00:00,38.116142,38.259
2019-04-23 02:00:00+00:00,39.087097,40.006
2019-04-23 03:00:00+00:00,43.145775,44.43
2019-04-23 04:00:00+00:00,52.196373,52.952
2019-04-23 05:00:00+00:00,58.256435,59.647003
2019-04-23 06:00:00+00:00,61.359303,63.472
2019-04-23 07:00:00+00:00,62.89564,64.733
2019-04-23 08:00:00+00:00,64.23724,65.955
2019-04-23 09:00:00+00:00,64.88058,67.207
2019-04-23 10:00:00+00:00,65.131615,67.193
2019-04-23 11:00:00+00:00,64.437485,67.206
2019-04-23 12:00:00+00:00,64.070564,65.756
2019-04-23 13:00:00+00:00,62.57117,64.49
2019-04-23 14:00:00+00:00,61.530014,63.6
2019-04-23 15:00:00+00:00,61.339127,62.203
2019-04-23 16:00:00+00:00,60.128395,62.753998
2019-04-23 17:00:00+00:00,60.71016,62.07
2019-04-23 18:00:00+00:00,58.526333,60.587
2019-04-23 19:00:00+00:00,56.406574,58.459003
2019-04-23 20:00:00+00:00,54.37648,54.244
2019-04-23 21:00:00+00:00,49.123516,49.874996
2019-04-23 22:00:00+00:00,46.442528,46.814003
2019-04-23 23:00:00+00:00,44.535103,45.178997
2019-04-24 00:00:00+00:00,43.96832,44.215
2019-04-24 01:00:00+00:00,44.380455,44.778
2019-04-24 02:00:00+00:00,46.35925,45.879
2019-04-24 03:00:00+00:00,48.970814,49.221004
2019-04-24 04:00:00+00:00,56.11883,55.420002
2019-04-24 05:00:00+00:00,60.11332,61.443
2019-04-24 06:00:00+00:00,63.410843,63.877
2019-04-24 07:00:00+00:00,63.70187,64.479004
2019-04-24 08:00:00+00:00,64.079895,66.053
2019-04-24 09:00:00+00:00,65.09952,66.709
2019-04-24 10:00:00+00:00,64.595955,66.029
2019-04-24 11:00:00+00:00,63.32127,65.668
2019-04-24 12:00:00+00:00,62.938557,64.644
2019-04-24 13:00:00+00:00,62.003174,63.414
2019-04-24 14:00:00+00:00,61.10794,61.757
2019-04-24 15:00:00+00:00,60.10528,61.295998
2019-04-24 16:00:00+00:00,60.298195,61.891
2019-04-24 17:00:00+00:00,60.401974,62.081
2019-04-24 18:00:00+00:00,58.91544,60.826
2019-04-24 19:00:00+00:00,56.626804,59.584
2019-04-24 20:00:00+00:00,55.79312,55.049004
2019-04-24 21:00:00+00:00,49.797363,50.892
2019-04-24 22:00:00+00:00,47.50489,47.672
2019-04-24 23:00:00+00:00,45.312992,45.412
2019-04-25 00:00:00+00:00,43.834244,43.747
2019-04-25 01:00:00+00:00,42.96645,43.769
2019-04-25 02:00:00+00:00,44.129974,45.553997
2019-04-25 03:00:00+00:00,47.587257,49.353
2019-04-25 04:00:00+00:00,55.78153,56.128002
2019-04-25 05:00:00+00:00,60.334816,61.657
2019-04-25 06:00:00+00:00,63.012157,64.947
2019-04-25 07:00:00+00:00,64.19695,65.82
2019-04-25 08:00:00+00:00,64.82502,66.445
2019-04-25 09:00:00+00:00,64.97391,67.547005
2019-04-25 10:00:00+00:00,65.3019,67.238
2019-04-25 11:00:00+00:00,64.37585,65.556
2019-04-25 12:00:00+00:00,62.45132,64.287
2019-04-25 13:00:00+00:00,61.46167,63.463
2019-04-25 14:00:00+00:00,61.29798,62.644
2019-04-25 15:00:00+00:00,61.168083,62.516003
2019-04-25 16:00:00+00:00,61.266937,61.546997
2019-04-25 17:00:00+00:00,59.336174,61.34
2019-04-25 18:00:00+00:00,58.294594,60.072002
2019-04-25 19:00:00+00:00,56.100452,59.205997
2019-04-25 20:00:00+00:00,55.448536,55.704
2019-04-25 21:00:00+00:00,50.278404,51.336002
2019-04-25 22:00:00+00:00,47.51887,48.755997
2019-04-25 23:00:00+00:00,46.257385,46.016
2019-04-26 00:00:00+00:00,44.254673,44.615997
2019-04-26 01:00:00+00:00,44.21209,44.841
2019-04-26 02:00:00+00:00,45.546818,46.326
2019-04-26 03:00:00+00:00,48.379864,49.615997
2019-04-26 04:00:00+00:00,55.901196,56.369003
2019-04-26 05:00:00+00:00,60.66794,61.896
2019-04-26 06:00:00+00:00,63.373558,65.351
2019-04-26 07:00:00+00:00,64.6085,66.807
2019-04-26 08:00:00+00:00,65.73171,68.16
2019-04-26 09:00:00+00:00,66.43093,69.037
2019-04-26 10:00:00+00:00,66.52024,67.592
2019-04-26 11:00:00+00:00,64.69627,65.01
2019-04-26 12:00:00+00:00,62.019135,63.521
2019-04-26 13:00:00+00:00,60.825954,61.711
2019-04-26 14:00:00+00:00,59.793404,60.433
2019-04-26 15:00:00+00:00,59.627106,60.898003
2019-04-26 16:00:00+00:00,60.98308,60.701
2019-04-26 17:00:00+00:00,59.395695,60.926003
2019-04-26 18:00:00+00:00,58.096622,58.899002
2019-04-26 19:00:00+00:00,55.054604,56.585
2019-04-26 20:00:00+00:00,53.168602,53.313004
2019-04-26 21:00:00+00:00,48.603558,49.384003
2019-04-26 22:00:00+00:00,45.95412,45.365
2019-04-26 23:00:00+00:00,43.123886,43.26
2019-04-27 00:00:00+00:00,41.875454,42.114998
2019-04-27 01:00:00+00:00,41.452454,42.064
2019-04-27 02:00:00+00:00,42.226444,42.425
2019-04-27 03:00:00+00:00,42.778023,42.488003
2019-04-27 04:00:00+00:00,43.271835,42.914
2019-04-27 05:00:00+00:00,45.21076,46.503
2019-04-27 06:00:00+00:00,49.305862,50.148003
2019-04-27 07:00:00+00:00,52.19993,52.69
2019-04-27 08:00:00+00:00,53.135757,54.913
2019-04-27 09:00:00+00:00,54.165596,55.467003
2019-04-27 10:00:00+00:00,53.521408,54.948
2019-04-27 11:00:00+00:00,52.536827,53.309
2019-04-27 12:00:00+00:00,50.945625,51.299004
2019-04-27 13:00:00+00:00,49.5575,50.934
2019-04-27 14:00:00+00:00,51.14929,50.554
2019-04-27 15:00:00+00:00,50.92665,51.610996
2019-04-27 16:00:00+00:00,52.315887,52.677998
2019-04-27 17:00:00+00:00,52.05689,51.899002
2019-04-27 18:00:00+00:00,49.915485,50.936
2019-04-27 19:00:00+00:00,49.08656,49.766
2019-04-27 20:00:00+00:00,47.870953,47.666
2019-04-27 21:00:00+00:00,44.339886,43.59
2019-04-27 22:00:00+00:00,40.99616,41.191
2019-04-27 23:00:00+00:00,39.68339,39.474
2019-04-28 00:00:00+00:00,38.42915,38.170002
2019-04-28 01:00:00+00:00,37.910862,37.997
2019-04-28 02:00:00+00:00,38.251507,38.242
2019-04-28 03:00:00+00:00,38.59662,38.328
2019-04-28 04:00:00+00:00,38.954617,38.721
2019-04-28 05:00:00+00:00,40.98626,40.817
2019-04-28 06:00:00+00:00,43.983925,43.683002
2019-04-28 07:00:00+00:00,46.20629,46.767
2019-04-28 08:00:00+00:00,48.598053,48.593
2019-04-28 09:00:00+00:00,49.01956,50.597
2019-04-28 10:00:00+00:00,49.770454,50.914
2019-04-28 11:00:00+00:00,48.970917,49.299
2019-04-28 12:00:00+00:00,47.072025,48.18
2019-04-28 13:00:00+00:00,46.682285,46.781
2019-04-28 14:00:00+00:00,46.09296,45.878
2019-04-28 15:00:00+00:00,46.20156,46.714996
2019-04-28 16:00:00+00:00,47.81218,48.449
2019-04-28 17:00:00+00:00,48.917603,49.345
2019-04-28 18:00:00+00:00,48.6875,49.553
2019-04-28 19:00:00+00:00,48.351894,50.415997
2019-04-28 20:00:00+00:00,49.193695,49.385
2019-04-28 21:00:00+00:00,46.53291,46.178
2019-04-28 22:00:00+00:00,42.97498,43.769
2019-04-28 23:00:00+00:00,41.649364,42.294
2019-04-29 00:00:00+00:00,41.232777,42.197
2019-04-29 01:00:00+00:00,42.520496,43.048
2019-04-29 02:00:00+00:00,44.64515,44.545002
2019-04-29 03:00:00+00:00,49.016457,48.618
2019-04-29 04:00:00+00:00,55.596905,56.322002
2019-04-29 05:00:00+00:00,60.726147,61.957
2019-04-29 06:00:00+00:00,63.314518,64.572
2019-04-29 07:00:00+00:00,64.22116,64.949
2019-04-29 08:00:00+00:00,64.77527,66.04
2019-04-29 09:00:00+00:00,65.18761,67.473
2019-04-29 10:00:00+00:00,65.51478,67.886
2019-04-29 11:00:00+00:00,65.207535,67.227
2019-04-29 12:00:00+00:00,64.3068,65.95
2019-04-29 13:00:00+00:00,63.17359,65.394
2019-04-29 14:00:00+00:00,63.091213,63.818996
2019-04-29 15:00:00+00:00,61.883038,63.388
2019-04-29 16:00:00+00:00,61.896923,63.575
2019-04-29 17:00:00+00:00,61.5738,63.262
2019-04-29 18:00:00+00:00,59.81528,61.353004
2019-04-29 19:00:00+00:00,57.281097,59.395
2019-04-29 20:00:00+00:00,55.886703,56.074
2019-04-29 21:00:00+00:00,50.97192,51.715
2019-04-29 22:00:00+00:00,48.08763,48.31
2019-04-29 23:00:00+00:00,46.11852,46.774
2019-04-30 00:00:00+00:00,45.547356,45.969
2019-04-30 01:00:00+00:00,45.859566,46.501
2019-04-30 02:00:00+00:00,47.521263,48.191
2019-04-30 03:00:00+00:00,51.288616,51.047
2019-04-30 04:00:00+00:00,56.71052,57.385002
2019-04-30 05:00:00+00:00,61.36988,62.623997
2019-04-30 06:00:00+00:00,63.881847,65.169
2019-04-30 07:00:00+00:00,64.36995,65.333
2019-04-30 08:00:00+00:00,64.48511,65.607
2019-04-30 09:00:00+00:00,64.34865,65.904
2019-04-30 10:00:00+00:00,63.82764,65.871
2019-04-30 11:00:00+00:00,63.27798,64.911
2019-04-30 12:00:00+00:00,62.218353,62.97
2019-04-30 13:00:00+00:00,60.515415,61.840004
2019-04-30 14:00:00+00:00,60.14115,60.027
2019-04-30 15:00:00+00:00,58.94089,59.327003
2019-04-30 16:00:00+00:00,58.740334,58.847
2019-04-30 17:00:00+00:00,57.641678,58.78
2019-04-30 18:00:00+00:00,56.519085,57.210003
2019-04-30 19:00:00+00:00,54.022297,55.878998
2019-04-30 20:00:00+00:00,52.87722,52.276997
2019-04-30 21:00:00+00:00,47.781998,48.529
2019-04-30 22:00:00+00:00,45.52381,45.045
2019-04-30 23:00:00+00:00,42.877357,42.773003
2019-05-01 00:00:00+00:00,41.32616,40.989
2019-05-01 01:00:00+00:00,39.998714,40.708
2019-05-01 02:00:00+00:00,40.178432,40.73
2019-05-01 03:00:00+00:00,40.106205,40.033
2019-05-01 04:00:00+00:00,40.062923,38.611
2019-05-01 05:00:00+00:00,40.14212,40.392002
2019-05-01 06:00:00+00:00,42.74501,44.288998
2019-05-01 07:00:00+00:00,46.766743,47.231
2019-05-01 08:00:00+00:00,49.0302,49.327003
2019-05-01 09:00:00+00:00,49.474964,50.843
2019-05-01 10:00:00+00:00,49.29495,49.428
2019-05-01 11:00:00+00:00,46.95197,47.222004
2019-05-01 12:00:00+00:00,45.29559,45.68
2019-05-01 13:00:00+00:00,44.66696,45.618
2019-05-01 14:00:00+00:00,46.442036,45.012
2019-05-01 15:00:00+00:00,45.895424,45.552002
2019-05-01 16:00:00+00:00,46.57165,46.752
2019-05-01 17:00:00+00:00,47.162273,47.995
2019-05-01 18:00:00+00:00,47.619423,47.985
2019-05-01 19:00:00+00:00,47.039555,47.860996
2019-05-01 20:00:00+00:00,46.821842,47.282997
2019-05-01 21:00:00+00:00,44.885036,43.565998
2019-05-01 22:00:00+00:00,40.654232,41.007
2019-05-01 23:00:00+00:00,39.332634,39.841
2019-05-02 00:00:00+00:00,38.7895,39.803
2019-05-02 01:00:00+00:00,39.997528,40.439
2019-05-02 02:00:00+00:00,41.655716,42.586998
2019-05-02 03:00:00+00:00,47.15286,46.979
2019-05-02 04:00:00+00:00,53.98199,55.297
2019-05-02 05:00:00+00:00,59.516926,61.404
2019-05-02 06:00:00+00:00,62.51824,64.073006
2019-05-02 07:00:00+00:00,63.396408,65.01
2019-05-02 08:00:00+00:00,64.633095,65.756
2019-05-02 09:00:00+00:00,64.72089,66.664
2019-05-02 10:00:00+00:00,64.60892,66.149
2019-05-02 11:00:00+00:00,63.546505,65.493
2019-05-02 12:00:00+00:00,62.603485,64.654
2019-05-02 13:00:00+00:00,61.89753,64.44
2019-05-02 14:00:00+00:00,62.205765,63.433
2019-05-02 15:00:00+00:00,61.423405,63.377003
2019-05-02 16:00:00+00:00,61.445343,63.194
2019-05-02 17:00:00+00:00,60.404552,62.345997
2019-05-02 18:00:00+00:00,58.42924,60.182
2019-05-02 19:00:00+00:00,56.036163,58.811
2019-05-02 20:00:00+00:00,55.136242,55.559
2019-05-02 21:00:00+00:00,50.170288,51.545002
2019-05-02 22:00:00+00:00,47.77195,47.971
2019-05-02 23:00:00+00:00,45.70022,46.245
2019-05-03 00:00:00+00:00,45.222652,45.147
2019-05-03 01:00:00+00:00,45.217964,45.288
2019-05-03 02:00:00+00:00,46.43584,46.835
2019-05-03 03:00:00+00:00,49.461727,50.067
2019-05-03 04:00:00+00:00,56.46762,57.367004
2019-05-03 05:00:00+00:00,61.69304,62.177002
2019-05-03 06:00:00+00:00,63.536747,64.659996
2019-05-03 07:00:00+00:00,64.15962,66.549
2019-05-03 08:00:00+00:00,65.90358,67.276
2019-05-03 09:00:00+00:00,65.67715,67.585
2019-05-03 10:00:00+00:00,65.22213,66.38
2019-05-03 11:00:00+00:00,63.826595,65.178
2019-05-03 12:00:00+00:00,62.36666,63.602
2019-05-03 13:00:00+00:00,61.055214,62.863003
2019-05-03 14:00:00+00:00,61.157608,61.854
2019-05-03 15:00:00+00:00,60.914143,61.855003
2019-05-03 16:00:00+00:00,61.098763,61.329002
2019-05-03 17:00:00+00:00,59.50037,60.617
2019-05-03 18:00:00+00:00,57.63864,58.661003
2019-05-03 19:00:00+00:00,55.19109,56.810997
2019-05-03 20:00:00+00:00,53.61967,54.198
2019-05-03 21:00:00+00:00,49.565136,50.240997
2019-05-03 22:00:00+00:00,46.741623,46.505
2019-05-03 23:00:00+00:00,44.24846,44.206
2019-05-04 00:00:00+00:00,42.654224,43.047
2019-05-04 01:00:00+00:00,42.28272,42.586
2019-05-04 02:00:00+00:00,42.31082,43.451
2019-05-04 03:00:00+00:00,43.992718,43.39
2019-05-04 04:00:00+00:00,44.07739,44.545002
2019-05-04 05:00:00+00:00,47.102062,47.395
2019-05-04 06:00:00+00:00,49.849564,51.925
2019-05-04 07:00:00+00:00,53.891525,54.963
2019-05-04 08:00:00+00:00,55.22553,57.16
2019-05-04 09:00:00+00:00,56.05719,57.516
2019-05-04 10:00:00+00:00,55.429253,56.916
2019-05-04 11:00:00+00:00,54.507328,55.706
2019-05-04 12:00:00+00:00,53.684208,54.246
2019-05-04 13:00:00+00:00,52.678192,53.218
2019-05-04 14:00:00+00:00,52.65382,52.408
2019-05-04 15:00:00+00:00,52.35459,52.856003
2019-05-04 16:00:00+00:00,53.3683,53.294
2019-05-04 17:00:00+00:00,52.78277,52.521004
2019-05-04 18:00:00+00:00,50.758007,50.651997
2019-05-04 19:00:00+00:00,48.687523,49.982
2019-05-04 20:00:00+00:00,48.55367,48.706997
2019-05-04 21:00:00+00:00,45.456463,45.786
2019-05-04 22:00:00+00:00,42.617474,42.64
2019-05-04 23:00:00+00:00,40.534985,40.691
2019-05-05 00:00:00+00:00,39.43712,39.822
2019-05-05 01:00:00+00:00,39.487663,39.619
2019-05-05 02:00:00+00:00,39.90357,39.438
2019-05-05 03:00:00+00:00,39.69333,39.168
2019-05-05 04:00:00+00:00,39.534008,38.765003
2019-05-05 05:00:00+00:00,40.42394,40.821
2019-05-05 06:00:00+00:00,43.80297,44.131
2019-05-05 07:00:00+00:00,46.83264,47.162
2019-05-05 08:00:00+00:00,49.228832,50.053997
2019-05-05 09:00:00+00:00,50.717754,52.364998
2019-05-05 10:00:00+00:00,51.542484,52.425003
2019-05-05 11:00:00+00:00,50.22652,50.001003
2019-05-05 12:00:00+00:00,47.457348,47.914
2019-05-05 13:00:00+00:00,46.212055,47.475
2019-05-05 14:00:00+00:00,47.588394,47.754
2019-05-05 15:00:00+00:00,48.991127,49.082
2019-05-05 16:00:00+00:00,50.301163,50.124
2019-05-05 17:00:00+00:00,49.919,50.392002
2019-05-05 18:00:00+00:00,49.250774,50.296
2019-05-05 19:00:00+00:00,48.889256,51.197
2019-05-05 20:00:00+00:00,49.9762,51.027
2019-05-05 21:00:00+00:00,48.43724,47.669
2019-05-05 22:00:00+00:00,44.1959,44.759
2019-05-05 23:00:00+00:00,42.535255,43.156002
2019-05-06 00:00:00+00:00,41.939056,43.109
2019-05-06 01:00:00+00:00,43.32506,43.958
2019-05-06 02:00:00+00:00,45.49318,45.963
2019-05-06 03:00:00+00:00,50.846294,50.415
2019-05-06 04:00:00+00:00,57.42292,57.589
2019-05-06 05:00:00+00:00,61.673668,63.259003
2019-05-06 06:00:00+00:00,64.459465,66.102
2019-05-06 07:00:00+00:00,65.670845,66.118
2019-05-06 08:00:00+00:00,65.742226,68.293
2019-05-06 09:00:00+00:00,67.22114,70.321
2019-05-06 10:00:00+00:00,67.93193,69.448006
2019-05-06 11:00:00+00:00,66.333145,68.155
2019-05-06 12:00:00+00:00,65.2243,66.763
2019-05-06 13:00:00+00:00,64.188545,66.01501
2019-05-06 14:00:00+00:00,63.83602,64.616005
2019-05-06 15:00:00+00:00,63.11624,64.828
2019-05-06 16:00:00+00:00,63.873383,64.78
2019-05-06 17:00:00+00:00,62.800602,64.251
2019-05-06 18:00:00+00:00,60.759754,62.349003
2019-05-06 19:00:00+00:00,58.2454,60.077003
2019-05-06 20:00:00+00:00,56.35742,56.456
2019-05-06 21:00:00+00:00,51.36469,52.687
2019-05-06 22:00:00+00:00,48.99276,49.848003
2019-05-06 23:00:00+00:00,47.3247,48.176003
2019-05-07 00:00:00+00:00,46.70491,47.415
2019-05-07 01:00:00+00:00,47.14758,48.364998
2019-05-07 02:00:00+00:00,49.37859,49.837997
2019-05-07 03:00:00+00:00,52.963493,52.93
2019-05-07 04:00:00+00:00,58.270466,59.190002
2019-05-07 05:00:00+00:00,62.77032,63.886
2019-05-07 06:00:00+00:00,64.68795,66.242004
2019-05-07 07:00:00+00:00,65.30601,66.592
2019-05-07 08:00:00+00:00,65.59502,66.805
2019-05-07 09:00:00+00:00,65.29973,68.502
2019-05-07 10:00:00+00:00,66.18894,68.086
2019-05-07 11:00:00+00:00,65.274414,67.432
2019-05-07 12:00:00+00:00,64.460754,66.106
2019-05-07 13:00:00+00:00,63.599564,65.014
2019-05-07 14:00:00+00:00,62.95353,63.361
2019-05-07 15:00:00+00:00,61.808407,62.886997
2019-05-07 16:00:00+00:00,61.813427,62.281002
2019-05-07 17:00:00+00:00,60.450523,61.961998
2019-05-07 18:00:00+00:00,59.1135,60.962
2019-05-07 19:00:00+00:00,57.420574,59.300003
2019-05-07 20:00:00+00:00,55.81459,55.746
2019-05-07 21:00:00+00:00,50.9523,51.827
2019-05-07 22:00:00+00:00,48.40572,48.511997
2019-05-07 23:00:00+00:00,46.31332,46.505997
2019-05-08 00:00:00+00:00,45.02005,45.843
2019-05-08 01:00:00+00:00,45.408714,46.565
2019-05-08 02:00:00+00:00,47.208057,48.576
2019-05-08 03:00:00+00:00,51.79515,51.610996
2019-05-08 04:00:00+00:00,56.445908,58.059002
2019-05-08 05:00:00+00:00,61.384888,63.508
2019-05-08 06:00:00+00:00,64.063705,66.012
2019-05-08 07:00:00+00:00,64.5184,66.074005
2019-05-08 08:00:00+00:00,64.70131,67.099
2019-05-08 09:00:00+00:00,65.402855,68.922005
2019-05-08 10:00:00+00:00,66.24534,68.998
2019-05-08 11:00:00+00:00,65.7118,68.362
2019-05-08 12:00:00+00:00,65.02766,67.805
2019-05-08 13:00:00+00:00,64.74756,67.618
2019-05-08 14:00:00+00:00,64.92691,65.895996
2019-05-08 15:00:00+00:00,63.296597,65.679
2019-05-08 16:00:00+00:00,63.513264,65.285
2019-05-08 17:00:00+00:00,62.48138,65.037
2019-05-08 18:00:00+00:00,61.128788,62.534
2019-05-08 19:00:00+00:00,58.16027,60.082
2019-05-08 20:00:00+00:00,56.439514,57.256
2019-05-08 21:00:00+00:00,52.26462,52.524002
2019-05-08 22:00:00+00:00,48.68375,49.448
2019-05-08 23:00:00+00:00,47.11405,46.822998
2019-05-09 00:00:00+00:00,45.27612,46.359
2019-05-09 01:00:00+00:00,46.36016,46.342003
2019-05-09 02:00:00+00:00,47.06451,47.818996
2019-05-09 03:00:00+00:00,49.72065,51.4
2019-05-09 04:00:00+00:00,57.76124,58.086998
2019-05-09 05:00:00+00:00,62.19604,63.301003
2019-05-09 06:00:00+00:00,64.49291,66.125
2019-05-09 07:00:00+00:00,65.35843,66.591
2019-05-09 08:00:00+00:00,65.69722,67.945
2019-05-09 09:00:00+00:00,66.448654,68.8
2019-05-09 10:00:00+00:00,66.41338,67.861
2019-05-09 11:00:00+00:00,64.9516,67.604004
2019-05-09 12:00:00+00:00,64.70029,66.573
2019-05-09 13:00:00+00:00,63.914253,65.864
2019-05-09 14:00:00+00:00,63.574398,63.770004
2019-05-09 15:00:00+00:00,62.007324,63.379
2019-05-09 16:00:00+00:00,62.28852,63.131004
2019-05-09 17:00:00+00:00,61.458717,62.697
2019-05-09 18:00:00+00:00,59.626534,61.522
2019-05-09 19:00:00+00:00,57.646706,59.756996
2019-05-09 20:00:00+00:00,55.98056,56.543
2019-05-09 21:00:00+00:00,51.470394,52.246002
2019-05-09 22:00:00+00:00,48.398884,48.181004
2019-05-09 23:00:00+00:00,45.887505,46.429996
2019-05-10 00:00:00+00:00,45.0361,46.049
2019-05-10 01:00:00+00:00,45.862778,46.063
2019-05-10 02:00:00+00:00,46.670586,48.176003
2019-05-10 03:00:00+00:00,51.361813,51.347
2019-05-10 04:00:00+00:00,56.962063,57.507
2019-05-10 05:00:00+00:00,61.238472,63.923
2019-05-10 06:00:00+00:00,64.87577,66.33
2019-05-10 07:00:00+00:00,65.01952,66.451996
2019-05-10 08:00:00+00:00,65.20214,68.363
2019-05-10 09:00:00+00:00,66.84732,69.021996
2019-05-10 10:00:00+00:00,66.36735,68.142006
2019-05-10 11:00:00+00:00,64.975624,66.523
2019-05-10 12:00:00+00:00,63.63361,64.343
2019-05-10 13:00:00+00:00,61.647125,62.596996
2019-05-10 14:00:00+00:00,60.57866,61.969997
2019-05-10 15:00:00+00:00,61.290028,61.515
2019-05-10 16:00:00+00:00,60.980106,60.554005
2019-05-10 17:00:00+00:00,58.90337,60.469
2019-05-10 18:00:00+00:00,57.89155,58.66
2019-05-10 19:00:00+00:00,55.072865,57.068
2019-05-10 20:00:00+00:00,53.766365,54.145996
2019-05-10 21:00:00+00:00,49.2419,50.442
2019-05-10 22:00:00+00:00,46.92481,46.781
2019-05-10 23:00:00+00:00,44.483536,44.025
2019-05-11 00:00:00+00:00,42.44944,42.607
2019-05-11 01:00:00+00:00,41.79116,42.285
2019-05-11 02:00:00+00:00,41.957882,42.653
2019-05-11 03:00:00+00:00,42.556473,42.996002
2019-05-11 04:00:00+00:00,43.592854,43.919003
2019-05-11 05:00:00+00:00,46.33698,47.486
2019-05-11 06:00:00+00:00,50.278797,51.309002
2019-05-11 07:00:00+00:00,53.098667,53.635002
2019-05-11 08:00:00+00:00,53.72273,55.752003
2019-05-11 09:00:00+00:00,54.79698,56.675
2019-05-11 10:00:00+00:00,54.731358,56.106003
2019-05-11 11:00:00+00:00,53.662006,54.351
2019-05-11 12:00:00+00:00,51.959034,52.218
2019-05-11 13:00:00+00:00,50.33705,52.234
2019-05-11 14:00:00+00:00,52.661343,51.543
2019-05-11 15:00:00+00:00,51.633278,51.986
2019-05-11 16:00:00+00:00,52.36586,52.817
2019-05-11 17:00:00+00:00,52.303024,52.724
2019-05-11 18:00:00+00:00,50.974747,51.312
2019-05-11 19:00:00+00:00,49.200043,50.380997
2019-05-11 20:00:00+00:00,48.74792,49.005
2019-05-11 21:00:00+00:00,45.7437,46.067
2019-05-11 22:00:00+00:00,42.87846,42.593
2019-05-11 23:00:00+00:00,40.565884,40.744
2019-05-12 00:00:00+00:00,39.62453,39.948
2019-05-12 01:00:00+00:00,39.701065,39.66
2019-05-12 02:00:00+00:00,40.027344,39.791
2019-05-12 03:00:00+00:00,40.422134,39.54
2019-05-12 04:00:00+00:00,40.021862,39.458
2019-05-12 05:00:00+00:00,41.324078,41.385998
2019-05-12 06:00:00+00:00,44.44291,44.826
2019-05-12 07:00:00+00:00,47.544582,47.662
2019-05-12 08:00:00+00:00,49.63468,49.269997
2019-05-12 09:00:00+00:00,49.57669,50.579002
2019-05-12 10:00:00+00:00,49.55647,50.498997
2019-05-12 11:00:00+00:00,48.48555,48.177998
2019-05-12 12:00:00+00:00,46.24838,46.895004
2019-05-12 13:00:00+00:00,45.87271,46.016
2019-05-12 14:00:00+00:00,46.13756,45.682
2019-05-12 15:00:00+00:00,46.751816,46.623997
2019-05-12 16:00:00+00:00,47.8931,48.297
2019-05-12 17:00:00+00:00,48.729404,49.241
2019-05-12 18:00:00+00:00,48.569218,48.774002
2019-05-12 19:00:00+00:00,47.58501,49.12
2019-05-12 20:00:00+00:00,48.09963,48.89
2019-05-12 21:00:00+00:00,46.443558,45.284
2019-05-12 22:00:00+00:00,42.11047,43.262
2019-05-12 23:00:00+00:00,41.34208,41.947998
2019-05-13 00:00:00+00:00,40.788548,41.257
2019-05-13 01:00:00+00:00,41.187874,42.08
2019-05-13 02:00:00+00:00,43.22938,44.263
2019-05-13 03:00:00+00:00,48.91753,47.961998
2019-05-13 04:00:00+00:00,54.578964,55.753
2019-05-13 05:00:00+00:00,59.981335,61.27
2019-05-13 06:00:00+00:00,62.592495,64.28
2019-05-13 07:00:00+00:00,63.733974,64.692
2019-05-13 08:00:00+00:00,64.32467,65.852
2019-05-13 09:00:00+00:00,64.84559,67.354004
2019-05-13 10:00:00+00:00,65.324234,66.603004
2019-05-13 11:00:00+00:00,63.915863,65.450005
2019-05-13 12:00:00+00:00,62.624752,64.087
2019-05-13 13:00:00+00:00,61.51652,63.075
2019-05-13 14:00:00+00:00,60.934177,61.903
2019-05-13 15:00:00+00:00,60.430943,61.662
2019-05-13 16:00:00+00:00,60.5345,61.504997
2019-05-13 17:00:00+00:00,59.564205,61.167
2019-05-13 18:00:00+00:00,58.02643,59.959003
2019-05-13 19:00:00+00:00,56.170494,58.305
2019-05-13 20:00:00+00:00,54.60668,55.383003
2019-05-13 21:00:00+00:00,50.38623,50.308002
2019-05-13 22:00:00+00:00,46.88813,47.582996
2019-05-13 23:00:00+00:00,45.629326,45.801
2019-05-14 00:00:00+00:00,44.534058,45.032
2019-05-14 01:00:00+00:00,45.0784,45.533
2019-05-14 02:00:00+00:00,46.648865,47.666
2019-05-14 03:00:00+00:00,51.53836,50.745
2019-05-14 04:00:00+00:00,56.371628,57.502
2019-05-14 05:00:00+00:00,61.29235,62.989002
2019-05-14 06:00:00+00:00,63.93479,65.478
2019-05-14 07:00:00+00:00,64.377396,66.200005
2019-05-14 08:00:00+00:00,65.13817,67.475
2019-05-14 09:00:00+00:00,65.847885,68.844
2019-05-14 10:00:00+00:00,66.207375,67.367
2019-05-14 11:00:00+00:00,64.3215,66.347
2019-05-14 12:00:00+00:00,63.352245,65.096
2019-05-14 13:00:00+00:00,62.449337,64.479004
2019-05-14 14:00:00+00:00,62.37115,62.873
2019-05-14 15:00:00+00:00,61.238323,62.424
2019-05-14 16:00:00+00:00,61.20237,62.510998
2019-05-14 17:00:00+00:00,60.617065,62.406002
2019-05-14 18:00:00+00:00,59.039715,61.172
2019-05-14 19:00:00+00:00,56.969627,59.170002
2019-05-14 20:00:00+00:00,55.348457,55.996998
2019-05-14 21:00:00+00:00,50.860012,51.725998
2019-05-14 22:00:00+00:00,47.960213,48.607998
2019-05-14 23:00:00+00:00,46.266834,46.55
2019-05-15 00:00:00+00:00,45.153877,45.856
2019-05-15 01:00:00+00:00,45.769684,46.453003
2019-05-15 02:00:00+00:00,47.385998,48.125
2019-05-15 03:00:00+00:00,51.151043,51.149002
2019-05-15 04:00:00+00:00,56.735107,58.059998
2019-05-15 05:00:00+00:00,61.846222,63.308002
2019-05-15 06:00:00+00:00,64.1922,65.788
2019-05-15 07:00:00+00:00,64.71675,66.201
2019-05-15 08:00:00+00:00,65.2485,66.975
2019-05-15 09:00:00+00:00,65.48385,68.663
2019-05-15 10:00:00+00:00,66.207466,68.306
2019-05-15 11:00:00+00:00,65.32134,66.994
2019-05-15 12:00:00+00:00,63.89732,66.268
2019-05-15 13:00:00+00:00,63.558727,65.541
2019-05-15 14:00:00+00:00,63.35101,63.997
2019-05-15 15:00:00+00:00,62.08131,64.149
2019-05-15 16:00:00+00:00,62.812145,64.184
2019-05-15 17:00:00+00:00,61.88424,63.865
2019-05-15 18:00:00+00:00,60.14378,61.774002
2019-05-15 19:00:00+00:00,57.537483,59.98
2019-05-15 20:00:00+00:00,56.404835,56.407997
2019-05-15 21:00:00+00:00,51.18959,52.067997
2019-05-15 22:00:00+00:00,48.43768,49.005
2019-05-15 23:00:00+00:00,46.65317,47.274998
2019-05-16 00:00:00+00:00,45.83005,46.66
2019-05-16 01:00:00+00:00,46.48702,47.086
2019-05-16 02:00:00+00:00,47.89773,48.744003
2019-05-16 03:00:00+00:00,51.602734,52.016
2019-05-16 04:00:00+00:00,57.670147,58.858
2019-05-16 05:00:00+00:00,62.531685,63.574
2019-05-16 06:00:00+00:00,64.37573,66.6
2019-05-16 07:00:00+00:00,65.56041,67.932
2019-05-16 08:00:00+00:00,66.676506,68.866
2019-05-16 09:00:00+00:00,66.86438,69.525
2019-05-16 10:00:00+00:00,66.884094,68.332
2019-05-16 11:00:00+00:00,65.44732,67.746
2019-05-16 12:00:00+00:00,64.77516,66.911
2019-05-16 13:00:00+00:00,64.2658,66.217
2019-05-16 14:00:00+00:00,64.04957,65.827995
2019-05-16 15:00:00+00:00,64.32217,65.916
2019-05-16 16:00:00+00:00,64.29108,65.084
2019-05-16 17:00:00+00:00,62.29563,64.473
2019-05-16 18:00:00+00:00,60.812675,62.471
2019-05-16 19:00:00+00:00,58.251484,60.780003
2019-05-16 20:00:00+00:00,57.0813,57.418
2019-05-16 21:00:00+00:00,52.139374,52.981003
2019-05-16 22:00:00+00:00,49.14228,49.509003
2019-05-16 23:00:00+00:00,47.101013,47.913002
2019-05-17 00:00:00+00:00,46.39349,46.910004
2019-05-17 01:00:00+00:00,46.4581,47.368
2019-05-17 02:00:00+00:00,48.113792,48.738
2019-05-17 03:00:00+00:00,50.738407,51.846
2019-05-17 04:00:00+00:00,57.537537,59.021
2019-05-17 05:00:00+00:00,62.838562,64.368004
2019-05-17 06:00:00+00:00,65.09915,66.840004
2019-05-17 07:00:00+00:00,65.62453,67.049995
2019-05-17 08:00:00+00:00,66.08869,67.531
2019-05-17 09:00:00+00:00,66.08238,68.46
2019-05-17 10:00:00+00:00,66.1414,67.882
2019-05-17 11:00:00+00:00,65.096466,66.597
2019-05-17 12:00:00+00:00,63.72236,64.343
2019-05-17 13:00:00+00:00,61.844833,63.23
2019-05-17 14:00:00+00:00,61.52012,62.087997
2019-05-17 15:00:00+00:00,61.392956,61.452003
2019-05-17 16:00:00+00:00,60.891537,60.784
2019-05-17 17:00:00+00:00,59.34464,60.370003
2019-05-17 18:00:00+00:00,57.79366,58.757
2019-05-17 19:00:00+00:00,55.36783,56.815002
2019-05-17 20:00:00+00:00,53.43888,54.095
2019-05-17 21:00:00+00:00,49.546585,49.817997
2019-05-17 22:00:00+00:00,46.51746,45.784
2019-05-17 23:00:00+00:00,43.68076,43.888
2019-05-18 00:00:00+00:00,42.45513,42.719997
2019-05-18 01:00:00+00:00,41.78706,42.354
2019-05-18 02:00:00+00:00,41.898323,42.609
2019-05-18 03:00:00+00:00,42.193016,42.294
2019-05-18 04:00:00+00:00,42.328182,43.283
2019-05-18 05:00:00+00:00,45.37913,46.801
2019-05-18 06:00:00+00:00,49.417843,50.640003
2019-05-18 07:00:00+00:00,52.57511,52.771
2019-05-18 08:00:00+00:00,52.86179,54.059998
2019-05-18 09:00:00+00:00,52.915447,54.789
2019-05-18 10:00:00+00:00,52.911114,54.461002
2019-05-18 11:00:00+00:00,52.08324,52.949
2019-05-18 12:00:00+00:00,50.70066,51.357
2019-05-18 13:00:00+00:00,49.868507,50.346996
2019-05-18 14:00:00+00:00,49.949368,49.188
2019-05-18 15:00:00+00:00,49.044807,49.489002
2019-05-18 16:00:00+00:00,50.07116,50.491
2019-05-18 17:00:00+00:00,50.396652,50.265
2019-05-18 18:00:00+00:00,48.99436,49.032
2019-05-18 19:00:00+00:00,47.58516,48.364998
2019-05-18 20:00:00+00:00,46.69317,47.297
2019-05-18 21:00:00+00:00,44.22082,43.907
2019-05-18 22:00:00+00:00,40.983093,40.825
2019-05-18 23:00:00+00:00,39.198208,37.939003
2019-05-19 00:00:00+00:00,37.077854,36.358
2019-05-19 01:00:00+00:00,36.026604,35.985
2019-05-19 02:00:00+00:00,35.88338,36.707
2019-05-19 03:00:00+00:00,36.960217,36.404
2019-05-19 04:00:00+00:00,37.15514,36.541
2019-05-19 05:00:00+00:00,38.704166,39.214
2019-05-19 06:00:00+00:00,42.55701,42.867
2019-05-19 07:00:00+00:00,45.693745,45.364002
2019-05-19 08:00:00+00:00,47.110363,47.264004
2019-05-19 09:00:00+00:00,47.651028,49.563004
2019-05-19 10:00:00+00:00,48.892178,49.895
2019-05-19 11:00:00+00:00,48.020485,48.041
2019-05-19 12:00:00+00:00,46.08854,46.241
2019-05-19 13:00:00+00:00,44.98287,45.97
2019-05-19 14:00:00+00:00,45.92214,45.791
2019-05-19 15:00:00+00:00,46.426872,47.129
2019-05-19 16:00:00+00:00,48.035892,48.629997
2019-05-19 17:00:00+00:00,48.64145,49.591
2019-05-19 18:00:00+00:00,48.634937,49.557
2019-05-19 19:00:00+00:00,48.126534,49.059002
2019-05-19 20:00:00+00:00,47.694946,48.627
2019-05-19 21:00:00+00:00,46.072258,45.028
2019-05-19 22:00:00+00:00,41.857586,42.019
2019-05-19 23:00:00+00:00,40.220047,40.291
2019-05-20 00:00:00+00:00,39.269943,39.945
2019-05-20 01:00:00+00:00,40.213074,40.49
2019-05-20 02:00:00+00:00,41.813057,41.990997
2019-05-20 03:00:00+00:00,45.59275,45.595
2019-05-20 04:00:00+00:00,53.269356,54.850002
2019-05-20 05:00:00+00:00,60.142365,60.857002
2019-05-20 06:00:00+00:00,62.4444,63.708
2019-05-20 07:00:00+00:00,63.29285,64.673996
2019-05-20 08:00:00+00:00,64.779724,66.171
2019-05-20 09:00:00+00:00,65.32866,67.71
2019-05-20 10:00:00+00:00,65.631805,67.840004
2019-05-20 11:00:00+00:00,65.14458,67.847
2019-05-20 12:00:00+00:00,64.77551,66.451004
2019-05-20 13:00:00+00:00,63.37055,65.52
2019-05-20 14:00:00+00:00,62.706444,64.158
2019-05-20 15:00:00+00:00,61.930893,64.148
2019-05-20 16:00:00+00:00,62.49242,64.001
2019-05-20 17:00:00+00:00,61.706696,63.053
2019-05-20 18:00:00+00:00,59.535557,61.509
2019-05-20 19:00:00+00:00,57.453682,58.774002
2019-05-20 20:00:00+00:00,54.829517,55.579
2019-05-20 21:00:00+00:00,50.583538,50.876003
2019-05-20 22:00:00+00:00,47.142574,47.567
2019-05-20 23:00:00+00:00,45.42928,45.649002
2019-05-21 00:00:00+00:00,44.18352,44.509
2019-05-21 01:00:00+00:00,44.41875,45.003
2019-05-21 02:00:00+00:00,46.321457,46.832
2019-05-21 03:00:00+00:00,50.21361,50.124
2019-05-21 04:00:00+00:00,56.762505,57.611004
2019-05-21 05:00:00+00:00,61.92032,63.201
2019-05-21 06:00:00+00:00,64.42026,66.871
2019-05-21 07:00:00+00:00,65.909546,67.699
2019-05-21 08:00:00+00:00,66.67789,68.655
2019-05-21 09:00:00+00:00,67.0389,70.254
2019-05-21 10:00:00+00:00,67.73985,69.909
2019-05-21 11:00:00+00:00,66.800285,68.677
2019-05-21 12:00:00+00:00,65.39841,67.855
2019-05-21 13:00:00+00:00,64.914986,66.839005
2019-05-21 14:00:00+00:00,64.3728,65.311
2019-05-21 15:00:00+00:00,63.369865,65.372
2019-05-21 16:00:00+00:00,64.19806,64.942
2019-05-21 17:00:00+00:00,62.90063,64.185
2019-05-21 18:00:00+00:00,60.784534,61.951
2019-05-21 19:00:00+00:00,57.9254,60.016003
2019-05-21 20:00:00+00:00,56.154606,56.523
2019-05-21 21:00:00+00:00,51.238293,51.38
2019-05-21 22:00:00+00:00,47.70666,48.081
2019-05-21 23:00:00+00:00,45.96951,46.444
2019-05-22 00:00:00+00:00,44.98754,45.57
2019-05-22 01:00:00+00:00,45.46374,45.698997
2019-05-22 02:00:00+00:00,46.64537,47.034996
2019-05-22 03:00:00+00:00,49.377975,50.206
2019-05-22 04:00:00+00:00,56.350323,57.763004
2019-05-22 05:00:00+00:00,61.88975,64.32
2019-05-22 06:00:00+00:00,65.16329,67.356
2019-05-22 07:00:00+00:00,65.87642,67.936005
2019-05-22 08:00:00+00:00,66.70552,68.644005
2019-05-22 09:00:00+00:00,67.10018,69.777
2019-05-22 10:00:00+00:00,67.226166,68.346
2019-05-22 11:00:00+00:00,65.364395,67.151
2019-05-22 12:00:00+00:00,64.092476,65.84
2019-05-22 13:00:00+00:00,63.148907,64.434006
2019-05-22 14:00:00+00:00,62.328987,62.352
2019-05-22 15:00:00+00:00,61.021423,62.792004
2019-05-22 16:00:00+00:00,62.507183,63.153004
2019-05-22 17:00:00+00:00,61.681137,63.030003
2019-05-22 18:00:00+00:00,59.520252,61.143
2019-05-22 19:00:00+00:00,56.830685,59.108
2019-05-22 20:00:00+00:00,55.113976,55.858
2019-05-22 21:00:00+00:00,50.585903,51.287003
2019-05-22 22:00:00+00:00,47.511356,47.641
2019-05-22 23:00:00+00:00,45.44497,46.414
2019-05-23 00:00:00+00:00,45.23254,45.754
2019-05-23 01:00:00+00:00,45.664795,45.821003
2019-05-23 02:00:00+00:00,46.6615,47.563
2019-05-23 03:00:00+00:00,50.690804,50.252003
2019-05-23 04:00:00+00:00,55.717903,57.343998
2019-05-23 05:00:00+00:00,61.25003,62.628
2019-05-23 06:00:00+00:00,63.684746,65.56
2019-05-23 07:00:00+00:00,64.48534,65.902
2019-05-23 08:00:00+00:00,64.92418,66.043
2019-05-23 09:00:00+00:00,64.6084,66.476
2019-05-23 10:00:00+00:00,64.30205,66.192
2019-05-23 11:00:00+00:00,63.508915,65.353
2019-05-23 12:00:00+00:00,62.506786,64.108
2019-05-23 13:00:00+00:00,61.537987,63.124
2019-05-23 14:00:00+00:00,61.189262,62.248005
2019-05-23 15:00:00+00:00,60.94594,62.296997
2019-05-23 16:00:00+00:00,61.09669,62.57
2019-05-23 17:00:00+00:00,60.318768,62.065
2019-05-23 18:00:00+00:00,58.379265,60.327
2019-05-23 19:00:00+00:00,56.209362,58.697
2019-05-23 20:00:00+00:00,55.146885,55.789
2019-05-23 21:00:00+00:00,50.724167,51.145996
2019-05-23 22:00:00+00:00,47.541214,48.113
2019-05-23 23:00:00+00:00,45.980335,45.964
2019-05-24 00:00:00+00:00,44.4918,44.927
2019-05-24 01:00:00+00:00,44.560043,45.245
2019-05-24 02:00:00+00:00,45.907047,46.711998
2019-05-24 03:00:00+00:00,48.866776,49.768
2019-05-24 04:00:00+00:00,55.3811,57.174
2019-05-24 05:00:00+00:00,61.132565,62.293003
2019-05-24 06:00:00+00:00,63.26963,65.065
2019-05-24 07:00:00+00:00,64.02016,66.062004
2019-05-24 08:00:00+00:00,65.103165,66.838
2019-05-24 09:00:00+00:00,65.181526,67.282005
2019-05-24 10:00:00+00:00,64.88003,66.634
2019-05-24 11:00:00+00:00,63.872017,65.369
2019-05-24 12:00:00+00:00,62.434288,63.228
2019-05-24 13:00:00+00:00,60.521828,62.295002
2019-05-24 14:00:00+00:00,60.378666,60.909
2019-05-24 15:00:00+00:00,59.809944,60.49
2019-05-24 16:00:00+00:00,59.747402,60.376
2019-05-24 17:00:00+00:00,58.882374,60.554005
2019-05-24 18:00:00+00:00,57.702217,58.408
2019-05-24 19:00:00+00:00,54.65594,56.112
2019-05-24 20:00:00+00:00,52.733982,53.232998
2019-05-24 21:00:00+00:00,48.574726,48.579
2019-05-24 22:00:00+00:00,45.26401,45.501
2019-05-24 23:00:00+00:00,43.551678,43.161
2019-05-25 00:00:00+00:00,41.672573,41.423
2019-05-25 01:00:00+00:00,40.7137,40.88
2019-05-25 02:00:00+00:00,40.562607,41.32
2019-05-25 03:00:00+00:00,41.229675,41.053
2019-05-25 04:00:00+00:00,41.144196,43.172
2019-05-25 05:00:00+00:00,46.097797,46.903
2019-05-25 06:00:00+00:00,50.023354,50.919
2019-05-25 07:00:00+00:00,52.987312,53.289997
2019-05-25 08:00:00+00:00,53.41951,54.014
2019-05-25 09:00:00+00:00,52.707104,54.148
2019-05-25 10:00:00+00:00,52.134857,53.832
2019-05-25 11:00:00+00:00,51.475235,51.753
2019-05-25 12:00:00+00:00,49.29999,49.961
2019-05-25 13:00:00+00:00,48.600914,49.301
2019-05-25 14:00:00+00:00,49.417683,48.275997
2019-05-25 15:00:00+00:00,48.351723,49.173996
2019-05-25 16:00:00+00:00,50.046043,50.442
2019-05-25 17:00:00+00:00,50.118534,50.767
2019-05-25 18:00:00+00:00,49.275158,49.114
2019-05-25 19:00:00+00:00,47.187435,47.854004
2019-05-25 20:00:00+00:00,46.12992,46.822002
2019-05-25 21:00:00+00:00,43.79786,43.59
2019-05-25 22:00:00+00:00,40.653233,40.41
2019-05-25 23:00:00+00:00,38.79075,38.467
2019-05-26 00:00:00+00:00,37.437256,37.543003
2019-05-26 01:00:00+00:00,37.20253,37.629
2019-05-26 02:00:00+00:00,37.87497,37.972
2019-05-26 03:00:00+00:00,38.542324,37.553
2019-05-26 04:00:00+00:00,38.3824,37.277
2019-05-26 05:00:00+00:00,39.419537,39.828
2019-05-26 06:00:00+00:00,43.048496,42.69
2019-05-26 07:00:00+00:00,45.29512,45.673
2019-05-26 08:00:00+00:00,47.644375,47.442997
2019-05-26 09:00:00+00:00,47.956806,49.648
2019-05-26 10:00:00+00:00,48.96622,50.102
2019-05-26 11:00:00+00:00,48.19243,48.170998
2019-05-26 12:00:00+00:00,46.13146,46.441
2019-05-26 13:00:00+00:00,45.209297,45.505
2019-05-26 14:00:00+00:00,45.319702,45.514
2019-05-26 15:00:00+00:00,46.485016,47.601
2019-05-26 16:00:00+00:00,49.049747,48.519
2019-05-26 17:00:00+00:00,48.455612,48.795
2019-05-26 18:00:00+00:00,47.965546,47.926003
2019-05-26 19:00:00+00:00,46.894314,47.608
2019-05-26 20:00:00+00:00,46.448547,47.476
2019-05-26 21:00:00+00:00,45.020287,44.261997
2019-05-26 22:00:00+00:00,41.346752,43.211998
2019-05-26 23:00:00+00:00,41.63274,41.933
2019-05-27 00:00:00+00:00,41.010323,41.19
2019-05-27 01:00:00+00:00,41.42581,41.067
2019-05-27 02:00:00+00:00,41.89311,42.226997
2019-05-27 03:00:00+00:00,44.88008,45.402
2019-05-27 04:00:00+00:00,52.140045,53.963997
2019-05-27 05:00:00+00:00,59.138855,60.458004
2019-05-27 06:00:00+00:00,62.167747,63.264004
2019-05-27 07:00:00+00:00,62.65497,64.099
2019-05-27 08:00:00+00:00,63.93395,66.242004
2019-05-27 09:00:00+00:00,65.312546,68.025
2019-05-27 10:00:00+00:00,65.740845,67.403
2019-05-27 11:00:00+00:00,64.56459,66.291
2019-05-27 12:00:00+00:00,63.395504,64.977
2019-05-27 13:00:00+00:00,62.140575,64.022
2019-05-27 14:00:00+00:00,61.491764,63.483
2019-05-27 15:00:00+00:00,61.720554,62.836002
2019-05-27 16:00:00+00:00,61.22066,62.548004
2019-05-27 17:00:00+00:00,60.441692,62.057003
2019-05-27 18:00:00+00:00,58.880173,59.501
2019-05-27 19:00:00+00:00,55.798164,57.855
2019-05-27 20:00:00+00:00,54.657562,55.010998
2019-05-27 21:00:00+00:00,49.920174,50.69
2019-05-27 22:00:00+00:00,47.02653,47.251
2019-05-27 23:00:00+00:00,45.061466,45.365
2019-05-28 00:00:00+00:00,44.027523,44.261997
2019-05-28 01:00:00+00:00,44.072002,44.541
2019-05-28 02:00:00+00:00,45.577515,46.094
2019-05-28 03:00:00+00:00,48.94404,49.124996
2019-05-28 04:00:00+00:00,55.39513,56.446
2019-05-28 05:00:00+00:00,60.788185,62.028
2019-05-28 06:00:00+00:00,63.401974,64.713
2019-05-28 07:00:00+00:00,63.961384,65.032005
2019-05-28 08:00:00+00:00,64.42643,65.94
2019-05-28 09:00:00+00:00,64.748314,67.277
2019-05-28 10:00:00+00:00,65.06017,66.920006
2019-05-28 11:00:00+00:00,64.08839,65.878
2019-05-28 12:00:00+00:00,62.88185,64.474
2019-05-28 13:00:00+00:00,61.71962,63.516
2019-05-28 14:00:00+00:00,61.289383,62.95
2019-05-28 15:00:00+00:00,61.54626,63.027
2019-05-28 16:00:00+00:00,61.71617,62.811005
2019-05-28 17:00:00+00:00,60.464184,62.09
2019-05-28 18:00:00+00:00,58.547665,60.184
2019-05-28 19:00:00+00:00,56.216934,58.055
2019-05-28 20:00:00+00:00,54.481884,54.943
2019-05-28 21:00:00+00:00,49.988964,50.002
2019-05-28 22:00:00+00:00,46.602135,47.015
2019-05-28 23:00:00+00:00,45.033092,45.435
2019-05-29 00:00:00+00:00,44.086056,44.447
2019-05-29 01:00:00+00:00,44.256237,45.382
2019-05-29 02:00:00+00:00,46.708874,46.63
2019-05-29 03:00:00+00:00,49.636284,49.387997
2019-05-29 04:00:00+00:00,55.036495,56.072002
2019-05-29 05:00:00+00:00,60.189034,60.956
2019-05-29 06:00:00+00:00,62.340134,63.466
2019-05-29 07:00:00+00:00,62.89128,64.506004
2019-05-29 08:00:00+00:00,63.796745,65.667
2019-05-29 09:00:00+00:00,64.17806,66.608
2019-05-29 10:00:00+00:00,64.24538,65.959
2019-05-29 11:00:00+00:00,63.166443,64.821
2019-05-29 12:00:00+00:00,61.910385,63.222004
2019-05-29 13:00:00+00:00,60.54748,61.816
2019-05-29 14:00:00+00:00,59.67855,60.22
2019-05-29 15:00:00+00:00,58.827667,59.928
2019-05-29 16:00:00+00:00,59.165356,59.379
2019-05-29 17:00:00+00:00,57.829777,59.022003
2019-05-29 18:00:00+00:00,56.48525,56.952003
2019-05-29 19:00:00+00:00,53.729324,54.929996
2019-05-29 20:00:00+00:00,51.84031,52.49
2019-05-29 21:00:00+00:00,48.089886,48.447998
2019-05-29 22:00:00+00:00,45.095367,45.843998
2019-05-29 23:00:00+00:00,43.757317,43.475998
2019-05-30 00:00:00+00:00,41.91175,42.008
2019-05-30 01:00:00+00:00,41.28712,41.897
2019-05-30 02:00:00+00:00,41.786297,41.593002
2019-05-30 03:00:00+00:00,41.178146,40.84
2019-05-30 04:00:00+00:00,40.883175,40.27
2019-05-30 05:00:00+00:00,41.763973,42.940998
2019-05-30 06:00:00+00:00,45.49398,45.952
2019-05-30 07:00:00+00:00,48.249947,47.894
2019-05-30 08:00:00+00:00,49.20498,49.238
2019-05-30 09:00:00+00:00,49.022366,50.719
2019-05-30 10:00:00+00:00,49.340733,50.828
2019-05-30 11:00:00+00:00,48.50908,49.060997
2019-05-30 12:00:00+00:00,46.73866,47.205
2019-05-30 13:00:00+00:00,45.715477,46.846
2019-05-30 14:00:00+00:00,47.03126,46.873
2019-05-30 15:00:00+00:00,47.7018,48.081997
2019-05-30 16:00:00+00:00,49.072525,48.892002
2019-05-30 17:00:00+00:00,48.68152,49.154
2019-05-30 18:00:00+00:00,48.25157,48.403
2019-05-30 19:00:00+00:00,47.29411,47.989
2019-05-30 20:00:00+00:00,46.844585,47.260998
2019-05-30 21:00:00+00:00,44.819378,43.675
2019-05-30 22:00:00+00:00,40.90531,40.912003
2019-05-30 23:00:00+00:00,39.36227,39.699
2019-05-31 00:00:00+00:00,38.688313,39.059998
2019-05-31 01:00:00+00:00,38.909435,38.852
2019-05-31 02:00:00+00:00,39.22394,39.289
2019-05-31 03:00:00+00:00,40.210884,41.492
2019-05-31 04:00:00+00:00,45.24612,47.068
2019-05-31 05:00:00+00:00,52.86281,52.249996
2019-05-31 06:00:00+00:00,55.679634,56.079002
2019-05-31 07:00:00+00:00,57.297646,56.713005
2019-05-31 08:00:00+00:00,56.697426,56.922005
2019-05-31 09:00:00+00:00,56.44126,57.925
2019-05-31 10:00:00+00:00,56.75691,58.64
2019-05-31 11:00:00+00:00,57.23064,57.383
2019-05-31 12:00:00+00:00,55.675148,56.167
2019-05-31 13:00:00+00:00,54.90103,54.821
2019-05-31 14:00:00+00:00,53.948513,53.581
2019-05-31 15:00:00+00:00,53.1063,54.221996
2019-05-31 16:00:00+00:00,54.7388,54.441
2019-05-31 17:00:00+00:00,53.573742,53.619
2019-05-31 18:00:00+00:00,51.697018,51.818
2019-05-31 19:00:00+00:00,49.682667,50.473003
2019-05-31 20:00:00+00:00,47.93313,49.067
2019-05-31 21:00:00+00:00,45.462383,45.458
2019-05-31 22:00:00+00:00,42.41212,42.619
2019-05-31 23:00:00+00:00,40.82475,40.315
2019-06-01 00:00:00+00:00,39.335224,39.21
2019-06-01 01:00:00+00:00,39.019905,38.697
2019-06-01 02:00:00+00:00,38.71923,39.0
2019-06-01 03:00:00+00:00,39.20341,38.987
2019-06-01 04:00:00+00:00,39.751297,41.363003
2019-06-01 05:00:00+00:00,44.6932,44.774
2019-06-01 06:00:00+00:00,47.986557,49.027
2019-06-01 07:00:00+00:00,51.628853,51.519
2019-06-01 08:00:00+00:00,52.110394,53.534004
2019-06-01 09:00:00+00:00,52.812134,54.804
2019-06-01 10:00:00+00:00,53.25471,54.059998
2019-06-01 11:00:00+00:00,51.66372,52.489002
2019-06-01 12:00:00+00:00,50.10423,51.632
2019-06-01 13:00:00+00:00,50.343426,50.857002
2019-06-01 14:00:00+00:00,50.384903,50.476
2019-06-01 15:00:00+00:00,50.522636,50.39
2019-06-01 16:00:00+00:00,50.166214,50.567997
2019-06-01 17:00:00+00:00,49.874226,49.982998
2019-06-01 18:00:00+00:00,48.65246,48.219
2019-06-01 19:00:00+00:00,46.83528,46.928997
2019-06-01 20:00:00+00:00,45.50099,46.328
2019-06-01 21:00:00+00:00,43.628605,43.376
2019-06-01 22:00:00+00:00,40.533913,40.351
2019-06-01 23:00:00+00:00,38.67891,38.488
2019-06-02 00:00:00+00:00,37.422024,36.763
2019-06-02 01:00:00+00:00,36.33465,36.563
2019-06-02 02:00:00+00:00,36.64801,36.064003
2019-06-02 03:00:00+00:00,35.887115,35.443
2019-06-02 04:00:00+00:00,36.10745,36.699
2019-06-02 05:00:00+00:00,38.819973,38.852
2019-06-02 06:00:00+00:00,42.299683,42.803
2019-06-02 07:00:00+00:00,46.027702,45.972
2019-06-02 08:00:00+00:00,47.9765,47.469997
2019-06-02 09:00:00+00:00,47.74216,48.974
2019-06-02 10:00:00+00:00,48.159554,48.933
2019-06-02 11:00:00+00:00,47.182175,47.565998
2019-06-02 12:00:00+00:00,45.88295,46.584
2019-06-02 13:00:00+00:00,45.485634,45.627
2019-06-02 14:00:00+00:00,45.385365,45.447998
2019-06-02 15:00:00+00:00,46.077328,46.696003
2019-06-02 16:00:00+00:00,47.548187,47.998
2019-06-02 17:00:00+00:00,48.057083,49.072
2019-06-02 18:00:00+00:00,48.265823,49.058
2019-06-02 19:00:00+00:00,47.7006,48.182
2019-06-02 20:00:00+00:00,46.92637,48.391
2019-06-02 21:00:00+00:00,46.17629,45.697002
2019-06-02 22:00:00+00:00,42.30993,43.806
2019-06-02 23:00:00+00:00,41.724655,42.036
2019-06-03 00:00:00+00:00,40.862408,41.219
2019-06-03 01:00:00+00:00,41.331448,40.88
2019-06-03 02:00:00+00:00,41.686565,41.232
2019-06-03 03:00:00+00:00,42.808224,44.883
2019-06-03 04:00:00+00:00,52.037724,53.98
2019-06-03 05:00:00+00:00,59.88224,60.684
2019-06-03 06:00:00+00:00,62.58089,63.741
2019-06-03 07:00:00+00:00,63.334282,65.045
2019-06-03 08:00:00+00:00,65.0863,66.488
2019-06-03 09:00:00+00:00,65.73825,68.138
2019-06-03 10:00:00+00:00,66.09832,67.932
2019-06-03 11:00:00+00:00,65.32716,67.675
2019-06-03 12:00:00+00:00,64.707855,66.724
2019-06-03 13:00:00+00:00,63.73965,66.465004
2019-06-03 14:00:00+00:00,63.708458,65.232994
2019-06-03 15:00:00+00:00,62.9052,65.062996
2019-06-03 16:00:00+00:00,63.18808,63.696
2019-06-03 17:00:00+00:00,61.29071,62.885002
2019-06-03 18:00:00+00:00,59.881912,61.139004
2019-06-03 19:00:00+00:00,57.499004,58.77
2019-06-03 20:00:00+00:00,55.147423,55.269
2019-06-03 21:00:00+00:00,50.475674,50.884003
2019-06-03 22:00:00+00:00,47.245094,47.321
2019-06-03 23:00:00+00:00,45.034256,45.76
2019-06-04 00:00:00+00:00,44.393997,44.857
2019-06-04 01:00:00+00:00,44.74277,44.813
2019-06-04 02:00:00+00:00,45.817963,45.704
2019-06-04 03:00:00+00:00,47.68867,48.782
2019-06-04 04:00:00+00:00,55.28223,56.984
2019-06-04 05:00:00+00:00,61.5137,62.305
2019-06-04 06:00:00+00:00,63.604668,64.846
2019-06-04 07:00:00+00:00,64.18291,65.827995
2019-06-04 08:00:00+00:00,65.453865,66.977005
2019-06-04 09:00:00+00:00,65.67577,68.035995
2019-06-04 10:00:00+00:00,65.711,67.866
2019-06-04 11:00:00+00:00,65.09049,67.586
2019-06-04 12:00:00+00:00,64.53862,66.59
2019-06-04 13:00:00+00:00,63.645416,65.413
2019-06-04 14:00:00+00:00,62.82426,63.999004
2019-06-04 15:00:00+00:00,62.035244,64.055
2019-06-04 16:00:00+00:00,62.738476,63.315
2019-06-04 17:00:00+00:00,61.14279,62.69
2019-06-04 18:00:00+00:00,59.468884,61.217
2019-06-04 19:00:00+00:00,57.307507,58.827
2019-06-04 20:00:00+00:00,54.97601,56.585
2019-06-04 21:00:00+00:00,51.870884,52.908997
2019-06-04 22:00:00+00:00,48.541893,49.689
2019-06-04 23:00:00+00:00,46.890995,47.795002
2019-06-05 00:00:00+00:00,46.099785,46.51
2019-06-05 01:00:00+00:00,46.007084,45.963
2019-06-05 02:00:00+00:00,46.383274,46.954002
2019-06-05 03:00:00+00:00,48.273754,49.547997
2019-06-05 04:00:00+00:00,55.32831,57.040005
2019-06-05 05:00:00+00:00,61.606865,63.757
2019-06-05 06:00:00+00:00,64.998825,66.735
2019-06-05 07:00:00+00:00,65.41943,67.076004
2019-06-05 08:00:00+00:00,66.10069,69.04
2019-06-05 09:00:00+00:00,67.5959,70.194
2019-06-05 10:00:00+00:00,67.52699,69.660995
2019-06-05 11:00:00+00:00,66.49149,69.325005
2019-06-05 12:00:00+00:00,66.26135,67.757
2019-06-05 13:00:00+00:00,64.811745,66.503
2019-06-05 14:00:00+00:00,63.898754,65.628
2019-06-05 15:00:00+00:00,64.01827,64.839
2019-06-05 16:00:00+00:00,63.59045,63.944
2019-06-05 17:00:00+00:00,62.17563,63.178
2019-06-05 18:00:00+00:00,60.47141,60.936
2019-06-05 19:00:00+00:00,57.47082,57.854004
2019-06-05 20:00:00+00:00,54.610954,55.693
2019-06-05 21:00:00+00:00,51.348698,51.793003
2019-06-05 22:00:00+00:00,47.8295,49.259
2019-06-05 23:00:00+00:00,46.835274,47.757
2019-06-06 00:00:00+00:00,46.123795,46.711002
2019-06-06 01:00:00+00:00,46.31596,47.162
2019-06-06 02:00:00+00:00,47.97538,47.388
2019-06-06 03:00:00+00:00,48.63953,50.316998
2019-06-06 04:00:00+00:00,55.69201,56.981003
2019-06-06 05:00:00+00:00,60.958,63.170002
2019-06-06 06:00:00+00:00,64.25411,66.714005
2019-06-06 07:00:00+00:00,65.388374,67.429
2019-06-06 08:00:00+00:00,65.95177,68.764
2019-06-06 09:00:00+00:00,66.94877,69.914
2019-06-06 10:00:00+00:00,67.22741,69.714005
2019-06-06 11:00:00+00:00,66.47258,68.366005
2019-06-06 12:00:00+00:00,65.174225,66.987
2019-06-06 13:00:00+00:00,64.05022,65.769
2019-06-06 14:00:00+00:00,63.338993,64.397
2019-06-06 15:00:00+00:00,62.663048,63.552998
2019-06-06 16:00:00+00:00,62.374725,62.067
2019-06-06 17:00:00+00:00,60.366615,60.696
2019-06-06 18:00:00+00:00,58.37582,58.466
2019-06-06 19:00:00+00:00,55.62324,55.550003
2019-06-06 20:00:00+00:00,52.46559,53.417
2019-06-06 21:00:00+00:00,49.18456,49.187
2019-06-06 22:00:00+00:00,45.6999,46.352
2019-06-06 23:00:00+00:00,44.324898,44.725
2019-06-07 00:00:00+00:00,43.29385,43.686
2019-06-07 01:00:00+00:00,43.24124,44.122
2019-06-07 02:00:00+00:00,44.70893,44.882
2019-06-07 03:00:00+00:00,46.50068,47.54
2019-06-07 04:00:00+00:00,52.49938,54.123
2019-06-07 05:00:00+00:00,58.11457,59.510002
2019-06-07 06:00:00+00:00,60.890247,62.585003
2019-06-07 07:00:00+00:00,61.761765,63.471
2019-06-07 08:00:00+00:00,62.28808,64.763
2019-06-07 09:00:00+00:00,63.033356,65.941
2019-06-07 10:00:00+00:00,63.39501,65.814
2019-06-07 11:00:00+00:00,62.76372,64.568
2019-06-07 12:00:00+00:00,61.42558,62.905003
2019-06-07 13:00:00+00:00,59.964767,62.256
2019-06-07 14:00:00+00:00,59.94794,61.600998
2019-06-07 15:00:00+00:00,59.848465,61.293
2019-06-07 16:00:00+00:00,59.51859,59.768997
2019-06-07 17:00:00+00:00,57.232285,58.773
2019-06-07 18:00:00+00:00,55.91774,56.954002
2019-06-07 19:00:00+00:00,53.74027,54.229
2019-06-07 20:00:00+00:00,50.89765,52.399998
2019-06-07 21:00:00+00:00,48.166527,48.979996
2019-06-07 22:00:00+00:00,45.475136,45.671
2019-06-07 23:00:00+00:00,43.497704,44.454002
2019-06-08 00:00:00+00:00,43.615448,43.319
2019-06-08 01:00:00+00:00,43.09775,42.267002
2019-06-08 02:00:00+00:00,42.221725,42.592
2019-06-08 03:00:00+00:00,42.971077,42.442
2019-06-08 04:00:00+00:00,42.959156,44.732002
2019-06-08 05:00:00+00:00,47.988075,47.52
2019-06-08 06:00:00+00:00,50.366596,50.758003
2019-06-08 07:00:00+00:00,52.72454,53.776
2019-06-08 08:00:00+00:00,54.349243,55.428997
2019-06-08 09:00:00+00:00,54.487194,57.200005
2019-06-08 10:00:00+00:00,55.664284,55.285004
2019-06-08 11:00:00+00:00,52.775402,53.224
2019-06-08 12:00:00+00:00,50.831146,50.859
2019-06-08 13:00:00+00:00,49.22866,49.663
2019-06-08 14:00:00+00:00,49.694473,49.495
2019-06-08 15:00:00+00:00,50.85692,50.453003
2019-06-08 16:00:00+00:00,51.77486,50.249
2019-06-08 17:00:00+00:00,49.58738,49.886
2019-06-08 18:00:00+00:00,48.663803,48.01
2019-06-08 19:00:00+00:00,46.51274,45.92
2019-06-08 20:00:00+00:00,44.245358,44.953003
2019-06-08 21:00:00+00:00,42.40548,42.217
2019-06-08 22:00:00+00:00,39.559994,39.626
2019-06-08 23:00:00+00:00,37.939716,37.824
2019-06-09 00:00:00+00:00,36.60999,36.853
2019-06-09 01:00:00+00:00,36.16595,36.331
2019-06-09 02:00:00+00:00,35.82652,35.812
2019-06-09 03:00:00+00:00,35.441208,35.175
2019-06-09 04:00:00+00:00,36.167732,35.848
2019-06-09 05:00:00+00:00,38.1348,38.327
2019-06-09 06:00:00+00:00,41.79349,41.749
2019-06-09 07:00:00+00:00,44.81555,44.571
2019-06-09 08:00:00+00:00,46.48838,46.252
2019-06-09 09:00:00+00:00,46.58002,48.115
2019-06-09 10:00:00+00:00,47.32335,47.906002
2019-06-09 11:00:00+00:00,46.304367,45.906002
2019-06-09 12:00:00+00:00,44.703094,44.213997
2019-06-09 13:00:00+00:00,43.855328,43.538998
2019-06-09 14:00:00+00:00,44.165676,43.134
2019-06-09 15:00:00+00:00,44.51275,43.56
2019-06-09 16:00:00+00:00,45.094215,44.411
2019-06-09 17:00:00+00:00,45.448902,44.542
2019-06-09 18:00:00+00:00,44.975517,44.101
2019-06-09 19:00:00+00:00,44.34859,43.61
2019-06-09 20:00:00+00:00,42.699703,43.276
2019-06-09 21:00:00+00:00,41.151756,40.628002
2019-06-09 22:00:00+00:00,38.13914,38.468002
2019-06-09 23:00:00+00:00,36.85642,36.9
2019-06-10 00:00:00+00:00,35.797005,36.234
2019-06-10 01:00:00+00:00,35.995453,35.420002
2019-06-10 02:00:00+00:00,35.359737,35.48
2019-06-10 03:00:00+00:00,35.6161,35.62
2019-06-10 04:00:00+00:00,36.602043,36.625
2019-06-10 05:00:00+00:00,39.18235,38.647003
2019-06-10 06:00:00+00:00,42.30335,41.696003
2019-06-10 07:00:00+00:00,44.71819,44.324
2019-06-10 08:00:00+00:00,46.30256,46.152
2019-06-10 09:00:00+00:00,46.842873,48.164
2019-06-10 10:00:00+00:00,47.83522,48.649002
2019-06-10 11:00:00+00:00,47.305313,47.502
2019-06-10 12:00:00+00:00,45.938793,46.031998
2019-06-10 13:00:00+00:00,45.038628,46.098
2019-06-10 14:00:00+00:00,46.202023,46.569
2019-06-10 15:00:00+00:00,47.22601,47.885
2019-06-10 16:00:00+00:00,48.453697,48.976997
2019-06-10 17:00:00+00:00,48.73422,48.509
2019-06-10 18:00:00+00:00,47.56517,47.088
2019-06-10 19:00:00+00:00,46.325386,46.938
2019-06-10 20:00:00+00:00,45.949642,46.397
2019-06-10 21:00:00+00:00,43.911053,42.796
2019-06-10 22:00:00+00:00,40.32505,40.928
2019-06-10 23:00:00+00:00,39.47948,39.535
2019-06-11 00:00:00+00:00,38.650124,38.77
2019-06-11 01:00:00+00:00,38.919785,38.781998
2019-06-11 02:00:00+00:00,39.546513,40.276
2019-06-11 03:00:00+00:00,42.94851,44.670998
2019-06-11 04:00:00+00:00,52.278248,52.91
2019-06-11 05:00:00+00:00,58.208958,59.271
2019-06-11 06:00:00+00:00,61.108955,61.895
2019-06-11 07:00:00+00:00,61.63179,63.496998
2019-06-11 08:00:00+00:00,63.382618,65.095
2019-06-11 09:00:00+00:00,64.138405,66.763
2019-06-11 10:00:00+00:00,64.59751,66.562996
2019-06-11 11:00:00+00:00,63.86384,65.651
2019-06-11 12:00:00+00:00,62.647617,64.109
2019-06-11 13:00:00+00:00,61.133926,63.665
2019-06-11 14:00:00+00:00,61.094257,62.397
2019-06-11 15:00:00+00:00,60.264366,62.486
2019-06-11 16:00:00+00:00,60.78675,62.216003
2019-06-11 17:00:00+00:00,59.786846,61.139004
2019-06-11 18:00:00+00:00,57.64271,58.673004
2019-06-11 19:00:00+00:00,55.03728,56.701004
2019-06-11 20:00:00+00:00,53.375507,54.510002
2019-06-11 21:00:00+00:00,49.592796,51.027
2019-06-11 22:00:00+00:00,46.961384,47.894
2019-06-11 23:00:00+00:00,45.336514,46.163002
2019-06-12 00:00:00+00:00,44.954662,45.569
2019-06-12 01:00:00+00:00,45.754936,45.736
2019-06-12 02:00:00+00:00,46.96946,46.357002
2019-06-12 03:00:00+00:00,48.62645,48.911
2019-06-12 04:00:00+00:00,55.10172,56.291
2019-06-12 05:00:00+00:00,60.96684,61.743
2019-06-12 06:00:00+00:00,63.41213,64.681
2019-06-12 07:00:00+00:00,64.15915,66.068
2019-06-12 08:00:00+00:00,65.48721,68.160995
2019-06-12 09:00:00+00:00,66.636566,70.661
2019-06-12 10:00:00+00:00,67.82467,69.775
2019-06-12 11:00:00+00:00,66.51214,68.389
2019-06-12 12:00:00+00:00,65.178566,67.427
2019-06-12 13:00:00+00:00,64.55251,66.129
2019-06-12 14:00:00+00:00,63.53408,64.68
2019-06-12 15:00:00+00:00,62.66618,63.985
2019-06-12 16:00:00+00:00,62.794853,63.147
2019-06-12 17:00:00+00:00,61.573,61.785
2019-06-12 18:00:00+00:00,59.301975,59.741997
2019-06-12 19:00:00+00:00,56.770855,57.292
2019-06-12 20:00:00+00:00,54.246662,54.725002
2019-06-12 21:00:00+00:00,50.285915,51.139004
2019-06-12 22:00:00+00:00,47.374252,47.489
2019-06-12 23:00:00+00:00,45.0364,45.706
2019-06-13 00:00:00+00:00,44.22746,44.7
2019-06-13 01:00:00+00:00,44.19273,44.71
2019-06-13 02:00:00+00:00,45.19836,45.94
2019-06-13 03:00:00+00:00,48.012882,48.384
2019-06-13 04:00:00+00:00,53.816154,55.112
2019-06-13 05:00:00+00:00,59.34313,60.463
2019-06-13 06:00:00+00:00,62.034157,63.476997
2019-06-13 07:00:00+00:00,62.778133,64.658005
2019-06-13 08:00:00+00:00,63.750656,65.066
2019-06-13 09:00:00+00:00,63.57055,67.251
2019-06-13 10:00:00+00:00,64.90017,67.231
2019-06-13 11:00:00+00:00,64.28317,66.602
2019-06-13 12:00:00+00:00,63.308147,65.395
2019-06-13 13:00:00+00:00,62.401077,64.063
2019-06-13 14:00:00+00:00,61.363853,62.082996
2019-06-13 15:00:00+00:00,59.90509,61.668003
2019-06-13 16:00:00+00:00,60.314,60.86
2019-06-13 17:00:00+00:00,58.990894,59.937004
2019-06-13 18:00:00+00:00,57.224995,57.273
2019-06-13 19:00:00+00:00,54.23952,54.761
2019-06-13 20:00:00+00:00,51.90101,53.507004
2019-06-13 21:00:00+00:00,49.330887,50.231
2019-06-13 22:00:00+00:00,46.39275,47.282997
2019-06-13 23:00:00+00:00,44.964413,45.635
2019-06-14 00:00:00+00:00,44.370003,44.544
2019-06-14 01:00:00+00:00,44.19292,44.756
2019-06-14 02:00:00+00:00,45.463074,45.129
2019-06-14 03:00:00+00:00,46.33057,47.587997
2019-06-14 04:00:00+00:00,52.881023,54.756004
2019-06-14 05:00:00+00:00,59.030262,60.271004
2019-06-14 06:00:00+00:00,61.820065,63.893
2019-06-14 07:00:00+00:00,63.123283,64.964
2019-06-14 08:00:00+00:00,63.91417,66.451004
2019-06-14 09:00:00+00:00,64.79097,67.6
2019-06-14 10:00:00+00:00,65.12688,66.875
2019-06-14 11:00:00+00:00,63.902836,65.484
2019-06-14 12:00:00+00:00,62.446835,64.685005
2019-06-14 13:00:00+00:00,61.844997,63.697002
2019-06-14 14:00:00+00:00,61.22807,62.102
2019-06-14 15:00:00+00:00,60.09899,61.535004
2019-06-14 16:00:00+00:00,60.190235,60.694004
2019-06-14 17:00:00+00:00,58.8348,59.857
2019-06-14 18:00:00+00:00,57.17536,57.358
2019-06-14 19:00:00+00:00,54.27212,54.876
2019-06-14 20:00:00+00:00,51.94041,53.063
2019-06-14 21:00:00+00:00,48.794315,49.392998
2019-06-14 22:00:00+00:00,45.780098,46.098
2019-06-14 23:00:00+00:00,43.83103,43.997
2019-06-15 00:00:00+00:00,42.48814,42.534
2019-06-15 01:00:00+00:00,41.877632,42.274998
2019-06-15 02:00:00+00:00,42.39171,41.801
2019-06-15 03:00:00+00:00,41.555305,40.772
2019-06-15 04:00:00+00:00,40.511177,43.668
2019-06-15 05:00:00+00:00,46.79975,48.052
2019-06-15 06:00:00+00:00,51.561943,50.793
2019-06-15 07:00:00+00:00,52.736073,54.299004
2019-06-15 08:00:00+00:00,54.908195,56.825996
2019-06-15 09:00:00+00:00,55.92502,57.716
2019-06-15 10:00:00+00:00,55.6165,56.112
2019-06-15 11:00:00+00:00,53.65286,54.439003
2019-06-15 12:00:00+00:00,52.0945,52.023
2019-06-15 13:00:00+00:00,50.008625,51.383
2019-06-15 14:00:00+00:00,51.481125,51.779
2019-06-15 15:00:00+00:00,52.99872,51.981
2019-06-15 16:00:00+00:00,52.238647,51.502
2019-06-15 17:00:00+00:00,50.437073,51.32
2019-06-15 18:00:00+00:00,49.882,48.801003
2019-06-15 19:00:00+00:00,46.96214,46.717
2019-06-15 20:00:00+00:00,45.43193,45.988
2019-06-15 21:00:00+00:00,43.433002,43.444
2019-06-15 22:00:00+00:00,40.526264,40.835
2019-06-15 23:00:00+00:00,38.875343,38.77
2019-06-16 00:00:00+00:00,37.402035,37.788002
2019-06-16 01:00:00+00:00,37.227337,37.135002
2019-06-16 02:00:00+00:00,36.817383,37.261
2019-06-16 03:00:00+00:00,37.190033,37.253002
2019-06-16 04:00:00+00:00,37.861748,38.056
2019-06-16 05:00:00+00:00,40.394356,40.254997
2019-06-16 06:00:00+00:00,43.484894,43.292
2019-06-16 07:00:00+00:00,45.887913,45.561
2019-06-16 08:00:00+00:00,47.110992,47.269
2019-06-16 09:00:00+00:00,47.595615,49.781
2019-06-16 10:00:00+00:00,49.188457,49.49
2019-06-16 11:00:00+00:00,47.612396,47.883
2019-06-16 12:00:00+00:00,46.033928,46.866
2019-06-16 13:00:00+00:00,45.71825,46.584
2019-06-16 14:00:00+00:00,46.539005,45.806
2019-06-16 15:00:00+00:00,46.152004,46.620003
2019-06-16 16:00:00+00:00,47.385216,47.742996
2019-06-16 17:00:00+00:00,47.889,47.833
2019-06-16 18:00:00+00:00,47.246582,47.349
2019-06-16 19:00:00+00:00,46.64997,46.499004
2019-06-16 20:00:00+00:00,45.23823,47.146004
2019-06-16 21:00:00+00:00,45.008755,44.4
2019-06-16 22:00:00+00:00,41.351128,42.322002
2019-06-16 23:00:00+00:00,40.567898,41.212
2019-06-17 00:00:00+00:00,40.38664,40.263
2019-06-17 01:00:00+00:00,40.30908,40.621
2019-06-17 02:00:00+00:00,41.585217,42.429
2019-06-17 03:00:00+00:00,46.14391,45.779
2019-06-17 04:00:00+00:00,52.660877,53.437
2019-06-17 05:00:00+00:00,58.366013,59.93
2019-06-17 06:00:00+00:00,61.73894,63.507004
2019-06-17 07:00:00+00:00,62.92835,64.826004
2019-06-17 08:00:00+00:00,64.20311,66.211
2019-06-17 09:00:00+00:00,65.06069,67.681
2019-06-17 10:00:00+00:00,65.48887,67.571
2019-06-17 11:00:00+00:00,64.765465,67.161
2019-06-17 12:00:00+00:00,64.1084,65.766
2019-06-17 13:00:00+00:00,62.74789,64.726
2019-06-17 14:00:00+00:00,61.97808,63.539
2019-06-17 15:00:00+00:00,61.376503,62.779
2019-06-17 16:00:00+00:00,61.02172,61.909004
2019-06-17 17:00:00+00:00,59.79384,61.245003
2019-06-17 18:00:00+00:00,58.34216,59.083
2019-06-17 19:00:00+00:00,55.638477,56.692997
2019-06-17 20:00:00+00:00,53.442993,54.892998
2019-06-17 21:00:00+00:00,50.222973,51.534
2019-06-17 22:00:00+00:00,47.40766,48.079998
2019-06-17 23:00:00+00:00,45.53823,46.556
2019-06-18 00:00:00+00:00,45.383198,45.671
2019-06-18 01:00:00+00:00,45.642845,45.77
2019-06-18 02:00:00+00:00,46.81813,46.413002
2019-06-18 03:00:00+00:00,48.337337,48.816
2019-06-18 04:00:00+00:00,54.578545,56.419003
2019-06-18 05:00:00+00:00,60.89503,62.318
2019-06-18 06:00:00+00:00,63.73529,65.26501
2019-06-18 07:00:00+00:00,64.3209,66.496
2019-06-18 08:00:00+00:00,65.67167,68.09
2019-06-18 09:00:00+00:00,66.52332,70.014
2019-06-18 10:00:00+00:00,67.2767,69.004
2019-06-18 11:00:00+00:00,65.90032,68.469
2019-06-18 12:00:00+00:00,65.30734,67.634
2019-06-18 13:00:00+00:00,64.700676,66.603004
2019-06-18 14:00:00+00:00,63.888885,65.363
2019-06-18 15:00:00+00:00,63.260246,64.695
2019-06-18 16:00:00+00:00,63.15522,63.861004
2019-06-18 17:00:00+00:00,61.8737,62.573
2019-06-18 18:00:00+00:00,59.742565,60.106
2019-06-18 19:00:00+00:00,56.868584,57.811996
2019-06-18 20:00:00+00:00,54.71453,55.758
2019-06-18 21:00:00+00:00,51.229115,52.055996
2019-06-18 22:00:00+00:00,47.981598,48.891
2019-06-18 23:00:00+00:00,46.30767,47.162
2019-06-19 00:00:00+00:00,45.596844,45.882
2019-06-19 01:00:00+00:00,45.43415,46.089
2019-06-19 02:00:00+00:00,46.848007,46.534
2019-06-19 03:00:00+00:00,47.73925,48.682
2019-06-19 04:00:00+00:00,53.881138,55.961002
2019-06-19 05:00:00+00:00,60.402775,61.049
2019-06-19 06:00:00+00:00,62.618324,64.158
2019-06-19 07:00:00+00:00,63.481613,65.418
2019-06-19 08:00:00+00:00,64.661194,67.289
2019-06-19 09:00:00+00:00,65.64534,69.075
2019-06-19 10:00:00+00:00,66.4162,69.444
2019-06-19 11:00:00+00:00,66.244835,68.878
2019-06-19 12:00:00+00:00,65.523506,68.209
2019-06-19 13:00:00+00:00,64.969345,66.76
2019-06-19 14:00:00+00:00,63.798702,64.642
2019-06-19 15:00:00+00:00,62.182285,64.479004
2019-06-19 16:00:00+00:00,62.970673,63.974
2019-06-19 17:00:00+00:00,62.060177,62.475998
2019-06-19 18:00:00+00:00,59.587116,59.668
2019-06-19 19:00:00+00:00,56.614544,56.751
2019-06-19 20:00:00+00:00,53.956306,54.164
2019-06-19 21:00:00+00:00,49.857777,49.93
2019-06-19 22:00:00+00:00,46.445316,46.499004
2019-06-19 23:00:00+00:00,44.353786,44.488
2019-06-20 00:00:00+00:00,42.93798,44.207
2019-06-20 01:00:00+00:00,44.24478,43.894
2019-06-20 02:00:00+00:00,44.319748,43.939
2019-06-20 03:00:00+00:00,44.526955,43.085
2019-06-20 04:00:00+00:00,43.294647,44.762
2019-06-20 05:00:00+00:00,47.431328,48.791
2019-06-20 06:00:00+00:00,52.031704,50.651997
2019-06-20 07:00:00+00:00,52.184013,52.350998
2019-06-20 08:00:00+00:00,52.727055,54.006004
2019-06-20 09:00:00+00:00,53.363476,56.106003
2019-06-20 10:00:00+00:00,54.96689,56.099003
2019-06-20 11:00:00+00:00,54.18877,54.762
2019-06-20 12:00:00+00:00,52.616196,54.125
2019-06-20 13:00:00+00:00,52.95472,52.913998
2019-06-20 14:00:00+00:00,51.92032,51.334
2019-06-20 15:00:00+00:00,50.63165,51.823997
2019-06-20 16:00:00+00:00,52.6114,53.058
2019-06-20 17:00:00+00:00,53.23823,51.961998
2019-06-20 18:00:00+00:00,50.222004,50.403
2019-06-20 19:00:00+00:00,48.76241,49.062
2019-06-20 20:00:00+00:00,47.428123,48.56
2019-06-20 21:00:00+00:00,45.971264,45.296
2019-06-20 22:00:00+00:00,42.075516,43.126
2019-06-20 23:00:00+00:00,41.157604,41.277
2019-06-21 00:00:00+00:00,39.8275,40.942
2019-06-21 01:00:00+00:00,40.78702,40.677998
2019-06-21 02:00:00+00:00,40.845493,41.764
2019-06-21 03:00:00+00:00,43.612926,43.541
2019-06-21 04:00:00+00:00,47.77368,49.314
2019-06-21 05:00:00+00:00,54.32622,53.921997
2019-06-21 06:00:00+00:00,56.700687,57.16
2019-06-21 07:00:00+00:00,57.88201,58.652
2019-06-21 08:00:00+00:00,58.41014,60.122997
2019-06-21 09:00:00+00:00,59.084427,61.814
2019-06-21 10:00:00+00:00,60.0927,61.737003
2019-06-21 11:00:00+00:00,59.365856,61.19
2019-06-21 12:00:00+00:00,58.759216,59.704002
2019-06-21 13:00:00+00:00,57.48155,58.686
2019-06-21 14:00:00+00:00,57.038692,57.346
2019-06-21 15:00:00+00:00,56.135323,56.984
2019-06-21 16:00:00+00:00,56.219852,56.591
2019-06-21 17:00:00+00:00,55.18832,55.51
2019-06-21 18:00:00+00:00,53.489323,53.177
2019-06-21 19:00:00+00:00,50.963413,50.189
2019-06-21 20:00:00+00:00,47.227024,49.32
2019-06-21 21:00:00+00:00,46.098083,46.035
2019-06-21 22:00:00+00:00,42.85549,43.039
2019-06-21 23:00:00+00:00,41.207428,40.946
2019-06-22 00:00:00+00:00,39.860252,39.745003
2019-06-22 01:00:00+00:00,39.393353,39.082
2019-06-22 02:00:00+00:00,38.99592,39.235
2019-06-22 03:00:00+00:00,39.212536,39.322998
2019-06-22 04:00:00+00:00,40.002617,41.663002
2019-06-22 05:00:00+00:00,44.951233,45.044003
2019-06-22 06:00:00+00:00,48.219055,48.629
2019-06-22 07:00:00+00:00,50.9808,51.502
2019-06-22 08:00:00+00:00,52.170227,53.329
2019-06-22 09:00:00+00:00,52.520573,54.846
2019-06-22 10:00:00+00:00,53.304996,54.835003
2019-06-22 11:00:00+00:00,52.647713,52.565
2019-06-22 12:00:00+00:00,49.888817,51.576
2019-06-22 13:00:00+00:00,50.134003,51.401
2019-06-22 14:00:00+00:00,51.270912,50.780003
2019-06-22 15:00:00+00:00,50.60389,50.587997
2019-06-22 16:00:00+00:00,50.2912,50.392998
2019-06-22 17:00:00+00:00,49.57133,49.531002
2019-06-22 18:00:00+00:00,48.256737,47.579998
2019-06-22 19:00:00+00:00,46.429867,45.979
2019-06-22 20:00:00+00:00,44.640205,45.456997
2019-06-22 21:00:00+00:00,42.9745,43.01
2019-06-22 22:00:00+00:00,40.241,39.66
2019-06-22 23:00:00+00:00,38.014194,37.867
2019-06-23 00:00:00+00:00,36.817795,37.252
2019-06-23 01:00:00+00:00,36.936054,36.926003
2019-06-23 02:00:00+00:00,37.004917,36.052002
2019-06-23 03:00:00+00:00,35.786537,35.139
2019-06-23 04:00:00+00:00,35.93255,36.010002
2019-06-23 05:00:00+00:00,38.06623,38.534
2019-06-23 06:00:00+00:00,41.978104,41.693
2019-06-23 07:00:00+00:00,44.90565,44.457
2019-06-23 08:00:00+00:00,46.567684,46.461
2019-06-23 09:00:00+00:00,47.019173,48.577003
2019-06-23 10:00:00+00:00,47.949585,49.215
2019-06-23 11:00:00+00:00,47.571583,47.712
2019-06-23 12:00:00+00:00,45.897034,46.233
2019-06-23 13:00:00+00:00,44.978386,45.475
2019-06-23 14:00:00+00:00,45.20678,45.655003
2019-06-23 15:00:00+00:00,46.360435,46.231
2019-06-23 16:00:00+00:00,46.987484,47.511997
2019-06-23 17:00:00+00:00,47.780643,47.959
2019-06-23 18:00:00+00:00,47.37929,47.668
2019-06-23 19:00:00+00:00,46.819023,46.814003
2019-06-23 20:00:00+00:00,45.944893,47.624
2019-06-23 21:00:00+00:00,45.724964,44.653
2019-06-23 22:00:00+00:00,41.425106,42.438
2019-06-23 23:00:00+00:00,40.49833,41.078
2019-06-24 00:00:00+00:00,39.97554,40.148
2019-06-24 01:00:00+00:00,40.142967,40.429
2019-06-24 02:00:00+00:00,41.442574,42.317
2019-06-24 03:00:00+00:00,46.08537,45.111
2019-06-24 04:00:00+00:00,52.40361,53.7
2019-06-24 05:00:00+00:00,59.26884,60.592
2019-06-24 06:00:00+00:00,62.497456,63.852
2019-06-24 07:00:00+00:00,63.311127,64.844
2019-06-24 08:00:00+00:00,64.69431,66.678
2019-06-24 09:00:00+00:00,65.87199,68.237
2019-06-24 10:00:00+00:00,66.0985,68.363
2019-06-24 11:00:00+00:00,65.57285,67.856
2019-06-24 12:00:00+00:00,64.83502,66.774
2019-06-24 13:00:00+00:00,63.70516,66.395996
2019-06-24 14:00:00+00:00,63.5703,65.648
2019-06-24 15:00:00+00:00,63.353683,65.162
2019-06-24 16:00:00+00:00,63.056965,64.378
2019-06-24 17:00:00+00:00,61.85299,63.381
2019-06-24 18:00:00+00:00,60.06638,61.517
2019-06-24 19:00:00+00:00,57.660637,58.851997
2019-06-24 20:00:00+00:00,55.149384,56.723003
2019-06-24 21:00:00+00:00,51.994583,52.512
2019-06-24 22:00:00+00:00,48.154182,49.377
2019-06-24 23:00:00+00:00,46.654938,47.547
2019-06-25 00:00:00+00:00,45.785927,46.64
2019-06-25 01:00:00+00:00,46.375004,46.084
2019-06-25 02:00:00+00:00,46.777157,46.891
2019-06-25 03:00:00+00:00,48.508053,50.178
2019-06-25 04:00:00+00:00,56.87109,57.381
2019-06-25 05:00:00+00:00,62.10087,63.513
2019-06-25 06:00:00+00:00,64.987755,66.292
2019-06-25 07:00:00+00:00,65.56718,67.856
2019-06-25 08:00:00+00:00,67.020744,69.504
2019-06-25 09:00:00+00:00,67.90066,70.541
2019-06-25 10:00:00+00:00,67.84568,70.567
2019-06-25 11:00:00+00:00,67.506454,70.002
2019-06-25 12:00:00+00:00,66.84254,68.847
2019-06-25 13:00:00+00:00,65.778336,67.847
2019-06-25 14:00:00+00:00,65.236916,66.608
2019-06-25 15:00:00+00:00,64.73139,65.64
2019-06-25 16:00:00+00:00,64.270424,64.448
2019-06-25 17:00:00+00:00,62.78672,64.048004
2019-06-25 18:00:00+00:00,61.525986,61.713
2019-06-25 19:00:00+00:00,58.219486,59.418003
2019-06-25 20:00:00+00:00,56.06683,57.314
2019-06-25 21:00:00+00:00,52.905422,53.481
2019-06-25 22:00:00+00:00,49.117264,49.882
2019-06-25 23:00:00+00:00,47.12835,47.788998
2019-06-26 00:00:00+00:00,46.035927,46.711002
2019-06-26 01:00:00+00:00,46.125195,46.552
2019-06-26 02:00:00+00:00,46.981514,47.487
2019-06-26 03:00:00+00:00,48.72214,50.097
2019-06-26 04:00:00+00:00,55.735237,57.894
2019-06-26 05:00:00+00:00,62.04311,64.339005
2019-06-26 06:00:00+00:00,65.21827,67.719
2019-06-26 07:00:00+00:00,66.084946,68.679
2019-06-26 08:00:00+00:00,67.27668,70.336
2019-06-26 09:00:00+00:00,68.3436,71.365
2019-06-26 10:00:00+00:00,68.36716,71.364
2019-06-26 11:00:00+00:00,67.95992,71.028
2019-06-26 12:00:00+00:00,67.58472,69.809
2019-06-26 13:00:00+00:00,66.50595,68.819
2019-06-26 14:00:00+00:00,65.93271,67.749
2019-06-26 15:00:00+00:00,65.645035,66.637
2019-06-26 16:00:00+00:00,64.9399,65.913
2019-06-26 17:00:00+00:00,63.993,65.047005
2019-06-26 18:00:00+00:00,62.12379,62.613
2019-06-26 19:00:00+00:00,58.86267,59.984
2019-06-26 20:00:00+00:00,56.43191,57.738
2019-06-26 21:00:00+00:00,53.02708,53.677002
2019-06-26 22:00:00+00:00,49.260876,50.345
2019-06-26 23:00:00+00:00,47.53611,48.576
2019-06-27 00:00:00+00:00,46.77601,47.575
2019-06-27 01:00:00+00:00,47.042362,47.071
2019-06-27 02:00:00+00:00,47.505707,47.882
2019-06-27 03:00:00+00:00,49.204372,49.961
2019-06-27 04:00:00+00:00,55.168694,56.758003
2019-06-27 05:00:00+00:00,61.431187,63.092003
2019-06-27 06:00:00+00:00,64.75969,66.321
2019-06-27 07:00:00+00:00,65.34745,66.868
2019-06-27 08:00:00+00:00,65.8966,68.634
2019-06-27 09:00:00+00:00,67.21617,69.771
2019-06-27 10:00:00+00:00,67.23836,69.756004
2019-06-27 11:00:00+00:00,66.636665,69.424995
2019-06-27 12:00:00+00:00,66.332085,68.296
2019-06-27 13:00:00+00:00,65.29303,67.072
2019-06-27 14:00:00+00:00,64.40754,65.91
2019-06-27 15:00:00+00:00,64.010025,65.108
2019-06-27 16:00:00+00:00,63.71851,64.134
2019-06-27 17:00:00+00:00,62.36587,63.307
2019-06-27 18:00:00+00:00,60.693264,61.002003
2019-06-27 19:00:00+00:00,57.696953,58.086002
2019-06-27 20:00:00+00:00,54.96336,56.062
2019-06-27 21:00:00+00:00,51.93366,52.084
2019-06-27 22:00:00+00:00,48.08031,48.487
2019-06-27 23:00:00+00:00,46.13494,46.544003
2019-06-28 00:00:00+00:00,44.975784,45.591
2019-06-28 01:00:00+00:00,45.125393,45.625
2019-06-28 02:00:00+00:00,46.17178,46.508
2019-06-28 03:00:00+00:00,47.937725,48.681
2019-06-28 04:00:00+00:00,53.938198,55.753
2019-06-28 05:00:00+00:00,60.02798,61.167
2019-06-28 06:00:00+00:00,62.67736,64.068
2019-06-28 07:00:00+00:00,63.245438,64.729004
2019-06-28 08:00:00+00:00,63.9399,66.191
2019-06-28 09:00:00+00:00,64.75301,67.033005
2019-06-28 10:00:00+00:00,64.64951,66.355
2019-06-28 11:00:00+00:00,63.490295,65.028
2019-06-28 12:00:00+00:00,62.1111,63.649
2019-06-28 13:00:00+00:00,60.91597,62.249
2019-06-28 14:00:00+00:00,60.035923,61.674
2019-06-28 15:00:00+00:00,60.446285,61.534
2019-06-28 16:00:00+00:00,60.49524,60.855
2019-06-28 17:00:00+00:00,58.846523,59.734
2019-06-28 18:00:00+00:00,56.837143,57.489
2019-06-28 19:00:00+00:00,54.311546,54.903
2019-06-28 20:00:00+00:00,51.79097,53.109
2019-06-28 21:00:00+00:00,48.944553,49.645
2019-06-28 22:00:00+00:00,46.045162,45.881
2019-06-28 23:00:00+00:00,43.578384,43.747997
2019-06-29 00:00:00+00:00,42.283085,42.352
2019-06-29 01:00:00+00:00,41.548664,41.850002
2019-06-29 02:00:00+00:00,41.65586,41.427002
2019-06-29 03:00:00+00:00,41.041245,41.307
2019-06-29 04:00:00+00:00,41.331295,43.354
2019-06-29 05:00:00+00:00,46.095505,47.278
2019-06-29 06:00:00+00:00,50.565464,50.911
2019-06-29 07:00:00+00:00,52.994965,53.842003
2019-06-29 08:00:00+00:00,54.21165,55.128998
2019-06-29 09:00:00+00:00,53.99449,55.873
2019-06-29 10:00:00+00:00,54.005142,55.531998
2019-06-29 11:00:00+00:00,53.297318,54.209
2019-06-29 12:00:00+00:00,51.994617,52.94
2019-06-29 13:00:00+00:00,51.44042,52.444
2019-06-29 14:00:00+00:00,52.177784,51.816
2019-06-29 15:00:00+00:00,51.685356,51.759003
2019-06-29 16:00:00+00:00,51.682644,52.143997
2019-06-29 17:00:00+00:00,51.52453,51.199
2019-06-29 18:00:00+00:00,49.523796,49.274998
2019-06-29 19:00:00+00:00,47.626778,47.243996
2019-06-29 20:00:00+00:00,45.649727,46.843
2019-06-29 21:00:00+00:00,44.377293,44.434
2019-06-29 22:00:00+00:00,41.373444,41.503998
2019-06-29 23:00:00+00:00,39.575905,39.717
2019-06-30 00:00:00+00:00,38.510902,38.668003
2019-06-30 01:00:00+00:00,38.21564,37.438
2019-06-30 02:00:00+00:00,37.124493,36.737
2019-06-30 03:00:00+00:00,36.37364,36.391003
2019-06-30 04:00:00+00:00,36.728413,37.818
2019-06-30 05:00:00+00:00,39.826206,40.58
2019-06-30 06:00:00+00:00,44.166786,44.379997
2019-06-30 07:00:00+00:00,47.520195,46.856003
2019-06-30 08:00:00+00:00,48.520786,49.117
2019-06-30 09:00:00+00:00,49.319366,50.818
2019-06-30 10:00:00+00:00,49.696827,50.657
2019-06-30 11:00:00+00:00,48.49707,49.620003
2019-06-30 12:00:00+00:00,47.53134,48.444004
2019-06-30 13:00:00+00:00,46.90411,48.069
2019-06-30 14:00:00+00:00,47.766052,48.53
2019-06-30 15:00:00+00:00,49.049957,49.882
2019-06-30 16:00:00+00:00,50.287136,50.525
2019-06-30 17:00:00+00:00,49.811054,51.153
2019-06-30 18:00:00+00:00,49.85034,50.495003
2019-06-30 19:00:00+00:00,48.76102,49.588
2019-06-30 20:00:00+00:00,48.25158,50.505
2019-06-30 21:00:00+00:00,48.19975,47.531
2019-06-30 22:00:00+00:00,43.921883,45.127
2019-06-30 23:00:00+00:00,43.080517,43.415
2019-07-01 00:00:00+00:00,42.31487,42.688
2019-07-01 01:00:00+00:00,42.86728,43.056
2019-07-01 02:00:00+00:00,44.386463,43.998
2019-07-01 03:00:00+00:00,46.886707,46.912
2019-07-01 04:00:00+00:00,54.07389,55.63
2019-07-01 05:00:00+00:00,61.084908,61.821003
2019-07-01 06:00:00+00:00,63.545933,65.528
2019-07-01 07:00:00+00:00,64.921486,66.976
2019-07-01 08:00:00+00:00,66.56995,69.134
2019-07-01 09:00:00+00:00,67.764336,70.613
2019-07-01 10:00:00+00:00,68.06687,70.178
2019-07-01 11:00:00+00:00,67.20583,69.724
2019-07-01 12:00:00+00:00,66.62448,69.478004
2019-07-01 13:00:00+00:00,66.36637,68.696
2019-07-01 14:00:00+00:00,65.78764,67.022995
2019-07-01 15:00:00+00:00,64.63464,66.109
2019-07-01 16:00:00+00:00,64.4117,65.697
2019-07-01 17:00:00+00:00,63.932556,64.668
2019-07-01 18:00:00+00:00,61.805126,61.682
2019-07-01 19:00:00+00:00,58.236107,58.58
2019-07-01 20:00:00+00:00,55.504498,55.946003
2019-07-01 21:00:00+00:00,51.50581,51.597
2019-07-01 22:00:00+00:00,47.82606,48.401
2019-07-01 23:00:00+00:00,46.1447,46.824
2019-07-02 00:00:00+00:00,45.343548,45.895
2019-07-02 01:00:00+00:00,45.684982,45.706
2019-07-02 02:00:00+00:00,46.508396,46.641
2019-07-02 03:00:00+00:00,48.40961,49.237
2019-07-02 04:00:00+00:00,55.140675,56.52
2019-07-02 05:00:00+00:00,60.931206,61.903
2019-07-02 06:00:00+00:00,63.416096,65.843
2019-07-02 07:00:00+00:00,64.99972,67.18
2019-07-02 08:00:00+00:00,66.06481,68.235
2019-07-02 09:00:00+00:00,66.447136,69.146996
2019-07-02 10:00:00+00:00,66.67833,68.659004
2019-07-02 11:00:00+00:00,65.721886,68.076004
2019-07-02 12:00:00+00:00,64.92144,66.956
2019-07-02 13:00:00+00:00,63.980854,65.554
2019-07-02 14:00:00+00:00,62.966118,64.307
2019-07-02 15:00:00+00:00,62.458706,63.725
2019-07-02 16:00:00+00:00,62.48735,62.812
2019-07-02 17:00:00+00:00,60.991287,61.831997
2019-07-02 18:00:00+00:00,59.079014,59.781
2019-07-02 19:00:00+00:00,56.430096,57.037
2019-07-02 20:00:00+00:00,53.79923,54.366997
2019-07-02 21:00:00+00:00,49.80723,50.414
2019-07-02 22:00:00+00:00,46.775253,47.189
2019-07-02 23:00:00+00:00,44.879036,45.396
2019-07-03 00:00:00+00:00,43.893463,44.829998
2019-07-03 01:00:00+00:00,44.740437,45.02
2019-07-03 02:00:00+00:00,45.813026,45.782
2019-07-03 03:00:00+00:00,47.735676,48.477997
2019-07-03 04:00:00+00:00,54.015953,56.124
2019-07-03 05:00:00+00:00,60.24254,61.614002
2019-07-03 06:00:00+00:00,62.781467,65.046
2019-07-03 07:00:00+00:00,63.969368,66.529
2019-07-03 08:00:00+00:00,65.390396,68.067
2019-07-03 09:00:00+00:00,66.14449,69.6
2019-07-03 10:00:00+00:00,66.77722,68.226006
2019-07-03 11:00:00+00:00,65.07989,67.424
2019-07-03 12:00:00+00:00,64.21259,65.595
2019-07-03 13:00:00+00:00,62.61962,64.560005
2019-07-03 14:00:00+00:00,61.945595,63.368
2019-07-03 15:00:00+00:00,61.616917,63.233
2019-07-03 16:00:00+00:00,61.98631,62.904
2019-07-03 17:00:00+00:00,60.881153,61.767998
2019-07-03 18:00:00+00:00,58.53715,59.47
2019-07-03 19:00:00+00:00,55.882477,57.145
2019-07-03 20:00:00+00:00,53.769573,55.149
2019-07-03 21:00:00+00:00,50.39567,50.871002
2019-07-03 22:00:00+00:00,46.9135,47.392998
2019-07-03 23:00:00+00:00,45.138657,46.062
2019-07-04 00:00:00+00:00,44.870464,44.847
2019-07-04 01:00:00+00:00,44.532795,44.947998
2019-07-04 02:00:00+00:00,45.847427,45.783
2019-07-04 03:00:00+00:00,47.57057,48.637997
2019-07-04 04:00:00+00:00,54.519505,55.93
2019-07-04 05:00:00+00:00,60.268444,61.690002
2019-07-04 06:00:00+00:00,63.110348,64.959
2019-07-04 07:00:00+00:00,64.06013,66.07
2019-07-04 08:00:00+00:00,65.11635,67.053
2019-07-04 09:00:00+00:00,65.51139,68.464005
2019-07-04 10:00:00+00:00,66.0213,68.143
2019-07-04 11:00:00+00:00,65.182465,67.568
2019-07-04 12:00:00+00:00,64.390175,66.409996
2019-07-04 13:00:00+00:00,63.418175,65.348
2019-07-04 14:00:00+00:00,62.690975,64.381004
2019-07-04 15:00:00+00:00,62.412804,64.169
2019-07-04 16:00:00+00:00,62.601997,63.506
2019-07-04 17:00:00+00:00,61.211277,62.675
2019-07-04 18:00:00+00:00,59.409668,60.193
2019-07-04 19:00:00+00:00,56.493816,57.863
2019-07-04 20:00:00+00:00,54.51448,55.718998
2019-07-04 21:00:00+00:00,50.970196,51.898
2019-07-04 22:00:00+00:00,47.792454,48.56
2019-07-04 23:00:00+00:00,46.02404,46.694
2019-07-05 00:00:00+00:00,45.21152,45.839
2019-07-05 01:00:00+00:00,45.65386,45.662
2019-07-05 02:00:00+00:00,46.393757,46.436
2019-07-05 03:00:00+00:00,48.012585,48.78
2019-07-05 04:00:00+00:00,54.457882,56.001
2019-07-05 05:00:00+00:00,60.547752,61.690002
2019-07-05 06:00:00+00:00,63.29988,64.787
2019-07-05 07:00:00+00:00,64.00299,66.132
2019-07-05 08:00:00+00:00,65.29347,66.561005
2019-07-05 09:00:00+00:00,65.13882,67.395996
2019-07-05 10:00:00+00:00,65.17386,67.078
2019-07-05 11:00:00+00:00,64.43029,66.044
2019-07-05 12:00:00+00:00,63.09558,64.727005
2019-07-05 13:00:00+00:00,61.977177,64.052
2019-07-05 14:00:00+00:00,61.931473,63.16
2019-07-05 15:00:00+00:00,61.667835,62.333
2019-07-05 16:00:00+00:00,60.964798,62.003998
2019-07-05 17:00:00+00:00,60.219315,60.536
2019-07-05 18:00:00+00:00,57.667637,57.304
2019-07-05 19:00:00+00:00,54.326355,54.993
2019-07-05 20:00:00+00:00,52.33002,53.095
2019-07-05 21:00:00+00:00,48.86606,49.428
2019-07-05 22:00:00+00:00,45.947464,46.510998
2019-07-05 23:00:00+00:00,44.25747,44.071
2019-07-06 00:00:00+00:00,42.353977,42.462997
2019-07-06 01:00:00+00:00,41.586395,42.059002
2019-07-06 02:00:00+00:00,41.777287,41.874
2019-07-06 03:00:00+00:00,41.47252,41.874
2019-07-06 04:00:00+00:00,42.028484,43.720997
2019-07-06 05:00:00+00:00,46.447224,47.061
2019-07-06 06:00:00+00:00,49.998714,50.973
2019-07-06 07:00:00+00:00,53.015957,53.985996
2019-07-06 08:00:00+00:00,54.32916,55.315998
2019-07-06 09:00:00+00:00,54.115498,55.628
2019-07-06 10:00:00+00:00,53.651783,55.796
2019-07-06 11:00:00+00:00,53.752396,54.189
2019-07-06 12:00:00+00:00,51.8678,52.669003
2019-07-06 13:00:00+00:00,51.084766,51.968002
2019-07-06 14:00:00+00:00,51.648533,52.116997
2019-07-06 15:00:00+00:00,52.64178,52.305
2019-07-06 16:00:00+00:00,52.297718,52.19
2019-07-06 17:00:00+00:00,51.14866,51.509
2019-07-06 18:00:00+00:00,49.86392,49.000004
2019-07-06 19:00:00+00:00,47.27949,47.613003
2019-07-06 20:00:00+00:00,46.18752,47.106
2019-07-06 21:00:00+00:00,44.34403,44.139
2019-07-06 22:00:00+00:00,41.165718,41.258
2019-07-06 23:00:00+00:00,39.479736,39.043003
2019-07-07 00:00:00+00:00,37.849686,37.573
2019-07-07 01:00:00+00:00,37.047867,36.866
2019-07-07 02:00:00+00:00,36.633995,36.765
2019-07-07 03:00:00+00:00,36.518974,36.308
2019-07-07 04:00:00+00:00,36.78463,37.563
2019-07-07 05:00:00+00:00,39.71959,39.423
2019-07-07 06:00:00+00:00,42.737194,42.108
2019-07-07 07:00:00+00:00,44.92009,45.267
2019-07-07 08:00:00+00:00,47.165627,47.786
2019-07-07 09:00:00+00:00,48.37167,49.256
2019-07-07 10:00:00+00:00,48.515026,49.821003
2019-07-07 11:00:00+00:00,48.057594,47.891003
2019-07-07 12:00:00+00:00,45.981865,47.264004
2019-07-07 13:00:00+00:00,45.976055,46.477
2019-07-07 14:00:00+00:00,46.020092,46.774
2019-07-07 15:00:00+00:00,47.411175,47.72
2019-07-07 16:00:00+00:00,48.222424,48.146
2019-07-07 17:00:00+00:00,47.907875,48.426
2019-07-07 18:00:00+00:00,47.713734,47.594
2019-07-07 19:00:00+00:00,46.647858,46.804
2019-07-07 20:00:00+00:00,45.98599,46.970997
2019-07-07 21:00:00+00:00,44.91142,44.281
2019-07-07 22:00:00+00:00,41.27314,42.355003
2019-07-07 23:00:00+00:00,40.440144,41.124
2019-07-08 00:00:00+00:00,40.085243,39.855
2019-07-08 01:00:00+00:00,39.73937,40.003
2019-07-08 02:00:00+00:00,40.84634,41.457
2019-07-08 03:00:00+00:00,44.260555,44.993
2019-07-08 04:00:00+00:00,52.40024,53.518997
2019-07-08 05:00:00+00:00,59.016678,59.622
2019-07-08 06:00:00+00:00,61.564137,62.320004
2019-07-08 07:00:00+00:00,62.13481,64.026
2019-07-08 08:00:00+00:00,64.076065,66.436005
2019-07-08 09:00:00+00:00,65.42821,67.441
2019-07-08 10:00:00+00:00,65.18289,67.437996
2019-07-08 11:00:00+00:00,64.769424,66.902
2019-07-08 12:00:00+00:00,64.005745,65.665
2019-07-08 13:00:00+00:00,62.61148,64.658005
2019-07-08 14:00:00+00:00,61.909317,63.481
2019-07-08 15:00:00+00:00,61.311295,63.483
2019-07-08 16:00:00+00:00,61.864754,62.672
2019-07-08 17:00:00+00:00,60.37833,61.355
2019-07-08 18:00:00+00:00,58.28247,58.744003
2019-07-08 19:00:00+00:00,55.48112,56.386
2019-07-08 20:00:00+00:00,53.383656,53.932
2019-07-08 21:00:00+00:00,49.297653,49.661
2019-07-08 22:00:00+00:00,46.08506,46.755
2019-07-08 23:00:00+00:00,44.571007,45.069
2019-07-09 00:00:00+00:00,43.687214,44.425
2019-07-09 01:00:00+00:00,44.560936,44.599003
2019-07-09 02:00:00+00:00,45.706993,45.665
2019-07-09 03:00:00+00:00,48.44715,47.963997
2019-07-09 04:00:00+00:00,53.871296,55.727005
2019-07-09 05:00:00+00:00,60.205223,60.973
2019-07-09 06:00:00+00:00,62.512707,62.982998
2019-07-09 07:00:00+00:00,62.43891,64.193
2019-07-09 08:00:00+00:00,63.90578,65.976006
2019-07-09 09:00:00+00:00,64.66649,67.981995
2019-07-09 10:00:00+00:00,65.435165,67.081
2019-07-09 11:00:00+00:00,64.13422,66.589005
2019-07-09 12:00:00+00:00,63.52553,65.618004
2019-07-09 13:00:00+00:00,62.72843,64.088005
2019-07-09 14:00:00+00:00,61.425526,62.999
2019-07-09 15:00:00+00:00,61.067066,62.714996
2019-07-09 16:00:00+00:00,61.308346,62.272
2019-07-09 17:00:00+00:00,60.178604,61.24
2019-07-09 18:00:00+00:00,58.144936,58.95
2019-07-09 19:00:00+00:00,55.564075,56.427
2019-07-09 20:00:00+00:00,53.283848,54.259
2019-07-09 21:00:00+00:00,49.782692,50.079
2019-07-09 22:00:00+00:00,46.464386,47.113
2019-07-09 23:00:00+00:00,44.92396,45.317997
2019-07-10 00:00:00+00:00,43.864906,44.281
2019-07-10 01:00:00+00:00,43.994877,44.526
2019-07-10 02:00:00+00:00,45.310387,45.35
2019-07-10 03:00:00+00:00,47.073193,47.817
2019-07-10 04:00:00+00:00,53.404133,55.268
2019-07-10 05:00:00+00:00,59.61374,60.765
2019-07-10 06:00:00+00:00,62.249714,62.889
2019-07-10 07:00:00+00:00,62.172947,64.07
2019-07-10 08:00:00+00:00,63.538326,64.573
2019-07-10 09:00:00+00:00,63.267162,65.937996
2019-07-10 10:00:00+00:00,63.66794,66.103
2019-07-10 11:00:00+00:00,63.40446,65.883
2019-07-10 12:00:00+00:00,62.84405,65.066
2019-07-10 13:00:00+00:00,62.130203,64.209
2019-07-10 14:00:00+00:00,61.625854,62.141
2019-07-10 15:00:00+00:00,59.876713,61.873
2019-07-10 16:00:00+00:00,60.34648,61.622
2019-07-10 17:00:00+00:00,59.565434,60.655003
2019-07-10 18:00:00+00:00,57.507584,58.46
2019-07-10 19:00:00+00:00,55.12814,56.139
2019-07-10 20:00:00+00:00,52.912285,53.656
2019-07-10 21:00:00+00:00,49.11985,49.646
2019-07-10 22:00:00+00:00,46.2217,47.216
2019-07-10 23:00:00+00:00,45.156143,45.665
2019-07-11 00:00:00+00:00,44.44118,44.644
2019-07-11 01:00:00+00:00,44.49023,44.711002
2019-07-11 02:00:00+00:00,45.435204,45.598
2019-07-11 03:00:00+00:00,47.477154,48.499
2019-07-11 04:00:00+00:00,54.11598,55.068005
2019-07-11 05:00:00+00:00,59.285355,60.291004
2019-07-11 06:00:00+00:00,61.88462,63.09
2019-07-11 07:00:00+00:00,62.54308,64.203
2019-07-11 08:00:00+00:00,63.40154,66.001
2019-07-11 09:00:00+00:00,64.47082,67.319
2019-07-11 10:00:00+00:00,64.8238,67.079
2019-07-11 11:00:00+00:00,64.08796,66.236
2019-07-11 12:00:00+00:00,63.18439,65.057
2019-07-11 13:00:00+00:00,62.121746,63.899002
2019-07-11 14:00:00+00:00,61.303616,62.617004
2019-07-11 15:00:00+00:00,60.63023,62.342003
2019-07-11 16:00:00+00:00,60.88247,61.892002
2019-07-11 17:00:00+00:00,59.81519,60.853
2019-07-11 18:00:00+00:00,57.796303,58.546997
2019-07-11 19:00:00+00:00,55.26821,56.106003
2019-07-11 20:00:00+00:00,52.942265,53.501
2019-07-11 21:00:00+00:00,48.9943,49.88
2019-07-11 22:00:00+00:00,46.44502,47.231
2019-07-11 23:00:00+00:00,45.02943,45.719
2019-07-12 00:00:00+00:00,44.543488,44.672
2019-07-12 01:00:00+00:00,44.444923,44.954
2019-07-12 02:00:00+00:00,45.796,46.185997
2019-07-12 03:00:00+00:00,48.86623,48.854
2019-07-12 04:00:00+00:00,54.314877,55.507
2019-07-12 05:00:00+00:00,59.62435,60.783
2019-07-12 06:00:00+00:00,62.23814,64.155
2019-07-12 07:00:00+00:00,63.416283,65.448
2019-07-12 08:00:00+00:00,64.36417,67.013
2019-07-12 09:00:00+00:00,65.257774,67.633
2019-07-12 10:00:00+00:00,65.10797,66.774
2019-07-12 11:00:00+00:00,63.850964,65.069
2019-07-12 12:00:00+00:00,62.106834,64.051
2019-07-12 13:00:00+00:00,61.297035,63.641
2019-07-12 14:00:00+00:00,61.594074,62.475002
2019-07-12 15:00:00+00:00,60.805416,61.853
2019-07-12 16:00:00+00:00,60.392643,60.857998
2019-07-12 17:00:00+00:00,58.805187,59.21
2019-07-12 18:00:00+00:00,56.508324,56.31
2019-07-12 19:00:00+00:00,53.538742,53.973
2019-07-12 20:00:00+00:00,51.164696,51.371998
2019-07-12 21:00:00+00:00,47.274548,48.229996
2019-07-12 22:00:00+00:00,45.056915,45.524
2019-07-12 23:00:00+00:00,43.299713,43.45
2019-07-13 00:00:00+00:00,42.05705,42.186
2019-07-13 01:00:00+00:00,41.615665,41.984
2019-07-13 02:00:00+00:00,41.953773,41.814
2019-07-13 03:00:00+00:00,41.672474,41.654
2019-07-13 04:00:00+00:00,42.152275,43.522
2019-07-13 05:00:00+00:00,46.396935,46.654003
2019-07-13 06:00:00+00:00,49.412502,49.913998
2019-07-13 07:00:00+00:00,51.84519,52.996002
2019-07-13 08:00:00+00:00,53.471073,54.916
2019-07-13 09:00:00+00:00,53.917168,56.15
2019-07-13 10:00:00+00:00,54.3204,54.752
2019-07-13 11:00:00+00:00,52.14205,52.606
2019-07-13 12:00:00+00:00,50.07215,50.572
2019-07-13 13:00:00+00:00,49.04928,50.319
2019-07-13 14:00:00+00:00,50.8729,50.051
2019-07-13 15:00:00+00:00,50.7358,50.402
2019-07-13 16:00:00+00:00,50.74795,51.263996
2019-07-13 17:00:00+00:00,50.73359,50.464
2019-07-13 18:00:00+00:00,48.788876,48.221
2019-07-13 19:00:00+00:00,46.70378,46.763
2019-07-13 20:00:00+00:00,45.02818,45.872
2019-07-13 21:00:00+00:00,42.999035,43.172
2019-07-13 22:00:00+00:00,40.4779,40.285
2019-07-13 23:00:00+00:00,38.624382,37.662
2019-07-14 00:00:00+00:00,36.712276,36.214
2019-07-14 01:00:00+00:00,35.78233,35.986
2019-07-14 02:00:00+00:00,35.791706,35.53
2019-07-14 03:00:00+00:00,35.195084,35.67
2019-07-14 04:00:00+00:00,36.586075,36.817
2019-07-14 05:00:00+00:00,39.257893,38.359
2019-07-14 06:00:00+00:00,41.77106,41.634
2019-07-14 07:00:00+00:00,44.534714,44.666
2019-07-14 08:00:00+00:00,46.471214,47.171997
2019-07-14 09:00:00+00:00,47.68971,49.185997
2019-07-14 10:00:00+00:00,48.489933,48.663002
2019-07-14 11:00:00+00:00,46.86953,47.031998
2019-07-14 12:00:00+00:00,45.388706,45.627
2019-07-14 13:00:00+00:00,44.61687,45.245
2019-07-14 14:00:00+00:00,45.42907,45.403
2019-07-14 15:00:00+00:00,46.30814,46.034
2019-07-14 16:00:00+00:00,46.83505,47.641
2019-07-14 17:00:00+00:00,47.86548,47.547
2019-07-14 18:00:00+00:00,46.82812,46.96
2019-07-14 19:00:00+00:00,46.251328,46.799004
2019-07-14 20:00:00+00:00,45.862553,46.574997
2019-07-14 21:00:00+00:00,44.246994,43.654
2019-07-14 22:00:00+00:00,40.778053,41.349
2019-07-14 23:00:00+00:00,39.56898,39.316998
2019-07-15 00:00:00+00:00,38.21388,38.979
2019-07-15 01:00:00+00:00,39.158264,39.292
2019-07-15 02:00:00+00:00,40.25909,41.004997
2019-07-15 03:00:00+00:00,44.544853,44.655
2019-07-15 04:00:00+00:00,52.154743,52.866
2019-07-15 05:00:00+00:00,58.283707,58.919003
2019-07-15 06:00:00+00:00,60.943962,62.190002
2019-07-15 07:00:00+00:00,62.009876,63.264004
2019-07-15 08:00:00+00:00,63.17016,65.329
2019-07-15 09:00:00+00:00,64.41606,66.83
2019-07-15 10:00:00+00:00,64.736336,66.294
2019-07-15 11:00:00+00:00,63.560772,65.452
2019-07-15 12:00:00+00:00,62.553093,64.143
2019-07-15 13:00:00+00:00,61.245495,63.048
2019-07-15 14:00:00+00:00,60.434998,61.75
2019-07-15 15:00:00+00:00,59.76424,61.632
2019-07-15 16:00:00+00:00,60.219296,60.985
2019-07-15 17:00:00+00:00,58.87341,60.144
2019-07-15 18:00:00+00:00,57.11379,57.878
2019-07-15 19:00:00+00:00,54.517185,55.703003
2019-07-15 20:00:00+00:00,52.61551,53.5
2019-07-15 21:00:00+00:00,48.858727,49.458
2019-07-15 22:00:00+00:00,45.787754,45.839
2019-07-15 23:00:00+00:00,43.62058,43.905
2019-07-16 00:00:00+00:00,42.565884,42.403
2019-07-16 01:00:00+00:00,41.996586,42.872
2019-07-16 02:00:00+00:00,43.919113,44.065
2019-07-16 03:00:00+00:00,46.37116,47.487
2019-07-16 04:00:00+00:00,54.169376,54.696
2019-07-16 05:00:00+00:00,59.32626,60.723
2019-07-16 06:00:00+00:00,62.36803,64.102005
2019-07-16 07:00:00+00:00,63.438763,65.583
2019-07-16 08:00:00+00:00,64.7029,67.136
2019-07-16 09:00:00+00:00,65.58675,67.590996
2019-07-16 10:00:00+00:00,65.16196,66.804
2019-07-16 11:00:00+00:00,63.945133,65.972
2019-07-16 12:00:00+00:00,62.954323,65.244995
2019-07-16 13:00:00+00:00,62.26385,64.281
2019-07-16 14:00:00+00:00,61.66566,62.598
2019-07-16 15:00:00+00:00,60.482937,62.017002
2019-07-16 16:00:00+00:00,60.580685,61.538002
2019-07-16 17:00:00+00:00,59.653847,60.604
2019-07-16 18:00:00+00:00,57.60473,58.280003
2019-07-16 19:00:00+00:00,54.903347,56.056
2019-07-16 20:00:00+00:00,52.899143,53.803
2019-07-16 21:00:00+00:00,49.17269,49.953
2019-07-16 22:00:00+00:00,46.16652,46.64
2019-07-16 23:00:00+00:00,44.23912,45.074
2019-07-17 00:00:00+00:00,43.75542,43.606
2019-07-17 01:00:00+00:00,43.12165,43.549
2019-07-17 02:00:00+00:00,44.195683,44.866
2019-07-17 03:00:00+00:00,47.08802,47.417
2019-07-17 04:00:00+00:00,53.38943,54.267998
2019-07-17 05:00:00+00:00,58.887222,59.306
2019-07-17 06:00:00+00:00,61.208878,62.752003
2019-07-17 07:00:00+00:00,62.474606,64.032
2019-07-17 08:00:00+00:00,63.33363,65.408005
2019-07-17 09:00:00+00:00,63.94568,66.203995
2019-07-17 10:00:00+00:00,63.949512,65.65
2019-07-17 11:00:00+00:00,62.883152,65.353
2019-07-17 12:00:00+00:00,62.413624,64.143
2019-07-17 13:00:00+00:00,61.271484,63.49
2019-07-17 14:00:00+00:00,61.016373,61.861
2019-07-17 15:00:00+00:00,59.810734,61.521
2019-07-17 16:00:00+00:00,60.029182,61.07
2019-07-17 17:00:00+00:00,59.067585,59.805
2019-07-17 18:00:00+00:00,56.842613,57.76
2019-07-17 19:00:00+00:00,54.61753,55.858
2019-07-17 20:00:00+00:00,52.86012,53.712997
2019-07-17 21:00:00+00:00,49.21706,49.593002
2019-07-17 22:00:00+00:00,45.955837,46.708004
2019-07-17 23:00:00+00:00,44.447166,45.025
2019-07-18 00:00:00+00:00,43.633675,44.073
2019-07-18 01:00:00+00:00,43.86008,44.283
2019-07-18 02:00:00+00:00,45.084064,45.062
2019-07-18 03:00:00+00:00,46.899765,47.774998
2019-07-18 04:00:00+00:00,53.51057,54.338
2019-07-18 05:00:00+00:00,58.707623,59.822002
2019-07-18 06:00:00+00:00,61.60328,63.006
2019-07-18 07:00:00+00:00,62.535496,63.914997
2019-07-18 08:00:00+00:00,63.102314,65.096
2019-07-18 09:00:00+00:00,63.724342,67.182
2019-07-18 10:00:00+00:00,64.851776,66.568
2019-07-18 11:00:00+00:00,63.59482,66.152
2019-07-18 12:00:00+00:00,63.038292,65.448
2019-07-18 13:00:00+00:00,62.546383,64.439
2019-07-18 14:00:00+00:00,61.67676,62.847
2019-07-18 15:00:00+00:00,60.52138,62.863003
2019-07-18 16:00:00+00:00,61.259926,62.336
2019-07-18 17:00:00+00:00,60.020885,61.561
2019-07-18 18:00:00+00:00,58.330563,58.907
2019-07-18 19:00:00+00:00,55.42995,56.844
2019-07-18 20:00:00+00:00,53.834454,54.0
2019-07-18 21:00:00+00:00,49.245,49.918
2019-07-18 22:00:00+00:00,46.516167,47.197
2019-07-18 23:00:00+00:00,45.00457,45.399998
2019-07-19 00:00:00+00:00,44.032608,44.438
2019-07-19 01:00:00+00:00,44.31446,44.538
2019-07-19 02:00:00+00:00,45.347443,45.41
2019-07-19 03:00:00+00:00,47.222256,48.03
2019-07-19 04:00:00+00:00,53.832535,54.643
2019-07-19 05:00:00+00:00,59.098324,59.829002
2019-07-19 06:00:00+00:00,61.67217,63.046
2019-07-19 07:00:00+00:00,62.68984,64.093
2019-07-19 08:00:00+00:00,63.361748,65.770996
2019-07-19 09:00:00+00:00,64.33265,66.808
2019-07-19 10:00:00+00:00,64.475266,66.277
2019-07-19 11:00:00+00:00,63.409966,64.965004
2019-07-19 12:00:00+00:00,62.023914,63.582996
2019-07-19 13:00:00+00:00,60.793343,61.969
2019-07-19 14:00:00+00:00,59.641655,60.878
2019-07-19 15:00:00+00:00,59.414734,59.916
2019-07-19 16:00:00+00:00,58.87357,59.683
2019-07-19 17:00:00+00:00,58.31839,57.975002
2019-07-19 18:00:00+00:00,55.57858,55.067
2019-07-19 19:00:00+00:00,52.56007,53.033
2019-07-19 20:00:00+00:00,50.60892,51.194
2019-07-19 21:00:00+00:00,47.269543,48.001
2019-07-19 22:00:00+00:00,44.5518,45.423
2019-07-19 23:00:00+00:00,43.15459,43.227
2019-07-20 00:00:00+00:00,41.608826,41.018
2019-07-20 01:00:00+00:00,40.043785,39.855
2019-07-20 02:00:00+00:00,39.26881,39.378
2019-07-20 03:00:00+00:00,38.750977,39.426
2019-07-20 04:00:00+00:00,39.399998,41.604
2019-07-20 05:00:00+00:00,44.32065,45.075
2019-07-20 06:00:00+00:00,48.3512,49.328
2019-07-20 07:00:00+00:00,51.950035,52.234997
2019-07-20 08:00:00+00:00,52.757763,54.217
2019-07-20 09:00:00+00:00,53.235077,55.303
2019-07-20 10:00:00+00:00,53.490917,55.465
2019-07-20 11:00:00+00:00,53.18271,53.438004
2019-07-20 12:00:00+00:00,50.707703,51.138
2019-07-20 13:00:00+00:00,49.00021,50.957
2019-07-20 14:00:00+00:00,50.95031,50.607
2019-07-20 15:00:00+00:00,50.794754,50.088
2019-07-20 16:00:00+00:00,49.8082,51.659996
2019-07-20 17:00:00+00:00,51.592453,50.76
2019-07-20 18:00:00+00:00,48.964436,48.550003
2019-07-20 19:00:00+00:00,46.96106,47.718
2019-07-20 20:00:00+00:00,46.58727,46.689003
2019-07-20 21:00:00+00:00,43.87174,43.589
2019-07-20 22:00:00+00:00,40.701565,40.572
2019-07-20 23:00:00+00:00,38.794807,38.204
2019-07-21 00:00:00+00:00,37.113525,36.987
2019-07-21 01:00:00+00:00,36.57129,36.47
2019-07-21 02:00:00+00:00,36.49489,36.181
2019-07-21 03:00:00+00:00,36.12592,36.204
2019-07-21 04:00:00+00:00,36.682,36.762
2019-07-21 05:00:00+00:00,38.710033,38.706
2019-07-21 06:00:00+00:00,42.063923,41.727
2019-07-21 07:00:00+00:00,44.70367,44.299
2019-07-21 08:00:00+00:00,46.29083,46.783997
2019-07-21 09:00:00+00:00,47.594166,49.237
2019-07-21 10:00:00+00:00,48.891083,49.487003
2019-07-21 11:00:00+00:00,47.792263,47.875
2019-07-21 12:00:00+00:00,46.016434,46.419
2019-07-21 13:00:00+00:00,45.02962,45.377
2019-07-21 14:00:00+00:00,44.9934,45.163998
2019-07-21 15:00:00+00:00,45.903896,45.782
2019-07-21 16:00:00+00:00,46.78393,46.926
2019-07-21 17:00:00+00:00,47.390266,47.643997
2019-07-21 18:00:00+00:00,47.251263,47.269
2019-07-21 19:00:00+00:00,46.437984,46.975998
2019-07-21 20:00:00+00:00,46.2465,46.847
2019-07-21 21:00:00+00:00,44.83857,44.006
2019-07-21 22:00:00+00:00,40.940067,41.727
2019-07-21 23:00:00+00:00,39.730667,39.91
2019-07-22 00:00:00+00:00,38.542828,38.666
2019-07-22 01:00:00+00:00,38.3448,38.983
2019-07-22 02:00:00+00:00,39.730312,40.499
2019-07-22 03:00:00+00:00,43.27837,44.018
2019-07-22 04:00:00+00:00,51.493004,51.807
2019-07-22 05:00:00+00:00,57.792088,58.016
2019-07-22 06:00:00+00:00,60.501457,61.61
2019-07-22 07:00:00+00:00,61.793064,62.714
2019-07-22 08:00:00+00:00,62.756004,64.380005
2019-07-22 09:00:00+00:00,63.736813,65.539
2019-07-22 10:00:00+00:00,63.786106,65.536
2019-07-22 11:00:00+00:00,63.050323,65.211006
2019-07-22 12:00:00+00:00,62.422554,63.817
2019-07-22 13:00:00+00:00,60.938267,63.061
2019-07-22 14:00:00+00:00,60.447903,62.411003
2019-07-22 15:00:00+00:00,60.50247,62.098003
2019-07-22 16:00:00+00:00,60.350597,61.985004
2019-07-22 17:00:00+00:00,59.6989,60.860996
2019-07-22 18:00:00+00:00,57.506203,58.411
2019-07-22 19:00:00+00:00,54.925877,56.375
2019-07-22 20:00:00+00:00,53.193695,54.154003
2019-07-22 21:00:00+00:00,49.45349,50.08
2019-07-22 22:00:00+00:00,46.321144,46.928
2019-07-22 23:00:00+00:00,44.625004,45.184998
2019-07-23 00:00:00+00:00,43.848705,43.913002
2019-07-23 01:00:00+00:00,43.709583,43.77
2019-07-23 02:00:00+00:00,44.620674,44.42
2019-07-23 03:00:00+00:00,45.95339,47.105
2019-07-23 04:00:00+00:00,53.324852,53.489
2019-07-23 05:00:00+00:00,58.669727,59.068
2019-07-23 06:00:00+00:00,61.451637,62.332
2019-07-23 07:00:00+00:00,62.359444,63.963997
2019-07-23 08:00:00+00:00,63.45092,65.701004
2019-07-23 09:00:00+00:00,64.43895,67.174995
2019-07-23 10:00:00+00:00,64.907936,66.623
2019-07-23 11:00:00+00:00,63.809616,65.961006
2019-07-23 12:00:00+00:00,62.996296,65.022
2019-07-23 13:00:00+00:00,62.11685,63.996
2019-07-23 14:00:00+00:00,61.329746,62.604
2019-07-23 15:00:00+00:00,60.504166,62.169
2019-07-23 16:00:00+00:00,60.735847,61.472
2019-07-23 17:00:00+00:00,59.618046,61.098
2019-07-23 18:00:00+00:00,58.40726,58.765
2019-07-23 19:00:00+00:00,55.41283,57.087
2019-07-23 20:00:00+00:00,54.01017,54.335
2019-07-23 21:00:00+00:00,49.702087,50.269
2019-07-23 22:00:00+00:00,46.611336,47.608
2019-07-23 23:00:00+00:00,45.186745,46.066
2019-07-24 00:00:00+00:00,44.55266,44.785
2019-07-24 01:00:00+00:00,44.353233,44.927
2019-07-24 02:00:00+00:00,45.722584,45.889
2019-07-24 03:00:00+00:00,47.90619,48.482
2019-07-24 04:00:00+00:00,54.345676,54.35
2019-07-24 05:00:00+00:00,58.833908,60.046
2019-07-24 06:00:00+00:00,62.09005,63.312
2019-07-24 07:00:00+00:00,63.011883,64.704
2019-07-24 08:00:00+00:00,63.863655,66.573
2019-07-24 09:00:00+00:00,65.13526,67.935
2019-07-24 10:00:00+00:00,65.50096,67.223
2019-07-24 11:00:00+00:00,64.263084,66.474
2019-07-24 12:00:00+00:00,63.50915,65.76
2019-07-24 13:00:00+00:00,62.887554,64.641
2019-07-24 14:00:00+00:00,61.99686,63.336002
2019-07-24 15:00:00+00:00,61.24671,62.717
2019-07-24 16:00:00+00:00,61.19879,62.406998
2019-07-24 17:00:00+00:00,60.51368,61.713
2019-07-24 18:00:00+00:00,58.75436,59.523
2019-07-24 19:00:00+00:00,56.06425,57.55
2019-07-24 20:00:00+00:00,54.364166,55.321
2019-07-24 21:00:00+00:00,50.667244,51.690998
2019-07-24 22:00:00+00:00,47.655582,49.07
2019-07-24 23:00:00+00:00,46.48621,47.55
2019-07-25 00:00:00+00:00,46.010006,46.546
2019-07-25 01:00:00+00:00,46.232628,46.148003
2019-07-25 02:00:00+00:00,46.705025,46.783
2019-07-25 03:00:00+00:00,48.1488,49.261
2019-07-25 04:00:00+00:00,54.77866,54.523003
2019-07-25 05:00:00+00:00,58.902695,60.100998
2019-07-25 06:00:00+00:00,62.28181,63.476
2019-07-25 07:00:00+00:00,63.294376,64.987
2019-07-25 08:00:00+00:00,64.02991,66.982
2019-07-25 09:00:00+00:00,65.46279,68.337
2019-07-25 10:00:00+00:00,65.85841,67.638
2019-07-25 11:00:00+00:00,64.65355,67.108
2019-07-25 12:00:00+00:00,64.18662,66.006996
2019-07-25 13:00:00+00:00,63.16733,65.053
2019-07-25 14:00:00+00:00,62.431343,63.709003
2019-07-25 15:00:00+00:00,61.696743,63.324
2019-07-25 16:00:00+00:00,61.913284,63.100998
2019-07-25 17:00:00+00:00,61.291462,62.266003
2019-07-25 18:00:00+00:00,59.343082,60.584003
2019-07-25 19:00:00+00:00,57.140728,58.735
2019-07-25 20:00:00+00:00,55.415356,56.071
2019-07-25 21:00:00+00:00,51.399307,52.666004
2019-07-25 22:00:00+00:00,48.667744,49.445004
2019-07-25 23:00:00+00:00,46.659443,47.565998
2019-07-26 00:00:00+00:00,45.883198,46.657997
2019-07-26 01:00:00+00:00,46.1816,46.559998
2019-07-26 02:00:00+00:00,47.02621,47.456
2019-07-26 03:00:00+00:00,48.842064,49.856003
2019-07-26 04:00:00+00:00,55.33342,55.549
2019-07-26 05:00:00+00:00,59.839676,61.021004
2019-07-26 06:00:00+00:00,62.937824,64.078
2019-07-26 07:00:00+00:00,63.663364,65.556
2019-07-26 08:00:00+00:00,64.642265,67.02
2019-07-26 09:00:00+00:00,65.52628,67.832
2019-07-26 10:00:00+00:00,65.46565,66.920006
2019-07-26 11:00:00+00:00,64.15837,65.46
2019-07-26 12:00:00+00:00,62.673946,64.273994
2019-07-26 13:00:00+00:00,61.675793,63.001003
2019-07-26 14:00:00+00:00,60.905617,62.353
2019-07-26 15:00:00+00:00,61.17136,62.544003
2019-07-26 16:00:00+00:00,61.696613,62.02
2019-07-26 17:00:00+00:00,60.09112,60.788002
2019-07-26 18:00:00+00:00,57.871124,58.153
2019-07-26 19:00:00+00:00,55.05722,55.878002
2019-07-26 20:00:00+00:00,52.970314,53.702
2019-07-26 21:00:00+00:00,49.460052,49.677998
2019-07-26 22:00:00+00:00,46.247566,46.532997
2019-07-26 23:00:00+00:00,44.349857,43.679
2019-07-27 00:00:00+00:00,41.965984,42.293
2019-07-27 01:00:00+00:00,41.451298,41.358
2019-07-27 02:00:00+00:00,40.708282,40.698
2019-07-27 03:00:00+00:00,40.01347,40.807
2019-07-27 04:00:00+00:00,40.49923,42.652
2019-07-27 05:00:00+00:00,44.99678,46.046997
2019-07-27 06:00:00+00:00,49.253265,49.16
2019-07-27 07:00:00+00:00,51.33838,52.158
2019-07-27 08:00:00+00:00,52.81973,53.547
2019-07-27 09:00:00+00:00,52.53785,55.260002
2019-07-27 10:00:00+00:00,53.68997,54.574
2019-07-27 11:00:00+00:00,52.06937,52.876
2019-07-27 12:00:00+00:00,50.20136,51.933
2019-07-27 13:00:00+00:00,50.449154,51.162
2019-07-27 14:00:00+00:00,50.59429,50.593
2019-07-27 15:00:00+00:00,50.586166,50.894997
2019-07-27 16:00:00+00:00,51.068,51.221
2019-07-27 17:00:00+00:00,50.521408,50.886
2019-07-27 18:00:00+00:00,49.45919,48.749
2019-07-27 19:00:00+00:00,47.087967,47.076
2019-07-27 20:00:00+00:00,45.86441,45.911
2019-07-27 21:00:00+00:00,43.318733,42.86
2019-07-27 22:00:00+00:00,40.22353,40.293
2019-07-27 23:00:00+00:00,38.592293,38.746
2019-07-28 00:00:00+00:00,37.486588,37.793
2019-07-28 01:00:00+00:00,37.400776,37.465
2019-07-28 02:00:00+00:00,37.530678,37.137
2019-07-28 03:00:00+00:00,37.051147,37.128
2019-07-28 04:00:00+00:00,37.663895,37.316
2019-07-28 05:00:00+00:00,39.28632,39.476
2019-07-28 06:00:00+00:00,42.76459,41.878002
2019-07-28 07:00:00+00:00,44.59923,44.693
2019-07-28 08:00:00+00:00,46.70647,46.778
2019-07-28 09:00:00+00:00,47.525127,48.403
2019-07-28 10:00:00+00:00,47.94695,48.661003
2019-07-28 11:00:00+00:00,47.157265,47.327
2019-07-28 12:00:00+00:00,45.72474,46.236
2019-07-28 13:00:00+00:00,45.17482,45.979
2019-07-28 14:00:00+00:00,45.953297,45.785
2019-07-28 15:00:00+00:00,46.328987,47.045002
2019-07-28 16:00:00+00:00,47.830288,48.531998
2019-07-28 17:00:00+00:00,48.569492,49.077
2019-07-28 18:00:00+00:00,48.251408,48.196003
2019-07-28 19:00:00+00:00,47.127476,48.175
2019-07-28 20:00:00+00:00,47.219246,47.129
2019-07-28 21:00:00+00:00,44.523407,44.124
2019-07-28 22:00:00+00:00,41.38721,41.211
2019-07-28 23:00:00+00:00,39.54043,40.172
2019-07-29 00:00:00+00:00,39.393337,39.717
2019-07-29 01:00:00+00:00,39.87437,39.645
2019-07-29 02:00:00+00:00,40.544384,40.814
2019-07-29 03:00:00+00:00,43.286007,44.077
2019-07-29 04:00:00+00:00,50.916393,52.482998
2019-07-29 05:00:00+00:00,58.12673,58.912003
2019-07-29 06:00:00+00:00,61.036713,62.314
2019-07-29 07:00:00+00:00,62.006638,63.514
2019-07-29 08:00:00+00:00,63.358845,65.130005
2019-07-29 09:00:00+00:00,64.28544,65.574
2019-07-29 10:00:00+00:00,63.663887,65.575005
2019-07-29 11:00:00+00:00,63.11694,64.953
2019-07-29 12:00:00+00:00,62.195606,63.688
2019-07-29 13:00:00+00:00,60.822598,62.586002
2019-07-29 14:00:00+00:00,60.09588,61.262005
2019-07-29 15:00:00+00:00,59.38482,60.983997
2019-07-29 16:00:00+00:00,59.65574,60.642
2019-07-29 17:00:00+00:00,58.742935,59.502003
2019-07-29 18:00:00+00:00,56.569534,57.324
2019-07-29 19:00:00+00:00,54.16985,55.724
2019-07-29 20:00:00+00:00,52.761974,53.190998
2019-07-29 21:00:00+00:00,48.49058,49.027
2019-07-29 22:00:00+00:00,45.491386,46.007
2019-07-29 23:00:00+00:00,43.780914,44.521
2019-07-30 00:00:00+00:00,43.324364,43.757
2019-07-30 01:00:00+00:00,43.797405,43.725002
2019-07-30 02:00:00+00:00,44.59433,45.118
2019-07-30 03:00:00+00:00,48.108994,47.685997
2019-07-30 04:00:00+00:00,53.62804,53.699
2019-07-30 05:00:00+00:00,58.160866,59.170002
2019-07-30 06:00:00+00:00,61.232094,62.107
2019-07-30 07:00:00+00:00,61.871307,63.829002
2019-07-30 08:00:00+00:00,63.086163,65.962
2019-07-30 09:00:00+00:00,64.44821,67.619
2019-07-30 10:00:00+00:00,65.040474,67.014
2019-07-30 11:00:00+00:00,63.964367,66.643
2019-07-30 12:00:00+00:00,63.558533,65.585
2019-07-30 13:00:00+00:00,62.553234,64.668
2019-07-30 14:00:00+00:00,61.81733,63.73
2019-07-30 15:00:00+00:00,61.516613,62.864998
2019-07-30 16:00:00+00:00,60.90781,62.645
2019-07-30 17:00:00+00:00,60.460804,61.081997
2019-07-30 18:00:00+00:00,57.972523,58.546997
2019-07-30 19:00:00+00:00,55.397808,57.156002
2019-07-30 20:00:00+00:00,54.229973,54.315
2019-07-30 21:00:00+00:00,49.455967,50.363
2019-07-30 22:00:00+00:00,46.784008,47.247
2019-07-30 23:00:00+00:00,44.88815,45.783
2019-07-31 00:00:00+00:00,44.533688,44.528
2019-07-31 01:00:00+00:00,44.182983,44.113
2019-07-31 02:00:00+00:00,44.6003,45.09
2019-07-31 03:00:00+00:00,46.673798,48.059002
2019-07-31 04:00:00+00:00,54.19104,54.771004
2019-07-31 05:00:00+00:00,59.42348,60.046997
2019-07-31 06:00:00+00:00,61.941994,63.068996
2019-07-31 07:00:00+00:00,62.76327,63.966
2019-07-31 08:00:00+00:00,63.38904,65.504005
2019-07-31 09:00:00+00:00,64.229416,67.714
2019-07-31 10:00:00+00:00,65.37803,66.225
2019-07-31 11:00:00+00:00,63.26307,64.708
2019-07-31 12:00:00+00:00,61.718082,63.348
2019-07-31 13:00:00+00:00,60.681473,63.24
2019-07-31 14:00:00+00:00,61.190567,62.471
2019-07-31 15:00:00+00:00,60.92354,61.462
2019-07-31 16:00:00+00:00,59.856182,60.968002
2019-07-31 17:00:00+00:00,59.086098,59.779
2019-07-31 18:00:00+00:00,56.951992,57.260998
2019-07-31 19:00:00+00:00,54.228706,55.250004
2019-07-31 20:00:00+00:00,52.48246,52.151
2019-07-31 21:00:00+00:00,47.816208,48.398003
2019-07-31 22:00:00+00:00,45.158913,45.295002
2019-07-31 23:00:00+00:00,43.07849,43.856
2019-08-01 00:00:00+00:00,42.624626,42.786
2019-08-01 01:00:00+00:00,42.359673,42.815002
2019-08-01 02:00:00+00:00,43.23196,43.89
2019-08-01 03:00:00+00:00,45.70002,46.429996
2019-08-01 04:00:00+00:00,51.703506,52.896996
2019-08-01 05:00:00+00:00,57.24106,57.92
2019-08-01 06:00:00+00:00,59.76846,60.707
2019-08-01 07:00:00+00:00,60.396805,61.858997
2019-08-01 08:00:00+00:00,61.109207,63.324
2019-08-01 09:00:00+00:00,61.834362,65.049
2019-08-01 10:00:00+00:00,62.676228,65.418
2019-08-01 11:00:00+00:00,62.474857,64.347
2019-08-01 12:00:00+00:00,61.205063,62.974003
2019-08-01 13:00:00+00:00,60.003635,61.481003
2019-08-01 14:00:00+00:00,58.90654,60.32
2019-08-01 15:00:00+00:00,58.411606,59.882
2019-08-01 16:00:00+00:00,58.420723,59.734
2019-08-01 17:00:00+00:00,57.749645,58.367
2019-08-01 18:00:00+00:00,55.444847,55.851
2019-08-01 19:00:00+00:00,52.971043,54.575996
2019-08-01 20:00:00+00:00,51.88527,51.991
2019-08-01 21:00:00+00:00,47.454453,48.342
2019-08-01 22:00:00+00:00,45.049065,45.88
2019-08-01 23:00:00+00:00,43.704132,43.58
2019-08-02 00:00:00+00:00,42.16536,42.732
2019-08-02 01:00:00+00:00,42.682083,43.119
2019-08-02 02:00:00+00:00,43.950264,44.299
2019-08-02 03:00:00+00:00,46.84867,47.0
2019-08-02 04:00:00+00:00,52.867676,52.693
2019-08-02 05:00:00+00:00,57.120457,58.052002
2019-08-02 06:00:00+00:00,60.176514,61.010002
2019-08-02 07:00:00+00:00,60.90692,62.143
2019-08-02 08:00:00+00:00,61.398846,63.503002
2019-08-02 09:00:00+00:00,62.175762,64.757
2019-08-02 10:00:00+00:00,62.532127,64.838005
2019-08-02 11:00:00+00:00,62.05022,62.947998
2019-08-02 12:00:00+00:00,60.017715,60.649
2019-08-02 13:00:00+00:00,57.97266,59.677002
2019-08-02 14:00:00+00:00,58.033096,59.281998
2019-08-02 15:00:00+00:00,58.517563,59.169
2019-08-02 16:00:00+00:00,58.174244,57.914997
2019-08-02 17:00:00+00:00,55.977192,56.688
2019-08-02 18:00:00+00:00,54.361664,53.975998
2019-08-02 19:00:00+00:00,51.354767,52.416
2019-08-02 20:00:00+00:00,50.12269,49.485
2019-08-02 21:00:00+00:00,45.33189,45.866
2019-08-02 22:00:00+00:00,42.97931,42.178
2019-08-02 23:00:00+00:00,40.399082,40.664
2019-08-03 00:00:00+00:00,39.715668,39.322002
2019-08-03 01:00:00+00:00,38.83703,38.943
2019-08-03 02:00:00+00:00,38.917934,38.778
2019-08-03 03:00:00+00:00,38.43927,39.056
2019-08-03 04:00:00+00:00,39.749878,40.472
2019-08-03 05:00:00+00:00,43.1699,43.752003
2019-08-03 06:00:00+00:00,46.66899,47.26
2019-08-03 07:00:00+00:00,49.52153,50.004
2019-08-03 08:00:00+00:00,50.80282,52.044003
2019-08-03 09:00:00+00:00,51.240692,53.080997
2019-08-03 10:00:00+00:00,51.20244,52.973
2019-08-03 11:00:00+00:00,50.507412,51.204
2019-08-03 12:00:00+00:00,48.634304,49.124
2019-08-03 13:00:00+00:00,47.247707,48.583
2019-08-03 14:00:00+00:00,48.467945,47.78
2019-08-03 15:00:00+00:00,47.80268,48.226997
2019-08-03 16:00:00+00:00,48.624527,48.259
2019-08-03 17:00:00+00:00,47.895153,47.761
2019-08-03 18:00:00+00:00,46.947388,45.666
2019-08-03 19:00:00+00:00,44.98368,45.306
2019-08-03 20:00:00+00:00,44.378967,43.589
2019-08-03 21:00:00+00:00,40.71253,40.833
2019-08-03 22:00:00+00:00,38.472313,37.834
2019-08-03 23:00:00+00:00,36.444885,36.579998
2019-08-04 00:00:00+00:00,35.655846,35.599
2019-08-04 01:00:00+00:00,35.20561,35.354
2019-08-04 02:00:00+00:00,35.406902,35.263
2019-08-04 03:00:00+00:00,35.238678,35.303
2019-08-04 04:00:00+00:00,36.426666,35.645
2019-08-04 05:00:00+00:00,38.139755,37.668
2019-08-04 06:00:00+00:00,41.207565,40.747997
2019-08-04 07:00:00+00:00,43.747467,43.304
2019-08-04 08:00:00+00:00,45.33972,45.356
2019-08-04 09:00:00+00:00,46.11059,47.461002
2019-08-04 10:00:00+00:00,47.01494,46.736
2019-08-04 11:00:00+00:00,45.46683,45.327
2019-08-04 12:00:00+00:00,44.343246,44.393
2019-08-04 13:00:00+00:00,43.85983,43.806
2019-08-04 14:00:00+00:00,44.258488,43.877
2019-08-04 15:00:00+00:00,45.046734,44.319
2019-08-04 16:00:00+00:00,45.43157,44.807
2019-08-04 17:00:00+00:00,45.474052,44.909
2019-08-04 18:00:00+00:00,45.17104,44.687
2019-08-04 19:00:00+00:00,44.824585,44.824
2019-08-04 20:00:00+00:00,44.05049,44.03
2019-08-04 21:00:00+00:00,41.83234,41.029
2019-08-04 22:00:00+00:00,38.596554,39.122
2019-08-04 23:00:00+00:00,37.491257,37.642
2019-08-05 00:00:00+00:00,36.55343,36.662
2019-08-05 01:00:00+00:00,36.449142,36.618
2019-08-05 02:00:00+00:00,36.953648,37.966
2019-08-05 03:00:00+00:00,39.789913,41.682
2019-08-05 04:00:00+00:00,48.08915,49.23
2019-08-05 05:00:00+00:00,55.122776,54.751003
2019-08-05 06:00:00+00:00,57.43591,58.550003
2019-08-05 07:00:00+00:00,59.02084,60.585
2019-08-05 08:00:00+00:00,60.390392,62.236004
2019-08-05 09:00:00+00:00,61.15695,63.972004
2019-08-05 10:00:00+00:00,62.019417,62.885002
2019-08-05 11:00:00+00:00,60.37548,62.510998
2019-08-05 12:00:00+00:00,59.810104,61.979
2019-08-05 13:00:00+00:00,59.312424,61.079
2019-08-05 14:00:00+00:00,58.565273,59.247
2019-08-05 15:00:00+00:00,57.091187,59.087997
2019-08-05 16:00:00+00:00,57.533085,58.773
2019-08-05 17:00:00+00:00,56.629234,57.771
2019-08-05 18:00:00+00:00,54.842216,55.219
2019-08-05 19:00:00+00:00,52.310383,53.738003
2019-08-05 20:00:00+00:00,51.090305,50.402
2019-08-05 21:00:00+00:00,45.994587,46.519
2019-08-05 22:00:00+00:00,43.57207,44.234
2019-08-05 23:00:00+00:00,42.200726,42.341
2019-08-06 00:00:00+00:00,41.27794,41.390003
2019-08-06 01:00:00+00:00,41.6234,41.476997
2019-08-06 02:00:00+00:00,42.487427,42.661
2019-08-06 03:00:00+00:00,45.241318,45.613
2019-08-06 04:00:00+00:00,52.120472,52.430004
2019-08-06 05:00:00+00:00,57.41414,57.765
2019-08-06 06:00:00+00:00,59.985012,61.184002
2019-08-06 07:00:00+00:00,61.19049,61.747
2019-08-06 08:00:00+00:00,61.266617,62.849
2019-08-06 09:00:00+00:00,61.751263,65.089005
2019-08-06 10:00:00+00:00,63.049324,64.899
2019-08-06 11:00:00+00:00,62.053364,63.936
2019-08-06 12:00:00+00:00,60.87118,62.315002
2019-08-06 13:00:00+00:00,59.482376,60.709003
2019-08-06 14:00:00+00:00,58.242653,59.836002
2019-08-06 15:00:00+00:00,58.31439,60.611
2019-08-06 16:00:00+00:00,59.579716,59.496
2019-08-06 17:00:00+00:00,57.15027,57.823
2019-08-06 18:00:00+00:00,55.03849,55.555004
2019-08-06 19:00:00+00:00,52.766212,54.541
2019-08-06 20:00:00+00:00,51.988144,50.722
2019-08-06 21:00:00+00:00,46.217747,46.834
2019-08-06 22:00:00+00:00,43.89638,44.078
2019-08-06 23:00:00+00:00,41.98211,42.232
2019-08-07 00:00:00+00:00,41.01939,41.733
2019-08-07 01:00:00+00:00,41.83975,41.854
2019-08-07 02:00:00+00:00,42.58665,43.146
2019-08-07 03:00:00+00:00,45.826416,45.899
2019-08-07 04:00:00+00:00,51.652267,52.517998
2019-08-07 05:00:00+00:00,56.9828,57.823
2019-08-07 06:00:00+00:00,59.754585,60.382004
2019-08-07 07:00:00+00:00,60.09931,61.622997
2019-08-07 08:00:00+00:00,61.01505,64.205
2019-08-07 09:00:00+00:00,62.82357,65.779
2019-08-07 10:00:00+00:00,63.21144,63.736004
2019-08-07 11:00:00+00:00,60.702454,63.092003
2019-08-07 12:00:00+00:00,60.259224,62.786
2019-08-07 13:00:00+00:00,60.125324,61.883
2019-08-07 14:00:00+00:00,59.40243,60.694004
2019-08-07 15:00:00+00:00,58.678013,60.33
2019-08-07 16:00:00+00:00,58.606075,59.517998
2019-08-07 17:00:00+00:00,57.155704,58.823
2019-08-07 18:00:00+00:00,55.852936,56.910004
2019-08-07 19:00:00+00:00,53.580704,55.679996
2019-08-07 20:00:00+00:00,52.686993,51.617
2019-08-07 21:00:00+00:00,47.014988,47.001003
2019-08-07 22:00:00+00:00,44.136456,44.4
2019-08-07 23:00:00+00:00,42.505398,42.669
2019-08-08 00:00:00+00:00,41.54326,41.911
2019-08-08 01:00:00+00:00,42.09549,41.835003
2019-08-08 02:00:00+00:00,42.60923,42.685
2019-08-08 03:00:00+00:00,44.387627,45.722
2019-08-08 04:00:00+00:00,51.821754,51.629
2019-08-08 05:00:00+00:00,56.345768,57.568
2019-08-08 06:00:00+00:00,59.890633,60.56
2019-08-08 07:00:00+00:00,60.474133,61.900997
2019-08-08 08:00:00+00:00,61.16386,63.54
2019-08-08 09:00:00+00:00,62.23484,65.457
2019-08-08 10:00:00+00:00,63.10844,65.313
2019-08-08 11:00:00+00:00,62.34561,64.35
2019-08-08 12:00:00+00:00,61.248493,62.831
2019-08-08 13:00:00+00:00,59.861168,61.821003
2019-08-08 14:00:00+00:00,59.20375,61.07
2019-08-08 15:00:00+00:00,59.19627,60.475
2019-08-08 16:00:00+00:00,58.79028,59.928997
2019-08-08 17:00:00+00:00,57.791134,59.397
2019-08-08 18:00:00+00:00,56.463783,56.677998
2019-08-08 19:00:00+00:00,53.426037,55.214
2019-08-08 20:00:00+00:00,52.528214,52.042
2019-08-08 21:00:00+00:00,47.514534,47.805
2019-08-08 22:00:00+00:00,44.58388,44.393
2019-08-08 23:00:00+00:00,42.339634,42.495
2019-08-09 00:00:00+00:00,41.24689,41.439
2019-08-09 01:00:00+00:00,41.268764,41.508003
2019-08-09 02:00:00+00:00,42.279457,42.297
2019-08-09 03:00:00+00:00,43.832043,45.652
2019-08-09 04:00:00+00:00,52.226643,52.126
2019-08-09 05:00:00+00:00,57.09197,57.336998
2019-08-09 06:00:00+00:00,59.58851,60.815998
2019-08-09 07:00:00+00:00,60.948277,62.185
2019-08-09 08:00:00+00:00,61.572582,63.807003
2019-08-09 09:00:00+00:00,62.45618,65.22
2019-08-09 10:00:00+00:00,62.99474,64.80801
2019-08-09 11:00:00+00:00,61.958908,63.763004
2019-08-09 12:00:00+00:00,60.7476,62.15
2019-08-09 13:00:00+00:00,59.258663,60.975002
2019-08-09 14:00:00+00:00,58.488914,60.801
2019-08-09 15:00:00+00:00,59.370453,61.098
2019-08-09 16:00:00+00:00,59.636147,60.372
2019-08-09 17:00:00+00:00,57.852577,58.497
2019-08-09 18:00:00+00:00,55.41551,56.399998
2019-08-09 19:00:00+00:00,53.39852,54.427998
2019-08-09 20:00:00+00:00,51.55879,50.704002
2019-08-09 21:00:00+00:00,46.43288,46.231
2019-08-09 22:00:00+00:00,43.333485,44.287
2019-08-09 23:00:00+00:00,42.35765,41.857
2019-08-10 00:00:00+00:00,40.42971,40.146
2019-08-10 01:00:00+00:00,39.86911,40.468002
2019-08-10 02:00:00+00:00,41.16028,39.576
2019-08-10 03:00:00+00:00,39.518803,40.583
2019-08-10 04:00:00+00:00,41.7019,41.426
2019-08-10 05:00:00+00:00,44.093994,45.321
2019-08-10 06:00:00+00:00,48.801712,48.742
2019-08-10 07:00:00+00:00,51.19622,53.014996
2019-08-10 08:00:00+00:00,54.058193,54.683002
2019-08-10 09:00:00+00:00,53.835583,55.233
2019-08-10 10:00:00+00:00,53.32999,55.572
2019-08-10 11:00:00+00:00,53.437943,53.947002
2019-08-10 12:00:00+00:00,51.28838,52.065
2019-08-10 13:00:00+00:00,50.05383,51.194
2019-08-10 14:00:00+00:00,50.605488,50.518
2019-08-10 15:00:00+00:00,50.482647,50.808
2019-08-10 16:00:00+00:00,51.13462,50.748
2019-08-10 17:00:00+00:00,50.043865,49.854
2019-08-10 18:00:00+00:00,48.45662,47.670998
2019-08-10 19:00:00+00:00,46.35298,46.975998
2019-08-10 20:00:00+00:00,46.18697,44.939
2019-08-10 21:00:00+00:00,42.178352,41.796
2019-08-10 22:00:00+00:00,39.338398,39.381
2019-08-10 23:00:00+00:00,37.638542,37.74
2019-08-11 00:00:00+00:00,36.486893,36.821
2019-08-11 01:00:00+00:00,36.354282,36.174
2019-08-11 02:00:00+00:00,36.039402,36.171
2019-08-11 03:00:00+00:00,36.10389,36.168
2019-08-11 04:00:00+00:00,36.804478,36.661
2019-08-11 05:00:00+00:00,38.816795,39.224
2019-08-11 06:00:00+00:00,42.699146,42.079
2019-08-11 07:00:00+00:00,44.863354,44.683
2019-08-11 08:00:00+00:00,46.524612,47.191
2019-08-11 09:00:00+00:00,47.811398,50.304
2019-08-11 10:00:00+00:00,49.83469,50.122
2019-08-11 11:00:00+00:00,48.085052,47.742
2019-08-11 12:00:00+00:00,45.787315,46.273003
2019-08-11 13:00:00+00:00,45.035156,45.901
2019-08-11 14:00:00+00:00,45.829693,45.04
2019-08-11 15:00:00+00:00,45.67785,45.77
2019-08-11 16:00:00+00:00,46.858543,47.737
2019-08-11 17:00:00+00:00,48.20818,47.367004
2019-08-11 18:00:00+00:00,46.665485,47.263
2019-08-11 19:00:00+00:00,46.580605,47.239
2019-08-11 20:00:00+00:00,46.283268,45.423
2019-08-11 21:00:00+00:00,42.884327,42.836002
2019-08-11 22:00:00+00:00,40.22647,40.504
2019-08-11 23:00:00+00:00,38.599834,38.796
2019-08-12 00:00:00+00:00,37.681156,38.350002
2019-08-12 01:00:00+00:00,38.365177,37.958
2019-08-12 02:00:00+00:00,38.471054,39.318
2019-08-12 03:00:00+00:00,41.56477,43.314
2019-08-12 04:00:00+00:00,50.623596,51.031002
2019-08-12 05:00:00+00:00,56.831043,56.725
2019-08-12 06:00:00+00:00,59.189,60.180004
2019-08-12 07:00:00+00:00,60.49015,61.337
2019-08-12 08:00:00+00:00,61.317253,62.446
2019-08-12 09:00:00+00:00,61.678703,65.102
2019-08-12 10:00:00+00:00,63.29698,64.295
2019-08-12 11:00:00+00:00,61.678493,63.677002
2019-08-12 12:00:00+00:00,60.77604,61.121
2019-08-12 13:00:00+00:00,58.41546,60.454998
2019-08-12 14:00:00+00:00,58.2534,60.815002
2019-08-12 15:00:00+00:00,59.66993,60.128
2019-08-12 16:00:00+00:00,58.40887,58.969
2019-08-12 17:00:00+00:00,56.649162,58.042
2019-08-12 18:00:00+00:00,55.2778,56.198997
2019-08-12 19:00:00+00:00,53.10112,54.690002
2019-08-12 20:00:00+00:00,51.857773,51.147
2019-08-12 21:00:00+00:00,46.684235,47.013004
2019-08-12 22:00:00+00:00,43.943966,44.429
2019-08-12 23:00:00+00:00,42.36747,42.293
2019-08-13 00:00:00+00:00,41.026325,41.667
2019-08-13 01:00:00+00:00,41.89705,41.756
2019-08-13 02:00:00+00:00,42.656197,42.376003
2019-08-13 03:00:00+00:00,44.07068,46.303
2019-08-13 04:00:00+00:00,53.1397,53.277
2019-08-13 05:00:00+00:00,57.98022,58.332
2019-08-13 06:00:00+00:00,60.221092,61.266
2019-08-13 07:00:00+00:00,61.22392,62.559998
2019-08-13 08:00:00+00:00,62.072517,64.126
2019-08-13 09:00:00+00:00,62.77686,65.726
2019-08-13 10:00:00+00:00,63.442154,64.61
2019-08-13 11:00:00+00:00,61.74963,62.825
2019-08-13 12:00:00+00:00,59.83874,61.169003
2019-08-13 13:00:00+00:00,58.462643,59.93
2019-08-13 14:00:00+00:00,57.869614,58.885002
2019-08-13 15:00:00+00:00,57.732674,58.564
2019-08-13 16:00:00+00:00,57.682575,58.791004
2019-08-13 17:00:00+00:00,57.199894,58.084
2019-08-13 18:00:00+00:00,55.17483,55.846
2019-08-13 19:00:00+00:00,52.64488,54.263996
2019-08-13 20:00:00+00:00,51.43868,50.579002
2019-08-13 21:00:00+00:00,46.044388,46.507
2019-08-13 22:00:00+00:00,43.498425,44.143
2019-08-13 23:00:00+00:00,42.074398,42.089
2019-08-14 00:00:00+00:00,40.781086,41.213
2019-08-14 01:00:00+00:00,41.188126,41.273
2019-08-14 02:00:00+00:00,41.84175,42.336
2019-08-14 03:00:00+00:00,44.26787,45.769
2019-08-14 04:00:00+00:00,51.832947,52.49
2019-08-14 05:00:00+00:00,56.94976,57.616
2019-08-14 06:00:00+00:00,59.460464,60.513
2019-08-14 07:00:00+00:00,60.29762,60.579002
2019-08-14 08:00:00+00:00,59.9584,62.165
2019-08-14 09:00:00+00:00,60.928123,63.690998
2019-08-14 10:00:00+00:00,61.482685,63.076
2019-08-14 11:00:00+00:00,60.23515,62.111
2019-08-14 12:00:00+00:00,59.264816,60.848
2019-08-14 13:00:00+00:00,58.227753,59.778
2019-08-14 14:00:00+00:00,57.747746,57.868
2019-08-14 15:00:00+00:00,56.186985,57.843998
2019-08-14 16:00:00+00:00,57.00453,57.899998
2019-08-14 17:00:00+00:00,56.123608,57.136
2019-08-14 18:00:00+00:00,54.33058,55.239
2019-08-14 19:00:00+00:00,52.188942,53.752
2019-08-14 20:00:00+00:00,50.82651,49.967
2019-08-14 21:00:00+00:00,45.589535,46.202
2019-08-14 22:00:00+00:00,43.38354,43.066
2019-08-14 23:00:00+00:00,41.20732,41.219
2019-08-15 00:00:00+00:00,40.319527,40.574
2019-08-15 01:00:00+00:00,40.694744,40.886
2019-08-15 02:00:00+00:00,41.73108,42.017998
2019-08-15 03:00:00+00:00,44.322548,45.113
2019-08-15 04:00:00+00:00,50.87105,50.727997
2019-08-15 05:00:00+00:00,55.255856,55.141
2019-08-15 06:00:00+00:00,57.36572,58.913
2019-08-15 07:00:00+00:00,59.26779,60.670002
2019-08-15 08:00:00+00:00,59.82215,62.271
2019-08-15 09:00:00+00:00,60.612373,64.609
2019-08-15 10:00:00+00:00,62.43627,64.403
2019-08-15 11:00:00+00:00,61.37223,62.881
2019-08-15 12:00:00+00:00,59.712067,62.097
2019-08-15 13:00:00+00:00,59.249573,61.653004
2019-08-15 14:00:00+00:00,59.251614,61.010002
2019-08-15 15:00:00+00:00,58.897232,60.062004
2019-08-15 16:00:00+00:00,57.9323,59.409
2019-08-15 17:00:00+00:00,56.992783,58.671
2019-08-15 18:00:00+00:00,55.63667,56.596
2019-08-15 19:00:00+00:00,53.356136,53.689003
2019-08-15 20:00:00+00:00,50.6585,49.844
2019-08-15 21:00:00+00:00,45.9239,45.691
2019-08-15 22:00:00+00:00,43.053318,43.378998
2019-08-15 23:00:00+00:00,41.7026,41.824
2019-08-16 00:00:00+00:00,40.9035,40.939
2019-08-16 01:00:00+00:00,41.19494,40.917
2019-08-16 02:00:00+00:00,41.76817,41.926003
2019-08-16 03:00:00+00:00,43.93392,44.89
2019-08-16 04:00:00+00:00,50.930023,51.155
2019-08-16 05:00:00+00:00,56.008488,56.441998
2019-08-16 06:00:00+00:00,58.79459,59.398
2019-08-16 07:00:00+00:00,59.52359,60.943
2019-08-16 08:00:00+00:00,60.378727,61.904003
2019-08-16 09:00:00+00:00,60.593975,62.572
2019-08-16 10:00:00+00:00,60.446053,61.923
2019-08-16 11:00:00+00:00,59.346275,60.427002
2019-08-16 12:00:00+00:00,57.695587,58.588997
2019-08-16 13:00:00+00:00,56.282543,56.910004
2019-08-16 14:00:00+00:00,55.494003,56.186
2019-08-16 15:00:00+00:00,55.99462,56.198997
2019-08-16 16:00:00+00:00,55.952347,55.708
2019-08-16 17:00:00+00:00,54.345005,54.705997
2019-08-16 18:00:00+00:00,52.416,52.870003
2019-08-16 19:00:00+00:00,50.198612,51.614002
2019-08-16 20:00:00+00:00,49.17554,48.035
2019-08-16 21:00:00+00:00,43.811043,44.481003
2019-08-16 22:00:00+00:00,41.78317,41.984
2019-08-16 23:00:00+00:00,40.133846,40.413002
2019-08-17 00:00:00+00:00,39.502625,39.507
2019-08-17 01:00:00+00:00,39.45907,38.933
2019-08-17 02:00:00+00:00,38.978367,38.693
2019-08-17 03:00:00+00:00,38.641632,40.002003
2019-08-17 04:00:00+00:00,41.471447,41.181
2019-08-17 05:00:00+00:00,44.18768,44.231
2019-08-17 06:00:00+00:00,47.124783,47.518
2019-08-17 07:00:00+00:00,49.64769,50.089005
2019-08-17 08:00:00+00:00,50.756424,51.816
2019-08-17 09:00:00+00:00,50.99799,53.084003
2019-08-17 10:00:00+00:00,51.48354,52.279
2019-08-17 11:00:00+00:00,49.820053,50.828
2019-08-17 12:00:00+00:00,48.51255,50.635002
2019-08-17 13:00:00+00:00,49.90136,50.191998
2019-08-17 14:00:00+00:00,49.907486,49.549
2019-08-17 15:00:00+00:00,49.20657,49.711998
2019-08-17 16:00:00+00:00,49.411736,48.824997
2019-08-17 17:00:00+00:00,47.891895,48.709
2019-08-17 18:00:00+00:00,47.91606,47.382004
2019-08-17 19:00:00+00:00,46.35287,46.264
2019-08-17 20:00:00+00:00,44.74432,44.165
2019-08-17 21:00:00+00:00,41.23547,41.451
2019-08-17 22:00:00+00:00,39.240448,38.585
2019-08-17 23:00:00+00:00,37.24431,36.394
2019-08-18 00:00:00+00:00,35.732452,35.342
2019-08-18 01:00:00+00:00,35.126266,34.855
2019-08-18 02:00:00+00:00,34.83326,34.73
2019-08-18 03:00:00+00:00,34.67633,35.457
2019-08-18 04:00:00+00:00,36.658802,36.107002
2019-08-18 05:00:00+00:00,38.772083,37.735
2019-08-18 06:00:00+00:00,41.319305,40.869
2019-08-18 07:00:00+00:00,43.77223,43.484
2019-08-18 08:00:00+00:00,45.32992,46.11
2019-08-18 09:00:00+00:00,46.81778,48.298
2019-08-18 10:00:00+00:00,47.776096,48.514
2019-08-18 11:00:00+00:00,46.924038,47.547
2019-08-18 12:00:00+00:00,45.733467,46.536003
2019-08-18 13:00:00+00:00,45.214417,46.166
2019-08-18 14:00:00+00:00,45.86513,45.879
2019-08-18 15:00:00+00:00,46.20109,45.816998
2019-08-18 16:00:00+00:00,46.278526,46.973
2019-08-18 17:00:00+00:00,47.26242,46.197998
2019-08-18 18:00:00+00:00,45.826096,45.879
2019-08-18 19:00:00+00:00,45.74023,46.302
2019-08-18 20:00:00+00:00,45.66134,45.332
2019-08-18 21:00:00+00:00,43.07515,41.658
2019-08-18 22:00:00+00:00,39.256668,39.897
2019-08-18 23:00:00+00:00,38.272194,38.748
2019-08-19 00:00:00+00:00,37.629097,38.399002
2019-08-19 01:00:00+00:00,38.53143,38.898003
2019-08-19 02:00:00+00:00,39.93913,39.688
2019-08-19 03:00:00+00:00,42.23622,43.894
2019-08-19 04:00:00+00:00,51.340305,51.904003
2019-08-19 05:00:00+00:00,57.384766,57.883
2019-08-19 06:00:00+00:00,60.02023,61.896
2019-08-19 07:00:00+00:00,61.901115,63.007
2019-08-19 08:00:00+00:00,62.7276,64.475
2019-08-19 09:00:00+00:00,63.532944,65.708
2019-08-19 10:00:00+00:00,63.82854,65.96
2019-08-19 11:00:00+00:00,63.31774,65.194
2019-08-19 12:00:00+00:00,62.23194,63.549004
2019-08-19 13:00:00+00:00,60.578335,62.359
2019-08-19 14:00:00+00:00,59.735836,60.281002
2019-08-19 15:00:00+00:00,58.243835,59.421
2019-08-19 16:00:00+00:00,58.08932,59.372
2019-08-19 17:00:00+00:00,57.881687,58.544
2019-08-19 18:00:00+00:00,55.855747,56.719
2019-08-19 19:00:00+00:00,53.62068,55.010998
2019-08-19 20:00:00+00:00,52.01129,50.705997
2019-08-19 21:00:00+00:00,46.159485,46.601
2019-08-19 22:00:00+00:00,43.692436,44.455997
2019-08-19 23:00:00+00:00,42.345314,43.092
2019-08-20 00:00:00+00:00,42.052586,42.184
2019-08-20 01:00:00+00:00,42.319977,42.293
2019-08-20 02:00:00+00:00,43.2356,43.453
2019-08-20 03:00:00+00:00,46.17889,46.601
2019-08-20 04:00:00+00:00,52.844807,53.024
2019-08-20 05:00:00+00:00,57.490963,57.675003
2019-08-20 06:00:00+00:00,59.633915,60.654
2019-08-20 07:00:00+00:00,60.68391,62.04
2019-08-20 08:00:00+00:00,61.46747,64.001
2019-08-20 09:00:00+00:00,62.530613,65.055
2019-08-20 10:00:00+00:00,62.703842,64.326004
2019-08-20 11:00:00+00:00,61.47954,63.793003
2019-08-20 12:00:00+00:00,60.884277,62.817997
2019-08-20 13:00:00+00:00,59.998104,61.735
2019-08-20 14:00:00+00:00,59.241745,60.43
2019-08-20 15:00:00+00:00,58.50683,60.14
2019-08-20 16:00:00+00:00,58.627525,59.664
2019-08-20 17:00:00+00:00,57.520897,58.873
2019-08-20 18:00:00+00:00,55.903,57.093
2019-08-20 19:00:00+00:00,53.78983,54.943
2019-08-20 20:00:00+00:00,51.743397,50.702
2019-08-20 21:00:00+00:00,46.423767,46.863003
2019-08-20 22:00:00+00:00,44.059532,44.367
2019-08-20 23:00:00+00:00,42.37289,42.802
2019-08-21 00:00:00+00:00,41.804935,41.868
2019-08-21 01:00:00+00:00,41.886158,42.11
2019-08-21 02:00:00+00:00,42.944706,43.097
2019-08-21 03:00:00+00:00,45.208843,46.349003
2019-08-21 04:00:00+00:00,52.39648,52.844
2019-08-21 05:00:00+00:00,57.285892,58.162003
2019-08-21 06:00:00+00:00,60.03581,60.415997
2019-08-21 07:00:00+00:00,60.132446,61.471004
2019-08-21 08:00:00+00:00,60.912243,62.658
2019-08-21 09:00:00+00:00,61.35032,64.306
2019-08-21 10:00:00+00:00,62.02583,64.258
2019-08-21 11:00:00+00:00,61.45541,63.311
2019-08-21 12:00:00+00:00,60.31729,61.77
2019-08-21 13:00:00+00:00,58.966442,60.41
2019-08-21 14:00:00+00:00,58.04397,59.323997
2019-08-21 15:00:00+00:00,57.752853,58.88
2019-08-21 16:00:00+00:00,57.592247,58.314003
2019-08-21 17:00:00+00:00,56.41872,57.293
2019-08-21 18:00:00+00:00,54.65026,56.091003
2019-08-21 19:00:00+00:00,53.135914,54.626003
2019-08-21 20:00:00+00:00,51.554226,50.009
2019-08-21 21:00:00+00:00,45.658722,46.246002
2019-08-21 22:00:00+00:00,43.582565,43.89
2019-08-21 23:00:00+00:00,41.88926,42.514
2019-08-22 00:00:00+00:00,41.65495,41.482998
2019-08-22 01:00:00+00:00,41.45471,41.673
2019-08-22 02:00:00+00:00,42.403885,42.772
2019-08-22 03:00:00+00:00,44.940273,46.337
2019-08-22 04:00:00+00:00,52.36423,52.77
2019-08-22 05:00:00+00:00,57.089527,57.584003
2019-08-22 06:00:00+00:00,59.346737,60.391
2019-08-22 07:00:00+00:00,60.227234,61.781002
2019-08-22 08:00:00+00:00,61.03494,63.019
2019-08-22 09:00:00+00:00,61.479244,64.418
2019-08-22 10:00:00+00:00,62.080307,63.868
2019-08-22 11:00:00+00:00,61.039894,63.207005
2019-08-22 12:00:00+00:00,60.23626,62.091003
2019-08-22 13:00:00+00:00,59.30757,61.250004
2019-08-22 14:00:00+00:00,58.912216,59.997
2019-08-22 15:00:00+00:00,58.08702,59.611
2019-08-22 16:00:00+00:00,57.987602,59.075
2019-08-22 17:00:00+00:00,56.844852,58.055
2019-08-22 18:00:00+00:00,55.093494,56.642002
2019-08-22 19:00:00+00:00,53.456966,55.101
2019-08-22 20:00:00+00:00,51.867916,50.852997
2019-08-22 21:00:00+00:00,46.47129,47.09
2019-08-22 22:00:00+00:00,44.29656,44.343
2019-08-22 23:00:00+00:00,42.34335,42.961998
2019-08-23 00:00:00+00:00,42.16324,41.785
2019-08-23 01:00:00+00:00,41.73004,41.836
2019-08-23 02:00:00+00:00,42.5961,42.963
2019-08-23 03:00:00+00:00,45.00333,46.105
2019-08-23 04:00:00+00:00,52.14345,52.701
2019-08-23 05:00:00+00:00,57.254047,57.771
2019-08-23 06:00:00+00:00,59.733147,60.584003
2019-08-23 07:00:00+00:00,60.431255,62.156
2019-08-23 08:00:00+00:00,61.502136,63.845997
2019-08-23 09:00:00+00:00,62.34682,64.908
2019-08-23 10:00:00+00:00,62.521206,63.533
2019-08-23 11:00:00+00:00,60.720535,62.412
2019-08-23 12:00:00+00:00,59.563442,60.898003
2019-08-23 13:00:00+00:00,58.264606,59.833
2019-08-23 14:00:00+00:00,57.906284,59.005
2019-08-23 15:00:00+00:00,57.850925,58.626003
2019-08-23 16:00:00+00:00,57.4827,57.892002
2019-08-23 17:00:00+00:00,56.046143,56.492004
2019-08-23 18:00:00+00:00,54.02242,54.913
2019-08-23 19:00:00+00:00,52.23279,52.826
2019-08-23 20:00:00+00:00,49.934895,48.791
2019-08-23 21:00:00+00:00,44.732967,45.721
2019-08-23 22:00:00+00:00,42.96805,43.108
2019-08-23 23:00:00+00:00,41.080303,40.908
2019-08-24 00:00:00+00:00,39.816933,39.416
2019-08-24 01:00:00+00:00,39.06052,38.943
2019-08-24 02:00:00+00:00,38.93861,38.774002
2019-08-24 03:00:00+00:00,38.506145,39.489
2019-08-24 04:00:00+00:00,40.28555,40.956
2019-08-24 05:00:00+00:00,43.85081,44.149998
2019-08-24 06:00:00+00:00,47.19346,48.016
2019-08-24 07:00:00+00:00,50.479755,50.766003
2019-08-24 08:00:00+00:00,51.49801,52.204998
2019-08-24 09:00:00+00:00,51.225494,53.421
2019-08-24 10:00:00+00:00,51.727566,53.195004
2019-08-24 11:00:00+00:00,50.73399,51.755
2019-08-24 12:00:00+00:00,49.25174,50.161
2019-08-24 13:00:00+00:00,48.426727,49.473
2019-08-24 14:00:00+00:00,49.06586,48.867
2019-08-24 15:00:00+00:00,48.82129,49.140003
2019-08-24 16:00:00+00:00,49.23997,49.399998
2019-08-24 17:00:00+00:00,48.868668,49.383
2019-08-24 18:00:00+00:00,48.273518,47.961
2019-08-24 19:00:00+00:00,46.592175,47.023003
2019-08-24 20:00:00+00:00,45.713963,44.585
2019-08-24 21:00:00+00:00,41.58558,41.328
2019-08-24 22:00:00+00:00,39.11733,38.741
2019-08-24 23:00:00+00:00,37.329514,37.017998
2019-08-25 00:00:00+00:00,36.121956,35.958
2019-08-25 01:00:00+00:00,35.697567,35.598
2019-08-25 02:00:00+00:00,35.712227,35.362
2019-08-25 03:00:00+00:00,35.261097,35.48
2019-08-25 04:00:00+00:00,36.386875,36.005
2019-08-25 05:00:00+00:00,38.31418,38.246
2019-08-25 06:00:00+00:00,41.7681,41.307
2019-08-25 07:00:00+00:00,44.2724,43.968998
2019-08-25 08:00:00+00:00,45.93054,46.088
2019-08-25 09:00:00+00:00,46.73417,47.899002
2019-08-25 10:00:00+00:00,47.340923,48.239
2019-08-25 11:00:00+00:00,46.761852,46.982
2019-08-25 12:00:00+00:00,45.438316,45.954002
2019-08-25 13:00:00+00:00,44.880108,45.36
2019-08-25 14:00:00+00:00,45.235092,44.920002
2019-08-25 15:00:00+00:00,45.49247,46.038
2019-08-25 16:00:00+00:00,46.92523,47.472
2019-08-25 17:00:00+00:00,47.666626,47.628998
2019-08-25 18:00:00+00:00,46.99553,47.982002
2019-08-25 19:00:00+00:00,47.172424,47.578
2019-08-25 20:00:00+00:00,46.483006,46.164997
2019-08-25 21:00:00+00:00,43.70573,43.699
2019-08-25 22:00:00+00:00,40.964092,41.656002
2019-08-25 23:00:00+00:00,39.779633,40.305
2019-08-26 00:00:00+00:00,39.431408,39.669003
2019-08-26 01:00:00+00:00,39.900253,39.249
2019-08-26 02:00:00+00:00,40.059643,40.716
2019-08-26 03:00:00+00:00,43.440178,45.169
2019-08-26 04:00:00+00:00,53.00433,52.969
2019-08-26 05:00:00+00:00,58.496407,58.557
2019-08-26 06:00:00+00:00,60.71967,62.296997
2019-08-26 07:00:00+00:00,62.468513,63.864002
2019-08-26 08:00:00+00:00,63.71068,65.63
2019-08-26 09:00:00+00:00,64.60304,67.262
2019-08-26 10:00:00+00:00,65.24205,66.965004
2019-08-26 11:00:00+00:00,64.26862,66.881996
2019-08-26 12:00:00+00:00,63.881878,65.740005
2019-08-26 13:00:00+00:00,62.72672,64.765
2019-08-26 14:00:00+00:00,61.89511,63.521
2019-08-26 15:00:00+00:00,61.19701,63.267002
2019-08-26 16:00:00+00:00,61.476715,62.185997
2019-08-26 17:00:00+00:00,59.83744,60.655003
2019-08-26 18:00:00+00:00,57.751686,60.024002
2019-08-26 19:00:00+00:00,56.635983,57.739998
2019-08-26 20:00:00+00:00,53.956276,53.571003
2019-08-26 21:00:00+00:00,48.907608,49.942
2019-08-26 22:00:00+00:00,46.550545,47.206
2019-08-26 23:00:00+00:00,44.771477,45.001
2019-08-27 00:00:00+00:00,43.51261,44.261
2019-08-27 01:00:00+00:00,44.376884,44.322998
2019-08-27 02:00:00+00:00,45.355507,45.091
2019-08-27 03:00:00+00:00,47.070244,49.146
2019-08-27 04:00:00+00:00,56.03367,55.851997
2019-08-27 05:00:00+00:00,60.294163,60.699
2019-08-27 06:00:00+00:00,62.37387,63.978
2019-08-27 07:00:00+00:00,63.85116,65.229996
2019-08-27 08:00:00+00:00,64.61614,66.976
2019-08-27 09:00:00+00:00,65.48425,68.583
2019-08-27 10:00:00+00:00,66.18536,68.034004
2019-08-27 11:00:00+00:00,65.03218,67.51
2019-08-27 12:00:00+00:00,64.378845,66.354
2019-08-27 13:00:00+00:00,63.39926,65.989
2019-08-27 14:00:00+00:00,63.352272,64.92
2019-08-27 15:00:00+00:00,62.78262,64.546
2019-08-27 16:00:00+00:00,62.698555,63.704002
2019-08-27 17:00:00+00:00,61.320457,62.577
2019-08-27 18:00:00+00:00,59.38305,61.59
2019-08-27 19:00:00+00:00,57.801205,59.161
2019-08-27 20:00:00+00:00,55.2218,54.689
2019-08-27 21:00:00+00:00,49.852947,50.468998
2019-08-27 22:00:00+00:00,47.177246,47.579998
2019-08-27 23:00:00+00:00,45.312466,45.810997
2019-08-28 00:00:00+00:00,44.408897,44.453
2019-08-28 01:00:00+00:00,44.103104,44.36
2019-08-28 02:00:00+00:00,45.07407,45.769
2019-08-28 03:00:00+00:00,47.92888,49.765003
2019-08-28 04:00:00+00:00,56.424778,56.535
2019-08-28 05:00:00+00:00,60.79914,61.497
2019-08-28 06:00:00+00:00,62.938145,64.291
2019-08-28 07:00:00+00:00,63.923885,65.296
2019-08-28 08:00:00+00:00,64.65693,67.02
2019-08-28 09:00:00+00:00,65.54184,68.367
2019-08-28 10:00:00+00:00,65.92139,68.423004
2019-08-28 11:00:00+00:00,65.38374,67.802
2019-08-28 12:00:00+00:00,64.62704,67.496
2019-08-28 13:00:00+00:00,64.411896,66.104004
2019-08-28 14:00:00+00:00,63.28753,64.329
2019-08-28 15:00:00+00:00,61.952778,63.454998
2019-08-28 16:00:00+00:00,61.824917,62.743
2019-08-28 17:00:00+00:00,60.818485,61.779003
2019-08-28 18:00:00+00:00,58.932358,60.769997
2019-08-28 19:00:00+00:00,57.231037,58.477
2019-08-28 20:00:00+00:00,54.724365,54.149002
2019-08-28 21:00:00+00:00,49.360687,49.896
2019-08-28 22:00:00+00:00,46.694424,47.837
2019-08-28 23:00:00+00:00,45.58412,46.557
2019-08-29 00:00:00+00:00,45.24718,44.998
2019-08-29 01:00:00+00:00,44.627876,44.984
2019-08-29 02:00:00+00:00,45.75027,45.978
2019-08-29 03:00:00+00:00,47.7832,49.42
2019-08-29 04:00:00+00:00,55.47014,56.331
2019-08-29 05:00:00+00:00,60.51348,60.977
2019-08-29 06:00:00+00:00,62.37339,63.715
2019-08-29 07:00:00+00:00,63.293686,64.569
2019-08-29 08:00:00+00:00,63.958195,66.573
2019-08-29 09:00:00+00:00,65.05362,67.548996
2019-08-29 10:00:00+00:00,65.105255,67.090004
2019-08-29 11:00:00+00:00,64.14394,66.36
2019-08-29 12:00:00+00:00,63.391483,64.918
2019-08-29 13:00:00+00:00,62.05915,64.047
2019-08-29 14:00:00+00:00,61.606884,63.111004
2019-08-29 15:00:00+00:00,61.402958,62.757004
2019-08-29 16:00:00+00:00,61.27209,61.727
2019-08-29 17:00:00+00:00,59.522476,60.684
2019-08-29 18:00:00+00:00,57.777065,60.274002
2019-08-29 19:00:00+00:00,56.848152,57.717003
2019-08-29 20:00:00+00:00,53.908306,53.436
2019-08-29 21:00:00+00:00,48.836864,49.306
2019-08-29 22:00:00+00:00,46.208668,46.675
2019-08-29 23:00:00+00:00,44.526665,45.111
2019-08-30 00:00:00+00:00,43.871017,44.025
2019-08-30 01:00:00+00:00,43.76248,43.701
2019-08-30 02:00:00+00:00,44.028458,44.377
2019-08-30 03:00:00+00:00,45.367496,48.253002
2019-08-30 04:00:00+00:00,54.345036,55.268
2019-08-30 05:00:00+00:00,59.478523,60.052
2019-08-30 06:00:00+00:00,61.443905,63.197
2019-08-30 07:00:00+00:00,62.76221,64.076004
2019-08-30 08:00:00+00:00,63.269585,65.402
2019-08-30 09:00:00+00:00,63.83657,66.391
2019-08-30 10:00:00+00:00,64.062965,65.420006
2019-08-30 11:00:00+00:00,62.54119,64.209
2019-08-30 12:00:00+00:00,61.23421,63.449997
2019-08-30 13:00:00+00:00,60.720005,62.566
2019-08-30 14:00:00+00:00,60.326504,61.704
2019-08-30 15:00:00+00:00,60.02496,61.208004
2019-08-30 16:00:00+00:00,59.68808,60.097
2019-08-30 17:00:00+00:00,57.861427,58.870003
2019-08-30 18:00:00+00:00,56.075413,57.737
2019-08-30 19:00:00+00:00,54.570667,55.025997
2019-08-30 20:00:00+00:00,51.56859,50.82
2019-08-30 21:00:00+00:00,46.693222,47.378998
2019-08-30 22:00:00+00:00,44.464977,44.257
2019-08-30 23:00:00+00:00,42.20163,41.836
2019-08-31 00:00:00+00:00,40.6392,40.093002
2019-08-31 01:00:00+00:00,39.61098,39.558002
2019-08-31 02:00:00+00:00,39.518284,39.415
2019-08-31 03:00:00+00:00,39.207623,40.201
2019-08-31 04:00:00+00:00,40.679546,41.924
2019-08-31 05:00:00+00:00,44.885624,44.872
2019-08-31 06:00:00+00:00,47.911156,48.779003
2019-08-31 07:00:00+00:00,51.180935,51.877003
2019-08-31 08:00:00+00:00,52.609367,53.362003
2019-08-31 09:00:00+00:00,52.367496,54.232
2019-08-31 10:00:00+00:00,52.44803,54.092
2019-08-31 11:00:00+00:00,51.63637,53.134
2019-08-31 12:00:00+00:00,50.686623,52.676003
2019-08-31 13:00:00+00:00,51.388905,51.782
2019-08-31 14:00:00+00:00,50.817547,50.921997
2019-08-31 15:00:00+00:00,50.245518,50.927
2019-08-31 16:00:00+00:00,50.609276,51.377
2019-08-31 17:00:00+00:00,50.6151,50.385998
2019-08-31 18:00:00+00:00,48.777493,49.35
2019-08-31 19:00:00+00:00,47.873665,47.321
2019-08-31 20:00:00+00:00,45.780712,45.685
2019-08-31 21:00:00+00:00,43.0871,43.614
2019-08-31 22:00:00+00:00,40.84487,41.196
2019-08-31 23:00:00+00:00,39.224102,39.2
2019-09-01 00:00:00+00:00,38.007786,37.436
2019-09-01 01:00:00+00:00,36.941612,36.658
2019-09-01 02:00:00+00:00,36.562916,36.868
2019-09-01 03:00:00+00:00,36.846294,37.064
2019-09-01 04:00:00+00:00,37.53285,37.643
2019-09-01 05:00:00+00:00,39.79224,38.699
2019-09-01 06:00:00+00:00,41.9214,41.888
2019-09-01 07:00:00+00:00,44.780552,44.414
2019-09-01 08:00:00+00:00,46.345387,46.681004
2019-09-01 09:00:00+00:00,47.54968,48.838
2019-09-01 10:00:00+00:00,48.568325,48.634003
2019-09-01 11:00:00+00:00,47.106445,47.905
2019-09-01 12:00:00+00:00,46.162487,47.161003
2019-09-01 13:00:00+00:00,45.77637,45.108997
2019-09-01 14:00:00+00:00,44.588943,44.988
2019-09-01 15:00:00+00:00,45.744045,45.375
2019-09-01 16:00:00+00:00,46.320824,46.768997
2019-09-01 17:00:00+00:00,47.47008,46.371
2019-09-01 18:00:00+00:00,46.1247,47.794
2019-09-01 19:00:00+00:00,47.481445,46.097
2019-09-01 20:00:00+00:00,45.052765,44.598
2019-09-01 21:00:00+00:00,42.788857,42.072998
2019-09-01 22:00:00+00:00,39.508247,39.544
2019-09-01 23:00:00+00:00,37.882008,38.151
2019-09-02 00:00:00+00:00,36.94795,37.593
2019-09-02 01:00:00+00:00,37.338707,37.799
2019-09-02 02:00:00+00:00,38.34091,39.723
2019-09-02 03:00:00+00:00,42.826412,43.495003
2019-09-02 04:00:00+00:00,50.822697,51.671997
2019-09-02 05:00:00+00:00,57.191612,57.186
2019-09-02 06:00:00+00:00,59.37983,59.940002
2019-09-02 07:00:00+00:00,60.09244,60.459
2019-09-02 08:00:00+00:00,60.70196,62.077
2019-09-02 09:00:00+00:00,61.45819,64.322
2019-09-02 10:00:00+00:00,62.504616,64.466
2019-09-02 11:00:00+00:00,61.888943,63.618004
2019-09-02 12:00:00+00:00,60.766304,62.502003
2019-09-02 13:00:00+00:00,59.746128,61.294003
2019-09-02 14:00:00+00:00,58.78911,60.117
2019-09-02 15:00:00+00:00,58.163948,59.463
2019-09-02 16:00:00+00:00,57.865242,59.234
2019-09-02 17:00:00+00:00,57.213703,59.138
2019-09-02 18:00:00+00:00,56.174538,58.662
2019-09-02 19:00:00+00:00,54.948425,55.607002
2019-09-02 20:00:00+00:00,51.709736,51.237
2019-09-02 21:00:00+00:00,47.057606,46.851
2019-09-02 22:00:00+00:00,44.00444,43.537
2019-09-02 23:00:00+00:00,41.86497,42.342
2019-09-03 00:00:00+00:00,41.613422,42.023
2019-09-03 01:00:00+00:00,42.561817,42.031002
2019-09-03 02:00:00+00:00,43.223335,43.085
2019-09-03 03:00:00+00:00,45.725353,46.608997
2019-09-03 04:00:00+00:00,53.25881,54.529
2019-09-03 05:00:00+00:00,59.052116,59.834003
2019-09-03 06:00:00+00:00,61.363533,62.075
2019-09-03 07:00:00+00:00,61.63194,62.257
2019-09-03 08:00:00+00:00,62.008118,63.427002
2019-09-03 09:00:00+00:00,62.34419,64.941
2019-09-03 10:00:00+00:00,62.764416,64.71
2019-09-03 11:00:00+00:00,61.918026,64.437996
2019-09-03 12:00:00+00:00,61.457317,63.404003
2019-09-03 13:00:00+00:00,60.542778,62.302
2019-09-03 14:00:00+00:00,59.76015,60.636
2019-09-03 15:00:00+00:00,58.585983,60.593
2019-09-03 16:00:00+00:00,59.16647,59.991
2019-09-03 17:00:00+00:00,57.761288,59.284
2019-09-03 18:00:00+00:00,56.20202,58.784
2019-09-03 19:00:00+00:00,55.186752,55.669003
2019-09-03 20:00:00+00:00,51.779766,51.268
2019-09-03 21:00:00+00:00,47.112366,46.965
2019-09-03 22:00:00+00:00,44.076134,43.779
2019-09-03 23:00:00+00:00,42.020878,42.58
2019-09-04 00:00:00+00:00,41.743393,41.738003
2019-09-04 01:00:00+00:00,41.82411,42.051
2019-09-04 02:00:00+00:00,43.063297,43.254997
2019-09-04 03:00:00+00:00,45.792046,47.156998
2019-09-04 04:00:00+00:00,53.58158,54.712
2019-09-04 05:00:00+00:00,58.95002,59.286
2019-09-04 06:00:00+00:00,60.598164,62.045998
2019-09-04 07:00:00+00:00,61.64491,62.952
2019-09-04 08:00:00+00:00,62.367573,64.334
2019-09-04 09:00:00+00:00,62.817,65.541
2019-09-04 10:00:00+00:00,63.179657,65.141
2019-09-04 11:00:00+00:00,62.23955,63.913002
2019-09-04 12:00:00+00:00,60.83558,62.595
2019-09-04 13:00:00+00:00,59.732372,61.991
2019-09-04 14:00:00+00:00,59.769478,60.869003
2019-09-04 15:00:00+00:00,59.057564,60.891003
2019-09-04 16:00:00+00:00,59.315144,60.989002
2019-09-04 17:00:00+00:00,58.539845,61.118
2019-09-04 18:00:00+00:00,57.42111,59.994
2019-09-04 19:00:00+00:00,55.527733,56.482002
2019-09-04 20:00:00+00:00,52.311447,51.285
2019-09-04 21:00:00+00:00,47.126625,47.44
2019-09-04 22:00:00+00:00,44.736927,45.452
2019-09-04 23:00:00+00:00,43.49804,43.544
2019-09-05 00:00:00+00:00,42.51944,42.452
2019-09-05 01:00:00+00:00,42.628685,42.678
2019-09-05 02:00:00+00:00,43.687992,44.004
2019-09-05 03:00:00+00:00,46.598557,47.498
2019-09-05 04:00:00+00:00,53.963684,55.043
2019-09-05 05:00:00+00:00,59.4551,60.487
2019-09-05 06:00:00+00:00,61.937954,63.605
2019-09-05 07:00:00+00:00,62.947334,63.715
2019-09-05 08:00:00+00:00,63.074986,64.445
2019-09-05 09:00:00+00:00,63.23003,66.709
2019-09-05 10:00:00+00:00,64.50676,66.817
2019-09-05 11:00:00+00:00,63.830563,65.989
2019-09-05 12:00:00+00:00,62.718903,64.541
2019-09-05 13:00:00+00:00,61.54885,63.461998
2019-09-05 14:00:00+00:00,60.80672,62.397
2019-09-05 15:00:00+00:00,60.413376,62.034004
2019-09-05 16:00:00+00:00,60.4115,62.397
2019-09-05 17:00:00+00:00,60.16433,61.652
2019-09-05 18:00:00+00:00,57.973938,60.727997
2019-09-05 19:00:00+00:00,56.546085,57.181
2019-09-05 20:00:00+00:00,53.138664,52.082996
2019-09-05 21:00:00+00:00,47.86649,47.607
2019-09-05 22:00:00+00:00,44.804764,44.7
2019-09-05 23:00:00+00:00,42.898544,43.601
2019-09-06 00:00:00+00:00,42.764427,42.294
2019-09-06 01:00:00+00:00,42.20968,42.329
2019-09-06 02:00:00+00:00,43.218987,43.593998
2019-09-06 03:00:00+00:00,45.759033,47.115
2019-09-06 04:00:00+00:00,53.597904,54.580997
2019-09-06 05:00:00+00:00,59.061157,60.134003
2019-09-06 06:00:00+00:00,61.6684,63.161003
2019-09-06 07:00:00+00:00,62.54677,63.689003
2019-09-06 08:00:00+00:00,63.03357,64.459
2019-09-06 09:00:00+00:00,63.17919,64.753
2019-09-06 10:00:00+00:00,62.592396,64.248
2019-09-06 11:00:00+00:00,61.5125,62.658
2019-09-06 12:00:00+00:00,59.744186,60.934
2019-09-06 13:00:00+00:00,58.27868,59.940002
2019-09-06 14:00:00+00:00,58.293243,58.907
2019-09-06 15:00:00+00:00,57.873436,59.127
2019-09-06 16:00:00+00:00,58.34217,59.104
2019-09-06 17:00:00+00:00,57.19378,58.681
2019-09-06 18:00:00+00:00,55.518356,57.669
2019-09-06 19:00:00+00:00,53.93932,53.673996
2019-09-06 20:00:00+00:00,49.894196,49.8
2019-09-06 21:00:00+00:00,45.872795,46.138
2019-09-06 22:00:00+00:00,43.16963,42.685
2019-09-06 23:00:00+00:00,40.987244,41.104
2019-09-07 00:00:00+00:00,40.219326,40.067
2019-09-07 01:00:00+00:00,39.95477,39.783
2019-09-07 02:00:00+00:00,40.16204,39.718002
2019-09-07 03:00:00+00:00,39.836315,39.99
2019-09-07 04:00:00+00:00,40.746468,41.687
2019-09-07 05:00:00+00:00,44.607693,44.975
2019-09-07 06:00:00+00:00,47.937485,48.201
2019-09-07 07:00:00+00:00,50.388527,50.668
2019-09-07 08:00:00+00:00,51.29794,52.231003
2019-09-07 09:00:00+00:00,51.298824,53.288002
2019-09-07 10:00:00+00:00,51.52242,52.942997
2019-09-07 11:00:00+00:00,50.482517,50.866
2019-09-07 12:00:00+00:00,48.306305,48.819996
2019-09-07 13:00:00+00:00,47.174988,47.948
2019-09-07 14:00:00+00:00,47.86155,47.855
2019-09-07 15:00:00+00:00,48.608418,49.188
2019-09-07 16:00:00+00:00,50.027576,49.920998
2019-09-07 17:00:00+00:00,49.319313,50.046
2019-09-07 18:00:00+00:00,48.61236,49.694
2019-09-07 19:00:00+00:00,48.018032,46.746
2019-09-07 20:00:00+00:00,44.557693,44.267998
2019-09-07 21:00:00+00:00,41.523396,41.188
2019-09-07 22:00:00+00:00,39.026608,38.575
2019-09-07 23:00:00+00:00,37.352642,36.942997
2019-09-08 00:00:00+00:00,36.152733,35.941998
2019-09-08 01:00:00+00:00,35.778904,35.575
2019-09-08 02:00:00+00:00,35.674828,35.532
2019-09-08 03:00:00+00:00,35.482185,35.548
2019-09-08 04:00:00+00:00,36.546413,36.777
2019-09-08 05:00:00+00:00,39.361183,38.222
2019-09-08 06:00:00+00:00,41.673195,41.652
2019-09-08 07:00:00+00:00,44.562744,44.774
2019-09-08 08:00:00+00:00,46.63373,47.085
2019-09-08 09:00:00+00:00,47.61663,49.295002
2019-09-08 10:00:00+00:00,48.650677,48.767002
2019-09-08 11:00:00+00:00,46.93399,46.947002
2019-09-08 12:00:00+00:00,45.299175,45.810997
2019-09-08 13:00:00+00:00,44.823864,45.574
2019-09-08 14:00:00+00:00,45.7392,45.424
2019-09-08 15:00:00+00:00,46.180298,46.528
2019-09-08 16:00:00+00:00,47.32835,47.877
2019-09-08 17:00:00+00:00,47.88301,48.071
2019-09-08 18:00:00+00:00,47.254543,48.496002
2019-09-08 19:00:00+00:00,47.509945,46.525997
2019-09-08 20:00:00+00:00,45.026897,44.963997
2019-09-08 21:00:00+00:00,42.646923,42.327
2019-09-08 22:00:00+00:00,39.81692,39.794
2019-09-08 23:00:00+00:00,38.226883,38.406998
2019-09-09 00:00:00+00:00,37.5082,37.619
2019-09-09 01:00:00+00:00,37.64411,37.885002
2019-09-09 02:00:00+00:00,38.712746,39.35
2019-09-09 03:00:00+00:00,42.00874,44.326
2019-09-09 04:00:00+00:00,52.270676,53.749
2019-09-09 05:00:00+00:00,58.86972,59.329
2019-09-09 06:00:00+00:00,60.776917,62.291
2019-09-09 07:00:00+00:00,61.985382,63.572002
2019-09-09 08:00:00+00:00,63.601,65.214005
2019-09-09 09:00:00+00:00,64.14989,66.302
2019-09-09 10:00:00+00:00,64.18956,65.326
2019-09-09 11:00:00+00:00,62.680004,64.858
2019-09-09 12:00:00+00:00,61.913082,63.766003
2019-09-09 13:00:00+00:00,60.85036,62.414
2019-09-09 14:00:00+00:00,59.778408,60.49
2019-09-09 15:00:00+00:00,58.436275,60.370003
2019-09-09 16:00:00+00:00,59.092,60.32
2019-09-09 17:00:00+00:00,58.35208,60.323
2019-09-09 18:00:00+00:00,57.070194,59.665997
2019-09-09 19:00:00+00:00,55.419037,55.566998
2019-09-09 20:00:00+00:00,51.56434,51.64
2019-09-09 21:00:00+00:00,47.444435,47.521
2019-09-09 22:00:00+00:00,44.266987,44.132
2019-09-09 23:00:00+00:00,42.288513,42.402
2019-09-10 00:00:00+00:00,41.359497,41.511
2019-09-10 01:00:00+00:00,41.710796,42.017002
2019-09-10 02:00:00+00:00,43.377983,43.415
2019-09-10 03:00:00+00:00,46.62662,47.464
2019-09-10 04:00:00+00:00,54.49116,55.95
2019-09-10 05:00:00+00:00,60.269794,60.771
2019-09-10 06:00:00+00:00,61.912647,63.235
2019-09-10 07:00:00+00:00,62.761375,63.25
2019-09-10 08:00:00+00:00,63.056202,63.998
2019-09-10 09:00:00+00:00,62.86029,65.705
2019-09-10 10:00:00+00:00,63.568897,65.725006
2019-09-10 11:00:00+00:00,62.900955,64.906006
2019-09-10 12:00:00+00:00,61.784603,63.382004
2019-09-10 13:00:00+00:00,60.48718,61.554
2019-09-10 14:00:00+00:00,59.09955,60.118
2019-09-10 15:00:00+00:00,58.469063,60.412003
2019-09-10 16:00:00+00:00,59.464752,60.614002
2019-09-10 17:00:00+00:00,58.585808,60.653
2019-09-10 18:00:00+00:00,57.17728,60.522003
2019-09-10 19:00:00+00:00,56.132282,56.667
2019-09-10 20:00:00+00:00,52.226536,52.254
2019-09-10 21:00:00+00:00,47.858738,47.375
2019-09-10 22:00:00+00:00,44.320507,44.132
2019-09-10 23:00:00+00:00,42.47414,42.864998
2019-09-11 00:00:00+00:00,41.912914,42.863003
2019-09-11 01:00:00+00:00,43.479603,42.975002
2019-09-11 02:00:00+00:00,44.114773,44.119
2019-09-11 03:00:00+00:00,47.022896,48.058002
2019-09-11 04:00:00+00:00,54.47582,57.315
2019-09-11 05:00:00+00:00,61.170982,61.907
2019-09-11 06:00:00+00:00,62.46038,64.302
2019-09-11 07:00:00+00:00,63.369488,63.781998
2019-09-11 08:00:00+00:00,63.493744,64.726
2019-09-11 09:00:00+00:00,63.45731,64.771
2019-09-11 10:00:00+00:00,62.57283,65.032005
2019-09-11 11:00:00+00:00,62.284737,64.803
2019-09-11 12:00:00+00:00,61.92684,63.649
2019-09-11 13:00:00+00:00,60.85164,63.031998
2019-09-11 14:00:00+00:00,60.855904,61.332
2019-09-11 15:00:00+00:00,59.374245,61.535004
2019-09-11 16:00:00+00:00,60.01732,62.574
2019-09-11 17:00:00+00:00,60.05159,62.426003
2019-09-11 18:00:00+00:00,58.079506,61.189003
2019-09-11 19:00:00+00:00,56.37673,56.851
2019-09-11 20:00:00+00:00,52.27002,52.59
2019-09-11 21:00:00+00:00,48.31303,48.341003
2019-09-11 22:00:00+00:00,45.393444,46.237
2019-09-11 23:00:00+00:00,44.468655,44.505
2019-09-12 00:00:00+00:00,43.510597,43.829
2019-09-12 01:00:00+00:00,44.24096,43.399002
2019-09-12 02:00:00+00:00,44.044216,44.322998
2019-09-12 03:00:00+00:00,45.940212,48.905
2019-09-12 04:00:00+00:00,55.517883,57.233997
2019-09-12 05:00:00+00:00,61.239803,62.054
2019-09-12 06:00:00+00:00,62.810677,64.604004
2019-09-12 07:00:00+00:00,63.824837,64.874
2019-09-12 08:00:00+00:00,64.33701,66.090996
2019-09-12 09:00:00+00:00,64.645195,67.288
2019-09-12 10:00:00+00:00,64.93593,66.565
2019-09-12 11:00:00+00:00,63.640957,66.077
2019-09-12 12:00:00+00:00,63.00631,65.103004
2019-09-12 13:00:00+00:00,62.261383,64.173
2019-09-12 14:00:00+00:00,61.70332,62.31
2019-09-12 15:00:00+00:00,60.27878,61.521
2019-09-12 16:00:00+00:00,60.07858,61.531998
2019-09-12 17:00:00+00:00,59.68485,61.873
2019-09-12 18:00:00+00:00,58.64131,61.799
2019-09-12 19:00:00+00:00,57.37149,58.015
2019-09-12 20:00:00+00:00,53.528927,53.925003
2019-09-12 21:00:00+00:00,49.22465,50.314
2019-09-12 22:00:00+00:00,46.83684,46.558002
2019-09-12 23:00:00+00:00,44.33166,45.155
2019-09-13 00:00:00+00:00,44.230026,44.979
2019-09-13 01:00:00+00:00,45.32651,45.748
2019-09-13 02:00:00+00:00,47.1822,46.136
2019-09-13 03:00:00+00:00,48.499165,49.482002
2019-09-13 04:00:00+00:00,55.453182,58.034
2019-09-13 05:00:00+00:00,61.935276,62.762005
2019-09-13 06:00:00+00:00,63.42193,65.157005
2019-09-13 07:00:00+00:00,64.199646,66.068
2019-09-13 08:00:00+00:00,65.49117,66.622
2019-09-13 09:00:00+00:00,65.06579,68.212
2019-09-13 10:00:00+00:00,65.7822,67.03
2019-09-13 11:00:00+00:00,64.22485,65.427
2019-09-13 12:00:00+00:00,62.355022,63.582996
2019-09-13 13:00:00+00:00,60.960587,62.190998
2019-09-13 14:00:00+00:00,60.23967,60.856
2019-09-13 15:00:00+00:00,59.834515,60.551
2019-09-13 16:00:00+00:00,59.998013,60.01
2019-09-13 17:00:00+00:00,58.47054,59.893
2019-09-13 18:00:00+00:00,57.187893,58.933
2019-09-13 19:00:00+00:00,55.288597,53.89
2019-09-13 20:00:00+00:00,49.742203,50.091
2019-09-13 21:00:00+00:00,46.60213,46.293003
2019-09-13 22:00:00+00:00,43.38479,43.434
2019-09-13 23:00:00+00:00,41.797325,41.234
2019-09-14 00:00:00+00:00,40.084415,40.07
2019-09-14 01:00:00+00:00,39.67019,39.788998
2019-09-14 02:00:00+00:00,39.648163,39.764
2019-09-14 03:00:00+00:00,39.380135,40.589
2019-09-14 04:00:00+00:00,41.696175,43.188
2019-09-14 05:00:00+00:00,46.391945,46.23
2019-09-14 06:00:00+00:00,48.911896,49.702
2019-09-14 07:00:00+00:00,51.42394,51.580997
2019-09-14 08:00:00+00:00,51.443413,53.14
2019-09-14 09:00:00+00:00,51.861717,54.531
2019-09-14 10:00:00+00:00,52.84357,53.195004
2019-09-14 11:00:00+00:00,50.455368,51.084
2019-09-14 12:00:00+00:00,48.52123,49.12
2019-09-14 13:00:00+00:00,47.600037,48.398003
2019-09-14 14:00:00+00:00,48.493923,48.462
2019-09-14 15:00:00+00:00,49.192215,49.694
2019-09-14 16:00:00+00:00,50.137997,50.003002
2019-09-14 17:00:00+00:00,49.056213,49.962
2019-09-14 18:00:00+00:00,48.423332,50.100998
2019-09-14 19:00:00+00:00,48.401276,47.240997
2019-09-14 20:00:00+00:00,44.54881,44.87
2019-09-14 21:00:00+00:00,41.880894,41.793
2019-09-14 22:00:00+00:00,39.473507,38.968998
2019-09-14 23:00:00+00:00,37.713264,37.239
2019-09-15 00:00:00+00:00,36.53824,36.685
2019-09-15 01:00:00+00:00,36.73278,36.281
2019-09-15 02:00:00+00:00,36.44163,36.111
2019-09-15 03:00:00+00:00,36.164696,36.781002
2019-09-15 04:00:00+00:00,38.031853,37.502
2019-09-15 05:00:00+00:00,40.263092,39.366
2019-09-15 06:00:00+00:00,42.78637,42.856
2019-09-15 07:00:00+00:00,45.488274,45.253998
2019-09-15 08:00:00+00:00,46.774715,47.034
2019-09-15 09:00:00+00:00,47.311222,48.515
2019-09-15 10:00:00+00:00,47.703682,48.229
2019-09-15 11:00:00+00:00,46.579727,46.645
2019-09-15 12:00:00+00:00,45.19574,45.099
2019-09-15 13:00:00+00:00,44.369736,44.175
2019-09-15 14:00:00+00:00,44.514442,44.853
2019-09-15 15:00:00+00:00,46.14682,46.508
2019-09-15 16:00:00+00:00,47.536446,48.67
2019-09-15 17:00:00+00:00,48.67487,49.386
2019-09-15 18:00:00+00:00,48.22613,49.952
2019-09-15 19:00:00+00:00,48.544655,47.549004
2019-09-15 20:00:00+00:00,45.44573,45.574997
2019-09-15 21:00:00+00:00,42.857857,42.344997
2019-09-15 22:00:00+00:00,40.068367,39.895
2019-09-15 23:00:00+00:00,38.626114,38.587
2019-09-16 00:00:00+00:00,37.919327,38.16
2019-09-16 01:00:00+00:00,38.516018,38.229
2019-09-16 02:00:00+00:00,39.119766,40.111
2019-09-16 03:00:00+00:00,43.37173,44.75
2019-09-16 04:00:00+00:00,52.33947,54.509
2019-09-16 05:00:00+00:00,59.228497,60.166
2019-09-16 06:00:00+00:00,61.30007,62.615
2019-09-16 07:00:00+00:00,62.00567,62.890003
2019-09-16 08:00:00+00:00,62.99367,63.975998
2019-09-16 09:00:00+00:00,63.09669,65.262
2019-09-16 10:00:00+00:00,63.245403,65.286995
2019-09-16 11:00:00+00:00,62.632366,64.721
2019-09-16 12:00:00+00:00,61.741734,63.884003
2019-09-16 13:00:00+00:00,60.97265,63.137
2019-09-16 14:00:00+00:00,60.61403,61.974
2019-09-16 15:00:00+00:00,59.802746,61.607998
2019-09-16 16:00:00+00:00,59.678463,61.519997
2019-09-16 17:00:00+00:00,58.917057,62.011
2019-09-16 18:00:00+00:00,58.211422,60.404003
2019-09-16 19:00:00+00:00,55.672115,56.391003
2019-09-16 20:00:00+00:00,52.199238,51.883
2019-09-16 21:00:00+00:00,47.65441,47.902996
2019-09-16 22:00:00+00:00,45.02192,45.718002
2019-09-16 23:00:00+00:00,43.85605,43.98
2019-09-17 00:00:00+00:00,43.08233,42.791
2019-09-17 01:00:00+00:00,43.08058,42.926
2019-09-17 02:00:00+00:00,44.1268,43.876
2019-09-17 03:00:00+00:00,45.98988,47.768
2019-09-17 04:00:00+00:00,54.629425,56.924
2019-09-17 05:00:00+00:00,61.21772,62.006
2019-09-17 06:00:00+00:00,62.9226,64.186005
2019-09-17 07:00:00+00:00,63.435028,64.272
2019-09-17 08:00:00+00:00,64.15624,65.222
2019-09-17 09:00:00+00:00,64.08678,67.312996
2019-09-17 10:00:00+00:00,65.0449,66.041
2019-09-17 11:00:00+00:00,63.17345,65.249
2019-09-17 12:00:00+00:00,62.159676,63.89
2019-09-17 13:00:00+00:00,61.161617,63.166
2019-09-17 14:00:00+00:00,60.945564,62.059002
2019-09-17 15:00:00+00:00,60.46349,61.722004
2019-09-17 16:00:00+00:00,60.357887,61.462997
2019-09-17 17:00:00+00:00,59.324516,62.557
2019-09-17 18:00:00+00:00,59.16719,62.291
2019-09-17 19:00:00+00:00,57.34292,57.629997
2019-09-17 20:00:00+00:00,53.03834,52.638
2019-09-17 21:00:00+00:00,48.408817,48.043
2019-09-17 22:00:00+00:00,45.033306,44.864
2019-09-17 23:00:00+00:00,43.120815,43.118
2019-09-18 00:00:00+00:00,42.009945,42.155003
2019-09-18 01:00:00+00:00,42.184353,42.384
2019-09-18 02:00:00+00:00,43.320545,43.54
2019-09-18 03:00:00+00:00,45.54639,47.643997
2019-09-18 04:00:00+00:00,54.341778,57.538998
2019-09-18 05:00:00+00:00,61.46301,62.405
2019-09-18 06:00:00+00:00,62.807835,64.207
2019-09-18 07:00:00+00:00,63.175526,63.885
2019-09-18 08:00:00+00:00,63.82469,64.356
2019-09-18 09:00:00+00:00,63.177197,65.232994
2019-09-18 10:00:00+00:00,63.018677,64.307
2019-09-18 11:00:00+00:00,61.550026,63.995
2019-09-18 12:00:00+00:00,61.044415,62.801
2019-09-18 13:00:00+00:00,60.159298,61.275
2019-09-18 14:00:00+00:00,59.03653,60.385998
2019-09-18 15:00:00+00:00,59.03957,60.962
2019-09-18 16:00:00+00:00,59.853863,60.704002
2019-09-18 17:00:00+00:00,58.169086,61.298
2019-09-18 18:00:00+00:00,57.56605,60.405
2019-09-18 19:00:00+00:00,55.58428,55.742004
2019-09-18 20:00:00+00:00,51.277073,51.511
2019-09-18 21:00:00+00:00,47.475075,48.339
2019-09-18 22:00:00+00:00,45.242714,45.242
2019-09-18 23:00:00+00:00,43.216187,42.917
2019-09-19 00:00:00+00:00,41.859356,42.239
2019-09-19 01:00:00+00:00,42.390533,42.963
2019-09-19 02:00:00+00:00,44.15468,43.902
2019-09-19 03:00:00+00:00,46.26982,48.21
2019-09-19 04:00:00+00:00,54.761112,57.483
2019-09-19 05:00:00+00:00,61.31456,61.07
2019-09-19 06:00:00+00:00,61.543095,63.456
2019-09-19 07:00:00+00:00,62.841927,63.494
2019-09-19 08:00:00+00:00,63.26478,64.073006
2019-09-19 09:00:00+00:00,62.620663,66.48
2019-09-19 10:00:00+00:00,64.22856,65.667
2019-09-19 11:00:00+00:00,62.77971,64.173
2019-09-19 12:00:00+00:00,60.95738,63.017
2019-09-19 13:00:00+00:00,60.310074,62.031
2019-09-19 14:00:00+00:00,59.883217,60.506
2019-09-19 15:00:00+00:00,58.804333,59.795998
2019-09-19 16:00:00+00:00,58.499928,59.785
2019-09-19 17:00:00+00:00,57.90112,61.531998
2019-09-19 18:00:00+00:00,58.298115,60.963
2019-09-19 19:00:00+00:00,56.072002,56.333
2019-09-19 20:00:00+00:00,51.774487,52.799004
2019-09-19 21:00:00+00:00,48.450005,48.93
2019-09-19 22:00:00+00:00,45.61508,45.761
2019-09-19 23:00:00+00:00,43.811184,44.803
2019-09-20 00:00:00+00:00,44.1371,44.164
2019-09-20 01:00:00+00:00,44.422028,44.606
2019-09-20 02:00:00+00:00,45.91245,45.975002
2019-09-20 03:00:00+00:00,49.494034,49.621
2019-09-20 04:00:00+00:00,55.620228,57.322
2019-09-20 05:00:00+00:00,61.176334,60.821
2019-09-20 06:00:00+00:00,61.71522,63.253
2019-09-20 07:00:00+00:00,62.860317,63.289997
2019-09-20 08:00:00+00:00,62.903168,64.25201
2019-09-20 09:00:00+00:00,62.847965,65.92
2019-09-20 10:00:00+00:00,63.740578,64.0
2019-09-20 11:00:00+00:00,61.228935,61.836002
2019-09-20 12:00:00+00:00,59.034016,59.826004
2019-09-20 13:00:00+00:00,57.664864,57.983997
2019-09-20 14:00:00+00:00,56.820423,57.321003
2019-09-20 15:00:00+00:00,57.661068,58.226997
2019-09-20 16:00:00+00:00,58.48135,58.038
2019-09-20 17:00:00+00:00,56.29599,58.96
2019-09-20 18:00:00+00:00,56.115936,57.752
2019-09-20 19:00:00+00:00,53.83188,53.875
2019-09-20 20:00:00+00:00,49.737217,50.442997
2019-09-20 21:00:00+00:00,46.657288,46.87
2019-09-20 22:00:00+00:00,43.939415,43.669
2019-09-20 23:00:00+00:00,41.85155,41.651
2019-09-21 00:00:00+00:00,40.574955,40.662
2019-09-21 01:00:00+00:00,40.172886,40.646
2019-09-21 02:00:00+00:00,40.5779,40.979
2019-09-21 03:00:00+00:00,41.097847,41.839
2019-09-21 04:00:00+00:00,43.472046,43.949
2019-09-21 05:00:00+00:00,46.927063,46.943996
2019-09-21 06:00:00+00:00,49.47747,50.369
2019-09-21 07:00:00+00:00,51.93864,51.937
2019-09-21 08:00:00+00:00,51.663708,53.603
2019-09-21 09:00:00+00:00,52.576004,54.370003
2019-09-21 10:00:00+00:00,52.605553,53.301003
2019-09-21 11:00:00+00:00,50.774166,52.058
2019-09-21 12:00:00+00:00,50.117146,50.314
2019-09-21 13:00:00+00:00,48.916416,49.427
2019-09-21 14:00:00+00:00,49.304314,48.599003
2019-09-21 15:00:00+00:00,48.67441,49.804
2019-09-21 16:00:00+00:00,50.553715,50.723
2019-09-21 17:00:00+00:00,50.084476,51.57
2019-09-21 18:00:00+00:00,50.15589,50.997997
2019-09-21 19:00:00+00:00,49.073242,47.898
2019-09-21 20:00:00+00:00,44.960796,45.259
2019-09-21 21:00:00+00:00,42.223637,42.038002
2019-09-21 22:00:00+00:00,39.92729,39.449
2019-09-21 23:00:00+00:00,38.319447,37.575
2019-09-22 00:00:00+00:00,36.97382,36.24
2019-09-22 01:00:00+00:00,36.14826,36.077
2019-09-22 02:00:00+00:00,36.142387,36.597
2019-09-22 03:00:00+00:00,36.768024,36.973
2019-09-22 04:00:00+00:00,38.296898,37.882
2019-09-22 05:00:00+00:00,40.82178,40.115
2019-09-22 06:00:00+00:00,43.2962,43.098
2019-09-22 07:00:00+00:00,45.487446,45.949
2019-09-22 08:00:00+00:00,47.386414,48.047
2019-09-22 09:00:00+00:00,48.226635,49.202
2019-09-22 10:00:00+00:00,48.1625,48.472
2019-09-22 11:00:00+00:00,46.675175,47.026
2019-09-22 12:00:00+00:00,45.423958,45.467003
2019-09-22 13:00:00+00:00,44.673008,44.436
2019-09-22 14:00:00+00:00,44.75434,44.258
2019-09-22 15:00:00+00:00,45.425858,46.683
2019-09-22 16:00:00+00:00,48.064926,48.625
2019-09-22 17:00:00+00:00,48.596947,49.98
2019-09-22 18:00:00+00:00,48.840748,50.055
2019-09-22 19:00:00+00:00,48.41488,47.540997
2019-09-22 20:00:00+00:00,45.400375,46.073
2019-09-22 21:00:00+00:00,43.315414,42.745003
2019-09-22 22:00:00+00:00,40.27856,40.444
2019-09-22 23:00:00+00:00,39.091915,39.614
2019-09-23 00:00:00+00:00,39.125107,39.357
2019-09-23 01:00:00+00:00,39.959427,40.067
2019-09-23 02:00:00+00:00,41.699997,41.458
2019-09-23 03:00:00+00:00,45.24309,45.535
2019-09-23 04:00:00+00:00,52.636242,55.656002
2019-09-23 05:00:00+00:00,59.95701,61.767002
2019-09-23 06:00:00+00:00,62.50995,64.53001
2019-09-23 07:00:00+00:00,63.390244,65.061005
2019-09-23 08:00:00+00:00,64.81943,66.983
2019-09-23 09:00:00+00:00,65.74833,67.641
2019-09-23 10:00:00+00:00,65.25084,66.919
2019-09-23 11:00:00+00:00,64.08616,66.586
2019-09-23 12:00:00+00:00,63.58096,65.499
2019-09-23 13:00:00+00:00,62.482983,64.651
2019-09-23 14:00:00+00:00,61.93711,63.223
2019-09-23 15:00:00+00:00,61.06984,63.384003
2019-09-23 16:00:00+00:00,61.69518,63.144
2019-09-23 17:00:00+00:00,60.523182,64.254
2019-09-23 18:00:00+00:00,60.29443,61.963
2019-09-23 19:00:00+00:00,56.80307,57.385998
2019-09-23 20:00:00+00:00,53.171017,52.966003
2019-09-23 21:00:00+00:00,48.568806,49.006996
2019-09-23 22:00:00+00:00,45.97241,46.38
2019-09-23 23:00:00+00:00,44.482018,44.791
2019-09-24 00:00:00+00:00,43.904495,43.959
2019-09-24 01:00:00+00:00,44.403862,44.364
2019-09-24 02:00:00+00:00,45.92713,45.521
2019-09-24 03:00:00+00:00,48.64612,49.581
2019-09-24 04:00:00+00:00,56.34942,57.86
2019-09-24 05:00:00+00:00,61.98283,62.430004
2019-09-24 06:00:00+00:00,63.33317,64.299
2019-09-24 07:00:00+00:00,63.81628,65.357
2019-09-24 08:00:00+00:00,65.11284,66.107
2019-09-24 09:00:00+00:00,64.73829,66.796
2019-09-24 10:00:00+00:00,64.50324,66.559006
2019-09-24 11:00:00+00:00,63.89336,66.365
2019-09-24 12:00:00+00:00,63.419697,65.463
2019-09-24 13:00:00+00:00,62.67085,64.4
2019-09-24 14:00:00+00:00,62.02918,63.162
2019-09-24 15:00:00+00:00,61.354027,63.152
2019-09-24 16:00:00+00:00,61.71184,62.864998
2019-09-24 17:00:00+00:00,60.477924,64.584
2019-09-24 18:00:00+00:00,60.908222,62.529003
2019-09-24 19:00:00+00:00,57.311836,58.352
2019-09-24 20:00:00+00:00,54.184254,53.842003
2019-09-24 21:00:00+00:00,49.349907,49.448997
2019-09-24 22:00:00+00:00,46.42625,46.434998
2019-09-24 23:00:00+00:00,44.556435,44.593002
2019-09-25 00:00:00+00:00,43.36691,43.767002
2019-09-25 01:00:00+00:00,43.799843,44.036
2019-09-25 02:00:00+00:00,44.983257,45.379
2019-09-25 03:00:00+00:00,47.806137,49.998
2019-09-25 04:00:00+00:00,56.58712,59.064003
2019-09-25 05:00:00+00:00,62.669945,64.161
2019-09-25 06:00:00+00:00,64.25836,65.125
2019-09-25 07:00:00+00:00,64.06159,65.416
2019-09-25 08:00:00+00:00,65.20053,66.751
2019-09-25 09:00:00+00:00,65.396225,67.946
2019-09-25 10:00:00+00:00,65.37902,67.462
2019-09-25 11:00:00+00:00,64.52298,66.19
2019-09-25 12:00:00+00:00,63.105442,64.861
2019-09-25 13:00:00+00:00,62.03694,64.2
2019-09-25 14:00:00+00:00,62.12815,62.405
2019-09-25 15:00:00+00:00,60.690994,61.816998
2019-09-25 16:00:00+00:00,60.557243,62.394
2019-09-25 17:00:00+00:00,60.528057,64.101
2019-09-25 18:00:00+00:00,60.33322,61.405003
2019-09-25 19:00:00+00:00,56.22221,57.535
2019-09-25 20:00:00+00:00,53.52923,53.737
2019-09-25 21:00:00+00:00,49.023018,49.387
2019-09-25 22:00:00+00:00,46.21484,46.79
2019-09-25 23:00:00+00:00,44.888626,45.207
2019-09-26 00:00:00+00:00,44.126774,43.765
2019-09-26 01:00:00+00:00,43.522945,44.255
2019-09-26 02:00:00+00:00,45.30217,45.417
2019-09-26 03:00:00+00:00,47.634304,49.443
2019-09-26 04:00:00+00:00,55.72213,58.442
2019-09-26 05:00:00+00:00,62.196037,62.402
2019-09-26 06:00:00+00:00,62.808777,64.567
2019-09-26 07:00:00+00:00,63.75036,65.843
2019-09-26 08:00:00+00:00,65.37723,66.582
2019-09-26 09:00:00+00:00,64.84182,68.242
2019-09-26 10:00:00+00:00,65.68611,67.670006
2019-09-26 11:00:00+00:00,64.78025,66.744
2019-09-26 12:00:00+00:00,63.489243,65.79
2019-09-26 13:00:00+00:00,62.87919,65.517
2019-09-26 14:00:00+00:00,63.205906,64.393
2019-09-26 15:00:00+00:00,62.317753,63.433
2019-09-26 16:00:00+00:00,61.457245,63.517002
2019-09-26 17:00:00+00:00,61.187424,64.837
2019-09-26 18:00:00+00:00,61.03129,62.418003
2019-09-26 19:00:00+00:00,57.29243,58.687
2019-09-26 20:00:00+00:00,54.7067,54.358
2019-09-26 21:00:00+00:00,49.596954,49.642998
2019-09-26 22:00:00+00:00,46.571823,46.734997
2019-09-26 23:00:00+00:00,44.891495,44.688
2019-09-27 00:00:00+00:00,43.40685,43.96
2019-09-27 01:00:00+00:00,44.17287,44.216
2019-09-27 02:00:00+00:00,45.31621,45.247
2019-09-27 03:00:00+00:00,47.31599,48.544
2019-09-27 04:00:00+00:00,54.892822,57.778004
2019-09-27 05:00:00+00:00,61.89883,63.126003
2019-09-27 06:00:00+00:00,63.798603,65.674995
2019-09-27 07:00:00+00:00,64.467384,66.971
2019-09-27 08:00:00+00:00,66.32224,67.843
2019-09-27 09:00:00+00:00,66.17811,68.756
2019-09-27 10:00:00+00:00,66.160385,68.619
2019-09-27 11:00:00+00:00,65.732925,66.848
2019-09-27 12:00:00+00:00,63.62784,64.599
2019-09-27 13:00:00+00:00,61.552002,63.721004
2019-09-27 14:00:00+00:00,61.511436,62.285004
2019-09-27 15:00:00+00:00,60.962025,61.578
2019-09-27 16:00:00+00:00,60.690624,61.292004
2019-09-27 17:00:00+00:00,59.849686,62.408
2019-09-27 18:00:00+00:00,59.50473,59.716003
2019-09-27 19:00:00+00:00,55.383648,55.385
2019-09-27 20:00:00+00:00,51.953373,51.863
2019-09-27 21:00:00+00:00,47.720955,47.531
2019-09-27 22:00:00+00:00,44.311275,44.371
2019-09-27 23:00:00+00:00,42.565483,42.814
2019-09-28 00:00:00+00:00,41.622086,40.894
2019-09-28 01:00:00+00:00,40.30903,41.608
2019-09-28 02:00:00+00:00,42.461514,41.781998
2019-09-28 03:00:00+00:00,42.34938,42.122
2019-09-28 04:00:00+00:00,43.54176,44.238
2019-09-28 05:00:00+00:00,47.462345,46.931
2019-09-28 06:00:00+00:00,49.511517,51.194
2019-09-28 07:00:00+00:00,53.136284,52.103
2019-09-28 08:00:00+00:00,51.884296,55.034
2019-09-28 09:00:00+00:00,54.390648,56.136
2019-09-28 10:00:00+00:00,54.337296,55.777
2019-09-28 11:00:00+00:00,53.338684,53.719997
2019-09-28 12:00:00+00:00,51.194424,51.838
2019-09-28 13:00:00+00:00,50.00727,51.484997
2019-09-28 14:00:00+00:00,51.54681,50.586998
2019-09-28 15:00:00+00:00,50.50449,51.375004
2019-09-28 16:00:00+00:00,51.910797,52.348
2019-09-28 17:00:00+00:00,51.663544,53.459
2019-09-28 18:00:00+00:00,51.804485,51.207
2019-09-28 19:00:00+00:00,48.568253,47.350002
2019-09-28 20:00:00+00:00,45.126606,45.065002
2019-09-28 21:00:00+00:00,42.222557,41.651
2019-09-28 22:00:00+00:00,39.588146,39.842003
2019-09-28 23:00:00+00:00,38.547325,38.102
2019-09-29 00:00:00+00:00,37.135834,36.59
2019-09-29 01:00:00+00:00,36.33401,36.403
2019-09-29 02:00:00+00:00,36.4311,36.376
2019-09-29 03:00:00+00:00,36.20483,36.201
2019-09-29 04:00:00+00:00,37.053616,37.461002
2019-09-29 05:00:00+00:00,40.002937,39.222
2019-09-29 06:00:00+00:00,42.610405,42.659
2019-09-29 07:00:00+00:00,45.431282,46.454
2019-09-29 08:00:00+00:00,48.319817,49.344
2019-09-29 09:00:00+00:00,49.779114,51.431
2019-09-29 10:00:00+00:00,50.23677,51.195
2019-09-29 11:00:00+00:00,48.75903,50.518
2019-09-29 12:00:00+00:00,48.11758,49.054
2019-09-29 13:00:00+00:00,47.1599,48.147003
2019-09-29 14:00:00+00:00,47.340958,47.757
2019-09-29 15:00:00+00:00,47.77744,49.519
2019-09-29 16:00:00+00:00,50.25424,51.058002
2019-09-29 17:00:00+00:00,50.583164,51.956
2019-09-29 18:00:00+00:00,50.457413,50.289997
2019-09-29 19:00:00+00:00,48.269306,48.48
2019-09-29 20:00:00+00:00,47.105988,47.458004
2019-09-29 21:00:00+00:00,44.710564,44.335
2019-09-29 22:00:00+00:00,41.46122,43.503
2019-09-29 23:00:00+00:00,41.800224,42.193
2019-09-30 00:00:00+00:00,41.261112,41.617
2019-09-30 01:00:00+00:00,42.1385,42.348
2019-09-30 02:00:00+00:00,44.050224,44.411
2019-09-30 03:00:00+00:00,49.753143,48.176003
2019-09-30 04:00:00+00:00,55.3184,58.134
2019-09-30 05:00:00+00:00,62.201725,63.427002
2019-09-30 06:00:00+00:00,64.10412,65.672
2019-09-30 07:00:00+00:00,64.88121,65.695
2019-09-30 08:00:00+00:00,65.88294,66.551
2019-09-30 09:00:00+00:00,65.70577,67.998
2019-09-30 10:00:00+00:00,65.94315,67.676
2019-09-30 11:00:00+00:00,65.03951,67.258995
2019-09-30 12:00:00+00:00,64.327614,65.312004
2019-09-30 13:00:00+00:00,62.63154,63.847
2019-09-30 14:00:00+00:00,61.673615,62.626
2019-09-30 15:00:00+00:00,61.380802,62.348
2019-09-30 16:00:00+00:00,61.501163,62.831
2019-09-30 17:00:00+00:00,61.08962,64.354004
2019-09-30 18:00:00+00:00,60.76142,61.538002
2019-09-30 19:00:00+00:00,56.55427,57.088
2019-09-30 20:00:00+00:00,53.071865,52.878998
2019-09-30 21:00:00+00:00,48.675972,48.453
2019-09-30 22:00:00+00:00,45.575176,46.216
2019-09-30 23:00:00+00:00,44.537956,45.288
2019-10-01 00:00:00+00:00,44.584103,44.267002
2019-10-01 01:00:00+00:00,44.33097,44.552
2019-10-01 02:00:00+00:00,45.50556,46.592
2019-10-01 03:00:00+00:00,50.54975,51.175
2019-10-01 04:00:00+00:00,56.981934,58.704
2019-10-01 05:00:00+00:00,62.016777,64.064995
2019-10-01 06:00:00+00:00,64.248764,66.537
2019-10-01 07:00:00+00:00,65.14604,66.965004
2019-10-01 08:00:00+00:00,65.747185,68.452
2019-10-01 09:00:00+00:00,66.55086,69.895
2019-10-01 10:00:00+00:00,67.005585,69.439
2019-10-01 11:00:00+00:00,66.05006,68.824
2019-10-01 12:00:00+00:00,65.418144,67.283
2019-10-01 13:00:00+00:00,64.17141,65.618004
2019-10-01 14:00:00+00:00,62.917995,64.394
2019-10-01 15:00:00+00:00,62.51198,64.906006
2019-10-01 16:00:00+00:00,63.550297,64.551
2019-10-01 17:00:00+00:00,61.882668,65.487
2019-10-01 18:00:00+00:00,61.411373,62.524998
2019-10-01 19:00:00+00:00,57.396458,58.838
2019-10-01 20:00:00+00:00,54.751564,54.177998
2019-10-01 21:00:00+00:00,49.431583,49.559002
2019-10-01 22:00:00+00:00,46.656567,46.529003
2019-10-01 23:00:00+00:00,44.7553,45.922
2019-10-02 00:00:00+00:00,45.25161,45.745
2019-10-02 01:00:00+00:00,46.26368,45.92
2019-10-02 02:00:00+00:00,47.295937,46.822002
2019-10-02 03:00:00+00:00,49.86422,50.601
2019-10-02 04:00:00+00:00,56.702206,58.516003
2019-10-02 05:00:00+00:00,62.34577,62.98
2019-10-02 06:00:00+00:00,63.665123,64.899
2019-10-02 07:00:00+00:00,64.165924,64.981995
2019-10-02 08:00:00+00:00,64.55297,65.867
2019-10-02 09:00:00+00:00,64.50573,66.892
2019-10-02 10:00:00+00:00,64.601364,67.349
2019-10-02 11:00:00+00:00,64.53973,66.592
2019-10-02 12:00:00+00:00,63.598385,65.123
2019-10-02 13:00:00+00:00,62.31598,63.086
2019-10-02 14:00:00+00:00,60.81303,61.440998
2019-10-02 15:00:00+00:00,59.910294,61.471004
2019-10-02 16:00:00+00:00,60.703037,61.546997
2019-10-02 17:00:00+00:00,59.772564,63.037
2019-10-02 18:00:00+00:00,59.781723,60.429
2019-10-02 19:00:00+00:00,55.823536,56.284
2019-10-02 20:00:00+00:00,52.407837,52.744
2019-10-02 21:00:00+00:00,48.572147,48.341003
2019-10-02 22:00:00+00:00,45.30838,45.884
2019-10-02 23:00:00+00:00,44.12768,43.882
2019-10-03 00:00:00+00:00,42.538902,43.163998
2019-10-03 01:00:00+00:00,43.073753,42.864998
2019-10-03 02:00:00+00:00,42.960323,41.998
2019-10-03 03:00:00+00:00,41.479607,40.61
2019-10-03 04:00:00+00:00,40.290035,40.154
2019-10-03 05:00:00+00:00,41.451153,41.818
2019-10-03 06:00:00+00:00,44.120445,44.748
2019-10-03 07:00:00+00:00,47.257023,47.262
2019-10-03 08:00:00+00:00,49.06658,49.837997
2019-10-03 09:00:00+00:00,50.21599,52.003998
2019-10-03 10:00:00+00:00,50.705105,52.183
2019-10-03 11:00:00+00:00,49.503056,49.96
2019-10-03 12:00:00+00:00,47.105553,48.208004
2019-10-03 13:00:00+00:00,46.220367,47.314
2019-10-03 14:00:00+00:00,46.87297,46.982
2019-10-03 15:00:00+00:00,47.73503,47.988
2019-10-03 16:00:00+00:00,49.184246,50.076
2019-10-03 17:00:00+00:00,50.520283,51.846996
2019-10-03 18:00:00+00:00,50.851814,50.316
2019-10-03 19:00:00+00:00,48.294918,47.81
2019-10-03 20:00:00+00:00,46.526527,46.323997
2019-10-03 21:00:00+00:00,44.059414,43.135002
2019-10-03 22:00:00+00:00,40.675022,40.214
2019-10-03 23:00:00+00:00,38.874294,38.48
2019-10-04 00:00:00+00:00,37.515408,38.015
2019-10-04 01:00:00+00:00,37.806614,38.443
2019-10-04 02:00:00+00:00,39.056557,39.876
2019-10-04 03:00:00+00:00,42.291485,42.871
2019-10-04 04:00:00+00:00,49.131977,49.387
2019-10-04 05:00:00+00:00,55.134342,54.251
2019-10-04 06:00:00+00:00,57.154526,56.516
2019-10-04 07:00:00+00:00,57.374996,58.494003
2019-10-04 08:00:00+00:00,58.8472,59.071
2019-10-04 09:00:00+00:00,58.412064,60.228
2019-10-04 10:00:00+00:00,58.736782,60.236
2019-10-04 11:00:00+00:00,58.353466,58.974
2019-10-04 12:00:00+00:00,56.81946,57.774002
2019-10-04 13:00:00+00:00,56.120777,56.663
2019-10-04 14:00:00+00:00,55.650406,55.321
2019-10-04 15:00:00+00:00,54.67924,55.989998
2019-10-04 16:00:00+00:00,55.975258,56.857
2019-10-04 17:00:00+00:00,55.416866,58.077
2019-10-04 18:00:00+00:00,55.21254,55.125004
2019-10-04 19:00:00+00:00,51.61228,51.335
2019-10-04 20:00:00+00:00,48.206768,47.78
2019-10-04 21:00:00+00:00,44.29106,44.804
2019-10-04 22:00:00+00:00,42.347492,41.811
2019-10-04 23:00:00+00:00,40.300198,40.459
2019-10-05 00:00:00+00:00,39.9977,39.392
2019-10-05 01:00:00+00:00,39.502495,39.544
2019-10-05 02:00:00+00:00,40.300026,40.378
2019-10-05 03:00:00+00:00,41.759766,41.262
2019-10-05 04:00:00+00:00,43.57829,42.618
2019-10-05 05:00:00+00:00,45.98895,45.414
2019-10-05 06:00:00+00:00,48.189587,48.864
2019-10-05 07:00:00+00:00,50.848263,51.204998
2019-10-05 08:00:00+00:00,51.695995,52.802998
2019-10-05 09:00:00+00:00,52.06325,54.152
2019-10-05 10:00:00+00:00,52.76666,54.3
2019-10-05 11:00:00+00:00,52.273266,52.219
2019-10-05 12:00:00+00:00,49.646545,50.171997
2019-10-05 13:00:00+00:00,48.47023,49.29
2019-10-05 14:00:00+00:00,49.061974,49.025997
2019-10-05 15:00:00+00:00,49.57923,49.558002
2019-10-05 16:00:00+00:00,50.030113,50.378
2019-10-05 17:00:00+00:00,49.916904,52.323997
2019-10-05 18:00:00+00:00,51.16022,49.958
2019-10-05 19:00:00+00:00,47.62068,47.355003
2019-10-05 20:00:00+00:00,45.244144,45.862
2019-10-05 21:00:00+00:00,42.743927,43.119
2019-10-05 22:00:00+00:00,40.557587,41.06
2019-10-05 23:00:00+00:00,39.51697,38.413
2019-10-06 00:00:00+00:00,37.532898,37.825
2019-10-06 01:00:00+00:00,37.86031,38.420002
2019-10-06 02:00:00+00:00,38.965427,38.543
2019-10-06 03:00:00+00:00,39.292316,38.789
2019-10-06 04:00:00+00:00,40.2193,38.992
2019-10-06 05:00:00+00:00,41.71798,40.251
2019-10-06 06:00:00+00:00,43.38868,43.452
2019-10-06 07:00:00+00:00,45.88087,46.724
2019-10-06 08:00:00+00:00,48.56286,49.058
2019-10-06 09:00:00+00:00,49.6152,51.459003
2019-10-06 10:00:00+00:00,50.66899,51.331
2019-10-06 11:00:00+00:00,49.100845,50.449
2019-10-06 12:00:00+00:00,48.155556,50.188
2019-10-06 13:00:00+00:00,48.920464,49.274
2019-10-06 14:00:00+00:00,48.489315,49.283
2019-10-06 15:00:00+00:00,49.46403,50.343998
2019-10-06 16:00:00+00:00,50.679665,51.681
2019-10-06 17:00:00+00:00,51.25041,53.185
2019-10-06 18:00:00+00:00,51.941265,50.901
2019-10-06 19:00:00+00:00,48.861042,49.001
2019-10-06 20:00:00+00:00,47.416885,48.504997
2019-10-06 21:00:00+00:00,45.714836,45.686
2019-10-06 22:00:00+00:00,42.783997,43.155
2019-10-06 23:00:00+00:00,41.36114,41.293
2019-10-07 00:00:00+00:00,40.39682,40.697
2019-10-07 01:00:00+00:00,40.917274,41.035
2019-10-07 02:00:00+00:00,42.09245,42.62
2019-10-07 03:00:00+00:00,45.84061,47.356
2019-10-07 04:00:00+00:00,54.839203,56.933002
2019-10-07 05:00:00+00:00,61.294136,62.357002
2019-10-07 06:00:00+00:00,63.167538,65.303
2019-10-07 07:00:00+00:00,64.55645,65.613
2019-10-07 08:00:00+00:00,65.49433,66.675
2019-10-07 09:00:00+00:00,65.61848,66.997
2019-10-07 10:00:00+00:00,65.01454,66.309
2019-10-07 11:00:00+00:00,63.73732,65.824005
2019-10-07 12:00:00+00:00,62.985737,63.636997
2019-10-07 13:00:00+00:00,60.928493,62.734
2019-10-07 14:00:00+00:00,60.63416,61.661003
2019-10-07 15:00:00+00:00,60.536407,61.821003
2019-10-07 16:00:00+00:00,60.95644,63.429
2019-10-07 17:00:00+00:00,61.499023,65.644005
2019-10-07 18:00:00+00:00,61.21645,62.585003
2019-10-07 19:00:00+00:00,56.719856,58.765
2019-10-07 20:00:00+00:00,54.66778,55.012
2019-10-07 21:00:00+00:00,49.920757,50.341
2019-10-07 22:00:00+00:00,46.956093,47.016003
2019-10-07 23:00:00+00:00,45.1371,44.913
2019-10-08 00:00:00+00:00,43.692223,44.039
2019-10-08 01:00:00+00:00,44.13923,44.538
2019-10-08 02:00:00+00:00,45.83102,46.953
2019-10-08 03:00:00+00:00,51.066154,50.555
2019-10-08 04:00:00+00:00,57.016335,58.67
2019-10-08 05:00:00+00:00,62.572113,64.57
2019-10-08 06:00:00+00:00,65.133446,67.692
2019-10-08 07:00:00+00:00,66.2113,67.293
2019-10-08 08:00:00+00:00,66.30528,67.456
2019-10-08 09:00:00+00:00,66.1471,69.444
2019-10-08 10:00:00+00:00,67.106766,69.323
2019-10-08 11:00:00+00:00,66.237114,68.514
2019-10-08 12:00:00+00:00,65.176895,66.762
2019-10-08 13:00:00+00:00,63.88436,65.322
2019-10-08 14:00:00+00:00,62.970066,64.165
2019-10-08 15:00:00+00:00,62.69474,63.960003
2019-10-08 16:00:00+00:00,62.942314,65.148
2019-10-08 17:00:00+00:00,63.17734,65.785995
2019-10-08 18:00:00+00:00,61.52585,62.093002
2019-10-08 19:00:00+00:00,57.016193,58.21
2019-10-08 20:00:00+00:00,54.5915,54.927
2019-10-08 21:00:00+00:00,50.04203,51.115
2019-10-08 22:00:00+00:00,47.529957,47.538998
2019-10-08 23:00:00+00:00,45.443115,46.154
2019-10-09 00:00:00+00:00,45.12552,44.613
2019-10-09 01:00:00+00:00,44.19462,45.497
2019-10-09 02:00:00+00:00,46.822227,47.515003
2019-10-09 03:00:00+00:00,51.235756,51.258
2019-10-09 04:00:00+00:00,57.324883,59.128002
2019-10-09 05:00:00+00:00,62.81351,64.659
2019-10-09 06:00:00+00:00,65.046486,65.805
2019-10-09 07:00:00+00:00,64.63933,65.596
2019-10-09 08:00:00+00:00,65.13531,66.101006
2019-10-09 09:00:00+00:00,64.94323,67.869
2019-10-09 10:00:00+00:00,65.484215,68.394
2019-10-09 11:00:00+00:00,65.46662,68.402
2019-10-09 12:00:00+00:00,65.217926,67.273
2019-10-09 13:00:00+00:00,64.28523,65.4
2019-10-09 14:00:00+00:00,62.794956,63.099003
2019-10-09 15:00:00+00:00,61.130398,63.307
2019-10-09 16:00:00+00:00,62.25893,64.899
2019-10-09 17:00:00+00:00,62.867065,66.009
2019-10-09 18:00:00+00:00,61.594986,62.478996
2019-10-09 19:00:00+00:00,57.23904,58.369
2019-10-09 20:00:00+00:00,54.52202,54.705997
2019-10-09 21:00:00+00:00,50.06984,51.328
2019-10-09 22:00:00+00:00,47.881153,48.604004
2019-10-09 23:00:00+00:00,46.264782,46.551003
2019-10-10 00:00:00+00:00,45.28271,45.649002
2019-10-10 01:00:00+00:00,45.64149,46.059
2019-10-10 02:00:00+00:00,47.019726,47.606003
2019-10-10 03:00:00+00:00,50.324783,50.697002
2019-10-10 04:00:00+00:00,56.458073,58.476
2019-10-10 05:00:00+00:00,62.33539,63.754
2019-10-10 06:00:00+00:00,64.44637,66.551
2019-10-10 07:00:00+00:00,65.26414,67.198006
2019-10-10 08:00:00+00:00,66.17718,67.733
2019-10-10 09:00:00+00:00,66.07949,69.128006
2019-10-10 10:00:00+00:00,66.61016,68.73
2019-10-10 11:00:00+00:00,65.7618,68.268005
2019-10-10 12:00:00+00:00,65.07222,66.781
2019-10-10 13:00:00+00:00,63.917736,65.492004
2019-10-10 14:00:00+00:00,63.075405,63.571003
2019-10-10 15:00:00+00:00,61.82625,64.029
2019-10-10 16:00:00+00:00,63.12219,64.203
2019-10-10 17:00:00+00:00,62.19676,65.503
2019-10-10 18:00:00+00:00,61.738663,62.689003
2019-10-10 19:00:00+00:00,57.676617,58.582005
2019-10-10 20:00:00+00:00,54.6756,55.728
2019-10-10 21:00:00+00:00,51.010765,51.628
2019-10-10 22:00:00+00:00,47.866917,49.113003
2019-10-10 23:00:00+00:00,46.829998,46.753998
2019-10-11 00:00:00+00:00,45.14922,45.869
2019-10-11 01:00:00+00:00,45.76914,46.296
2019-10-11 02:00:00+00:00,47.17914,47.445
2019-10-11 03:00:00+00:00,49.449165,50.926
2019-10-11 04:00:00+00:00,56.901573,59.468002
2019-10-11 05:00:00+00:00,63.154476,65.557
2019-10-11 06:00:00+00:00,65.67528,67.588
2019-10-11 07:00:00+00:00,65.86415,67.755
2019-10-11 08:00:00+00:00,66.83051,67.876
2019-10-11 09:00:00+00:00,66.45921,68.411
2019-10-11 10:00:00+00:00,66.01653,67.744
2019-10-11 11:00:00+00:00,64.98965,66.728
2019-10-11 12:00:00+00:00,63.815292,65.248
2019-10-11 13:00:00+00:00,62.697227,63.934
2019-10-11 14:00:00+00:00,62.095436,62.402
2019-10-11 15:00:00+00:00,61.376457,63.07
2019-10-11 16:00:00+00:00,62.612385,64.670006
2019-10-11 17:00:00+00:00,62.68931,65.573006
2019-10-11 18:00:00+00:00,61.023678,61.053
2019-10-11 19:00:00+00:00,55.96921,56.752
2019-10-11 20:00:00+00:00,53.184315,53.738003
2019-10-11 21:00:00+00:00,49.3128,49.79
2019-10-11 22:00:00+00:00,46.69095,46.767
2019-10-11 23:00:00+00:00,44.911118,44.726
2019-10-12 00:00:00+00:00,43.446266,43.295
2019-10-12 01:00:00+00:00,42.72795,42.897
2019-10-12 02:00:00+00:00,42.841496,43.041
2019-10-12 03:00:00+00:00,42.93922,44.232
2019-10-12 04:00:00+00:00,46.024033,45.639
2019-10-12 05:00:00+00:00,48.44593,48.187996
2019-10-12 06:00:00+00:00,50.662346,51.664997
2019-10-12 07:00:00+00:00,53.277298,54.037
2019-10-12 08:00:00+00:00,54.077137,55.756
2019-10-12 09:00:00+00:00,54.676624,56.963
2019-10-12 10:00:00+00:00,55.163933,56.285
2019-10-12 11:00:00+00:00,53.90577,54.385002
2019-10-12 12:00:00+00:00,51.94248,52.696003
2019-10-12 13:00:00+00:00,51.09884,50.786
2019-10-12 14:00:00+00:00,49.90006,50.667004
2019-10-12 15:00:00+00:00,51.678867,52.07
2019-10-12 16:00:00+00:00,53.393494,54.073
2019-10-12 17:00:00+00:00,53.971794,54.857002
2019-10-12 18:00:00+00:00,52.79353,51.203003
2019-10-12 19:00:00+00:00,48.360313,47.656998
2019-10-12 20:00:00+00:00,45.6436,45.502
2019-10-12 21:00:00+00:00,42.54252,42.849
2019-10-12 22:00:00+00:00,40.585297,40.766
2019-10-12 23:00:00+00:00,39.271442,38.861
2019-10-13 00:00:00+00:00,37.851112,37.834
2019-10-13 01:00:00+00:00,37.52524,37.46
2019-10-13 02:00:00+00:00,37.288437,37.811
2019-10-13 03:00:00+00:00,37.8605,38.339
2019-10-13 04:00:00+00:00,39.379723,39.727
2019-10-13 05:00:00+00:00,42.719063,41.423
2019-10-13 06:00:00+00:00,44.33105,44.619
2019-10-13 07:00:00+00:00,46.92499,47.515003
2019-10-13 08:00:00+00:00,48.860603,49.804
2019-10-13 09:00:00+00:00,49.849514,51.767002
2019-10-13 10:00:00+00:00,50.738564,51.819996
2019-10-13 11:00:00+00:00,49.74453,49.713
2019-10-13 12:00:00+00:00,47.396812,48.399
2019-10-13 13:00:00+00:00,46.952824,47.425
2019-10-13 14:00:00+00:00,47.05449,47.278
2019-10-13 15:00:00+00:00,47.928238,48.467
2019-10-13 16:00:00+00:00,49.246185,51.610996
2019-10-13 17:00:00+00:00,51.770798,53.63
2019-10-13 18:00:00+00:00,51.95549,51.413998
2019-10-13 19:00:00+00:00,48.950912,49.155003
2019-10-13 20:00:00+00:00,47.155262,47.826
2019-10-13 21:00:00+00:00,44.69088,44.861
2019-10-13 22:00:00+00:00,42.065865,42.231003
2019-10-13 23:00:00+00:00,40.55193,40.514
2019-10-14 00:00:00+00:00,39.850933,39.558002
2019-10-14 01:00:00+00:00,39.813873,39.35
2019-10-14 02:00:00+00:00,40.171806,41.098
2019-10-14 03:00:00+00:00,43.806107,45.973
2019-10-14 04:00:00+00:00,53.693726,55.573
2019-10-14 05:00:00+00:00,60.282734,62.779
2019-10-14 06:00:00+00:00,63.54072,65.025
2019-10-14 07:00:00+00:00,63.859337,64.695
2019-10-14 08:00:00+00:00,64.57485,65.097
2019-10-14 09:00:00+00:00,64.47536,66.170006
2019-10-14 10:00:00+00:00,64.21956,66.282
2019-10-14 11:00:00+00:00,63.60524,66.167
2019-10-14 12:00:00+00:00,63.164238,64.772
2019-10-14 13:00:00+00:00,61.834827,63.645004
2019-10-14 14:00:00+00:00,61.069122,62.389
2019-10-14 15:00:00+00:00,60.518044,63.151
2019-10-14 16:00:00+00:00,61.77992,64.968
2019-10-14 17:00:00+00:00,62.295834,67.176
2019-10-14 18:00:00+00:00,61.93627,63.384003
2019-10-14 19:00:00+00:00,57.07412,59.299
2019-10-14 20:00:00+00:00,55.094727,55.237
2019-10-14 21:00:00+00:00,50.02029,50.582996
2019-10-14 22:00:00+00:00,47.138325,47.59
2019-10-14 23:00:00+00:00,45.538822,45.892
2019-10-15 00:00:00+00:00,44.709465,45.146
2019-10-15 01:00:00+00:00,45.459087,45.791
2019-10-15 02:00:00+00:00,47.36454,47.579998
2019-10-15 03:00:00+00:00,51.3761,51.337997
2019-10-15 04:00:00+00:00,58.1963,59.412
2019-10-15 05:00:00+00:00,63.488003,64.840004
2019-10-15 06:00:00+00:00,65.572845,66.456
2019-10-15 07:00:00+00:00,65.64758,66.834
2019-10-15 08:00:00+00:00,66.53296,67.372
2019-10-15 09:00:00+00:00,66.27837,68.881996
2019-10-15 10:00:00+00:00,66.5926,68.67
2019-10-15 11:00:00+00:00,65.91401,67.169
2019-10-15 12:00:00+00:00,64.21942,65.802
2019-10-15 13:00:00+00:00,63.25151,65.270004
2019-10-15 14:00:00+00:00,63.62576,64.523
2019-10-15 15:00:00+00:00,63.440407,65.348
2019-10-15 16:00:00+00:00,64.25771,67.436
2019-10-15 17:00:00+00:00,64.70835,68.407
2019-10-15 18:00:00+00:00,63.01771,64.327
2019-10-15 19:00:00+00:00,58.46107,59.67
2019-10-15 20:00:00+00:00,55.901447,55.957996
2019-10-15 21:00:00+00:00,51.26772,50.965
2019-10-15 22:00:00+00:00,47.742573,47.960003
2019-10-15 23:00:00+00:00,46.169914,46.11
2019-10-16 00:00:00+00:00,44.76418,45.404
2019-10-16 01:00:00+00:00,45.453487,46.153
2019-10-16 02:00:00+00:00,47.306316,47.693996
2019-10-16 03:00:00+00:00,50.48751,51.25
2019-10-16 04:00:00+00:00,57.2935,59.653
2019-10-16 05:00:00+00:00,63.30076,65.912
2019-10-16 06:00:00+00:00,65.93915,68.488
2019-10-16 07:00:00+00:00,66.55597,69.125
2019-10-16 08:00:00+00:00,67.758224,69.843
2019-10-16 09:00:00+00:00,67.957695,70.551
2019-10-16 10:00:00+00:00,67.72448,69.673
2019-10-16 11:00:00+00:00,66.58891,69.277
2019-10-16 12:00:00+00:00,66.066376,67.806
2019-10-16 13:00:00+00:00,64.92002,66.284004
2019-10-16 14:00:00+00:00,63.94702,65.476
2019-10-16 15:00:00+00:00,64.21231,65.456
2019-10-16 16:00:00+00:00,64.45876,66.854004
2019-10-16 17:00:00+00:00,64.581154,67.662
2019-10-16 18:00:00+00:00,62.904163,64.443
2019-10-16 19:00:00+00:00,58.73707,60.022
2019-10-16 20:00:00+00:00,55.84418,56.07
2019-10-16 21:00:00+00:00,51.06775,51.526997
2019-10-16 22:00:00+00:00,47.982647,48.162003
2019-10-16 23:00:00+00:00,46.13779,46.429996
2019-10-17 00:00:00+00:00,45.13079,45.837
2019-10-17 01:00:00+00:00,45.94394,45.9
2019-10-17 02:00:00+00:00,46.926964,47.506996
2019-10-17 03:00:00+00:00,50.23122,50.985
2019-10-17 04:00:00+00:00,57.31302,58.745003
2019-10-17 05:00:00+00:00,62.75655,65.261
2019-10-17 06:00:00+00:00,65.827934,67.272
2019-10-17 07:00:00+00:00,65.81761,67.748
2019-10-17 08:00:00+00:00,66.78764,68.559
2019-10-17 09:00:00+00:00,67.14632,69.188
2019-10-17 10:00:00+00:00,66.638275,68.837
2019-10-17 11:00:00+00:00,65.90109,68.231
2019-10-17 12:00:00+00:00,65.21615,66.988
2019-10-17 13:00:00+00:00,64.18251,65.701004
2019-10-17 14:00:00+00:00,63.449112,64.187
2019-10-17 15:00:00+00:00,62.7153,64.539
2019-10-17 16:00:00+00:00,63.67075,66.39
2019-10-17 17:00:00+00:00,64.28419,66.9
2019-10-17 18:00:00+00:00,62.126427,63.527
2019-10-17 19:00:00+00:00,58.118813,59.503
2019-10-17 20:00:00+00:00,55.588173,55.721
2019-10-17 21:00:00+00:00,50.768982,51.375004
2019-10-17 22:00:00+00:00,47.882694,48.148
2019-10-17 23:00:00+00:00,46.061287,46.22
2019-10-18 00:00:00+00:00,44.872856,45.123
2019-10-18 01:00:00+00:00,44.973595,45.208
2019-10-18 02:00:00+00:00,46.078857,46.726
2019-10-18 03:00:00+00:00,48.887634,50.394
2019-10-18 04:00:00+00:00,56.736546,58.914
2019-10-18 05:00:00+00:00,62.809074,65.136
2019-10-18 06:00:00+00:00,65.466644,67.282005
2019-10-18 07:00:00+00:00,65.700645,68.549
2019-10-18 08:00:00+00:00,67.48126,68.958
2019-10-18 09:00:00+00:00,67.25518,69.962006
2019-10-18 10:00:00+00:00,67.220604,70.071
2019-10-18 11:00:00+00:00,67.05737,67.98
2019-10-18 12:00:00+00:00,64.72734,65.412
2019-10-18 13:00:00+00:00,62.390892,64.186005
2019-10-18 14:00:00+00:00,62.115063,63.176003
2019-10-18 15:00:00+00:00,62.374676,63.267998
2019-10-18 16:00:00+00:00,62.868862,66.032
2019-10-18 17:00:00+00:00,64.39548,66.346
2019-10-18 18:00:00+00:00,61.507236,61.445
2019-10-18 19:00:00+00:00,56.20788,56.558
2019-10-18 20:00:00+00:00,53.264645,52.699
2019-10-18 21:00:00+00:00,48.46573,49.31
2019-10-18 22:00:00+00:00,46.36348,45.203
2019-10-18 23:00:00+00:00,43.251263,43.223
2019-10-19 00:00:00+00:00,42.282238,41.961
2019-10-19 01:00:00+00:00,41.560246,41.658
2019-10-19 02:00:00+00:00,41.977947,42.588
2019-10-19 03:00:00+00:00,43.568394,43.364
2019-10-19 04:00:00+00:00,45.445515,45.881
2019-10-19 05:00:00+00:00,49.447594,49.252
2019-10-19 06:00:00+00:00,52.161793,51.258
2019-10-19 07:00:00+00:00,52.44218,53.967003
2019-10-19 08:00:00+00:00,54.142365,55.979
2019-10-19 09:00:00+00:00,54.94779,56.245
2019-10-19 10:00:00+00:00,54.121468,55.677
2019-10-19 11:00:00+00:00,53.510525,54.514
2019-10-19 12:00:00+00:00,52.424606,53.26
2019-10-19 13:00:00+00:00,51.74753,52.318996
2019-10-19 14:00:00+00:00,51.81266,52.261997
2019-10-19 15:00:00+00:00,52.58546,53.742
2019-10-19 16:00:00+00:00,54.297432,56.634
2019-10-19 17:00:00+00:00,55.509537,55.984
2019-10-19 18:00:00+00:00,52.81107,52.350998
2019-10-19 19:00:00+00:00,49.408268,49.146
2019-10-19 20:00:00+00:00,46.84623,47.218998
2019-10-19 21:00:00+00:00,43.93755,44.059
2019-10-19 22:00:00+00:00,41.529778,40.267
2019-10-19 23:00:00+00:00,39.14106,38.6
2019-10-20 00:00:00+00:00,38.008297,37.62
2019-10-20 01:00:00+00:00,37.451317,37.462
2019-10-20 02:00:00+00:00,37.80404,38.114
2019-10-20 03:00:00+00:00,38.765312,38.537
2019-10-20 04:00:00+00:00,39.628216,38.974003
2019-10-20 05:00:00+00:00,41.640377,40.761
2019-10-20 06:00:00+00:00,43.8523,43.44
2019-10-20 07:00:00+00:00,45.706688,45.651
2019-10-20 08:00:00+00:00,47.09267,48.642998
2019-10-20 09:00:00+00:00,49.322124,51.388
2019-10-20 10:00:00+00:00,50.74528,50.859
2019-10-20 11:00:00+00:00,48.549385,48.499
2019-10-20 12:00:00+00:00,46.232487,47.249004
2019-10-20 13:00:00+00:00,45.798126,47.239
2019-10-20 14:00:00+00:00,47.42717,47.818
2019-10-20 15:00:00+00:00,48.78843,49.64
2019-10-20 16:00:00+00:00,50.341213,52.682
2019-10-20 17:00:00+00:00,52.208435,53.418
2019-10-20 18:00:00+00:00,51.30366,50.909
2019-10-20 19:00:00+00:00,48.549397,48.949
2019-10-20 20:00:00+00:00,47.311348,47.814
2019-10-20 21:00:00+00:00,44.835846,43.753
2019-10-20 22:00:00+00:00,41.273426,41.521
2019-10-20 23:00:00+00:00,40.159634,40.418
2019-10-21 00:00:00+00:00,39.70762,39.666
2019-10-21 01:00:00+00:00,40.03972,40.190002
2019-10-21 02:00:00+00:00,41.50551,41.916
2019-10-21 03:00:00+00:00,45.546795,47.267002
2019-10-21 04:00:00+00:00,54.932743,57.097004
2019-10-21 05:00:00+00:00,61.206703,63.843
2019-10-21 06:00:00+00:00,64.17752,66.099
2019-10-21 07:00:00+00:00,64.941376,66.995
2019-10-21 08:00:00+00:00,66.646996,67.691
2019-10-21 09:00:00+00:00,66.571434,68.096
2019-10-21 10:00:00+00:00,65.85885,67.93
2019-10-21 11:00:00+00:00,65.245995,67.944
2019-10-21 12:00:00+00:00,64.85755,65.911
2019-10-21 13:00:00+00:00,62.858746,64.906006
2019-10-21 14:00:00+00:00,62.34681,63.86
2019-10-21 15:00:00+00:00,62.243744,63.688
2019-10-21 16:00:00+00:00,62.31466,66.58
2019-10-21 17:00:00+00:00,64.22798,66.083
2019-10-21 18:00:00+00:00,60.936035,63.361
2019-10-21 19:00:00+00:00,57.85314,58.604004
2019-10-21 20:00:00+00:00,54.334297,55.684002
2019-10-21 21:00:00+00:00,50.661606,51.921
2019-10-21 22:00:00+00:00,47.83217,48.561
2019-10-21 23:00:00+00:00,46.114784,46.274998
2019-10-22 00:00:00+00:00,44.884453,45.261
2019-10-22 01:00:00+00:00,45.351494,45.601997
2019-10-22 02:00:00+00:00,46.880947,47.491
2019-10-22 03:00:00+00:00,50.74652,51.29
2019-10-22 04:00:00+00:00,58.159565,59.563004
2019-10-22 05:00:00+00:00,63.599895,65.398
2019-10-22 06:00:00+00:00,65.959435,66.867
2019-10-22 07:00:00+00:00,65.825134,66.89
2019-10-22 08:00:00+00:00,66.561584,67.228004
2019-10-22 09:00:00+00:00,66.24179,68.526
2019-10-22 10:00:00+00:00,66.30122,67.975006
2019-10-22 11:00:00+00:00,65.27944,67.993996
2019-10-22 12:00:00+00:00,65.10627,66.282
2019-10-22 13:00:00+00:00,63.756023,65.51601
2019-10-22 14:00:00+00:00,63.53814,63.871002
2019-10-22 15:00:00+00:00,62.566326,63.715
2019-10-22 16:00:00+00:00,62.774715,66.07
2019-10-22 17:00:00+00:00,64.170334,67.00101
2019-10-22 18:00:00+00:00,62.23967,64.191
2019-10-22 19:00:00+00:00,58.54349,59.763
2019-10-22 20:00:00+00:00,55.72949,55.775
2019-10-22 21:00:00+00:00,51.016155,51.373
2019-10-22 22:00:00+00:00,48.01048,48.522
2019-10-22 23:00:00+00:00,46.42312,46.016
2019-10-23 00:00:00+00:00,44.512478,44.954
2019-10-23 01:00:00+00:00,44.70071,45.577
2019-10-23 02:00:00+00:00,46.531048,47.134003
2019-10-23 03:00:00+00:00,49.39279,51.918
2019-10-23 04:00:00+00:00,58.318348,60.552998
2019-10-23 05:00:00+00:00,63.85603,67.046005
2019-10-23 06:00:00+00:00,66.49787,68.555
2019-10-23 07:00:00+00:00,66.60577,68.613
2019-10-23 08:00:00+00:00,67.52986,69.307
2019-10-23 09:00:00+00:00,67.71517,70.298
2019-10-23 10:00:00+00:00,67.53512,69.495
2019-10-23 11:00:00+00:00,66.38969,68.612
2019-10-23 12:00:00+00:00,65.45242,67.087
2019-10-23 13:00:00+00:00,64.31974,65.846
2019-10-23 14:00:00+00:00,63.735992,64.858
2019-10-23 15:00:00+00:00,63.740963,65.117
2019-10-23 16:00:00+00:00,64.21444,67.462
2019-10-23 17:00:00+00:00,65.01283,68.181
2019-10-23 18:00:00+00:00,62.781036,64.478
2019-10-23 19:00:00+00:00,58.448654,60.427998
2019-10-23 20:00:00+00:00,56.24029,56.473
2019-10-23 21:00:00+00:00,51.234493,51.084
2019-10-23 22:00:00+00:00,47.70043,47.887997
2019-10-23 23:00:00+00:00,46.090477,45.959
2019-10-24 00:00:00+00:00,44.725395,44.759
2019-10-24 01:00:00+00:00,44.75454,44.927
2019-10-24 02:00:00+00:00,46.05687,46.573
2019-10-24 03:00:00+00:00,48.887558,50.87
2019-10-24 04:00:00+00:00,57.671783,59.386
2019-10-24 05:00:00+00:00,63.282192,65.809006
2019-10-24 06:00:00+00:00,65.982056,67.667
2019-10-24 07:00:00+00:00,66.12316,68.375
2019-10-24 08:00:00+00:00,67.44722,68.762
2019-10-24 09:00:00+00:00,67.2758,69.554
2019-10-24 10:00:00+00:00,66.96728,69.448006
2019-10-24 11:00:00+00:00,66.50166,69.1
2019-10-24 12:00:00+00:00,65.90444,67.055
2019-10-24 13:00:00+00:00,64.09114,65.297005
2019-10-24 14:00:00+00:00,62.96226,64.626
2019-10-24 15:00:00+00:00,63.549015,64.998
2019-10-24 16:00:00+00:00,64.22018,68.824
2019-10-24 17:00:00+00:00,66.28923,69.424995
2019-10-24 18:00:00+00:00,63.44988,64.983
2019-10-24 19:00:00+00:00,58.580086,59.977
2019-10-24 20:00:00+00:00,55.980824,55.795
2019-10-24 21:00:00+00:00,50.802605,51.408997
2019-10-24 22:00:00+00:00,47.96978,47.518997
2019-10-24 23:00:00+00:00,45.577362,45.594
2019-10-25 00:00:00+00:00,44.527428,44.763
2019-10-25 01:00:00+00:00,44.878296,44.537
2019-10-25 02:00:00+00:00,45.482258,45.489998
2019-10-25 03:00:00+00:00,47.219357,50.011
2019-10-25 04:00:00+00:00,57.159187,59.238
2019-10-25 05:00:00+00:00,63.25649,66.262
2019-10-25 06:00:00+00:00,66.26199,68.799
2019-10-25 07:00:00+00:00,66.913574,68.267
2019-10-25 08:00:00+00:00,67.37802,68.12
2019-10-25 09:00:00+00:00,67.004616,68.832
2019-10-25 10:00:00+00:00,66.64662,67.700005
2019-10-25 11:00:00+00:00,64.881226,65.446
2019-10-25 12:00:00+00:00,62.351154,63.59
2019-10-25 13:00:00+00:00,60.97218,62.684002
2019-10-25 14:00:00+00:00,61.410454,62.001
2019-10-25 15:00:00+00:00,61.91628,62.455
2019-10-25 16:00:00+00:00,62.296818,65.202
2019-10-25 17:00:00+00:00,63.317078,65.918
2019-10-25 18:00:00+00:00,60.73546,62.009
2019-10-25 19:00:00+00:00,56.28025,57.011
2019-10-25 20:00:00+00:00,53.110973,54.149002
2019-10-25 21:00:00+00:00,49.481335,49.763
2019-10-25 22:00:00+00:00,46.291706,47.1
2019-10-25 23:00:00+00:00,45.223934,45.203
2019-10-26 00:00:00+00:00,43.83591,43.929
2019-10-26 01:00:00+00:00,43.67011,43.48
2019-10-26 02:00:00+00:00,43.730396,43.911
2019-10-26 03:00:00+00:00,44.398064,44.91
2019-10-26 04:00:00+00:00,47.207314,47.124
2019-10-26 05:00:00+00:00,50.642197,50.151
2019-10-26 06:00:00+00:00,53.01088,53.049
2019-10-26 07:00:00+00:00,54.48912,55.802998
2019-10-26 08:00:00+00:00,55.949966,55.911
2019-10-26 09:00:00+00:00,54.593334,56.621
2019-10-26 10:00:00+00:00,54.95297,56.089
2019-10-26 11:00:00+00:00,54.243988,55.072
2019-10-26 12:00:00+00:00,53.394928,53.561
2019-10-26 13:00:00+00:00,52.293507,52.253002
2019-10-26 14:00:00+00:00,51.641624,52.001
2019-10-26 15:00:00+00:00,52.57995,52.739
2019-10-26 16:00:00+00:00,53.44602,56.441
2019-10-26 17:00:00+00:00,56.372433,55.961002
2019-10-26 18:00:00+00:00,53.077194,52.559998
2019-10-26 19:00:00+00:00,49.633938,50.078
2019-10-26 20:00:00+00:00,47.79788,48.428997
2019-10-26 21:00:00+00:00,45.083984,45.588
2019-10-26 22:00:00+00:00,42.71734,42.331
2019-10-26 23:00:00+00:00,40.560043,40.079
2019-10-27 00:00:00+00:00,39.078682,37.974
2019-10-27 01:00:00+00:00,37.507847,37.748
2019-10-27 02:00:00+00:00,37.65143,37.565998
2019-10-27 03:00:00+00:00,37.209206,38.288998
2019-10-27 04:00:00+00:00,38.751503,38.379
2019-10-27 05:00:00+00:00,40.37748,39.428
2019-10-27 06:00:00+00:00,42.390076,42.137
2019-10-27 07:00:00+00:00,44.649067,45.544
2019-10-27 08:00:00+00:00,47.436256,48.473
2019-10-27 09:00:00+00:00,49.31294,50.304996
2019-10-27 10:00:00+00:00,49.555824,51.636
2019-10-27 11:00:00+00:00,49.840855,51.666
2019-10-27 12:00:00+00:00,49.379833,49.531002
2019-10-27 13:00:00+00:00,47.23505,48.049
2019-10-27 14:00:00+00:00,46.754997,47.929
2019-10-27 15:00:00+00:00,48.11265,48.548
2019-10-27 16:00:00+00:00,49.165447,53.588
2019-10-27 17:00:00+00:00,54.449112,55.716
2019-10-27 18:00:00+00:00,53.437706,53.641
2019-10-27 19:00:00+00:00,50.725544,50.769
2019-10-27 20:00:00+00:00,48.980164,48.531998
2019-10-27 21:00:00+00:00,45.650375,47.294003
2019-10-27 22:00:00+00:00,44.42284,44.437
2019-10-27 23:00:00+00:00,42.102722,43.578
2019-10-28 00:00:00+00:00,42.930836,42.812
2019-10-28 01:00:00+00:00,42.97876,42.706
2019-10-28 02:00:00+00:00,43.943333,43.43
2019-10-28 03:00:00+00:00,45.719265,45.13
2019-10-28 04:00:00+00:00,50.48459,50.002
2019-10-28 05:00:00+00:00,56.196857,58.769
2019-10-28 06:00:00+00:00,62.11583,64.501
2019-10-28 07:00:00+00:00,64.49673,66.263
2019-10-28 08:00:00+00:00,64.93124,66.024
2019-10-28 09:00:00+00:00,65.44144,67.667
2019-10-28 10:00:00+00:00,66.28377,69.490005
2019-10-28 11:00:00+00:00,66.83045,69.345
2019-10-28 12:00:00+00:00,66.10949,68.656006
2019-10-28 13:00:00+00:00,65.40237,67.093
2019-10-28 14:00:00+00:00,64.13658,65.582
2019-10-28 15:00:00+00:00,63.060753,63.957005
2019-10-28 16:00:00+00:00,62.09764,67.013
2019-10-28 17:00:00+00:00,65.749504,67.339005
2019-10-28 18:00:00+00:00,63.673916,66.055
2019-10-28 19:00:00+00:00,60.91659,63.154
2019-10-28 20:00:00+00:00,58.42161,59.468998
2019-10-28 21:00:00+00:00,54.96542,55.991
2019-10-28 22:00:00+00:00,51.19426,51.016003
2019-10-28 23:00:00+00:00,47.69338,48.326004
2019-10-29 00:00:00+00:00,46.406303,46.844
2019-10-29 01:00:00+00:00,45.7078,46.156
2019-10-29 02:00:00+00:00,46.382828,46.601
2019-10-29 03:00:00+00:00,47.894596,48.34
2019-10-29 04:00:00+00:00,51.72315,51.937996
2019-10-29 05:00:00+00:00,58.10406,60.641
2019-10-29 06:00:00+00:00,64.21213,65.372
2019-10-29 07:00:00+00:00,65.49743,67.745
2019-10-29 08:00:00+00:00,66.34061,68.22
2019-10-29 09:00:00+00:00,67.36446,68.657
2019-10-29 10:00:00+00:00,66.93172,69.4
2019-10-29 11:00:00+00:00,66.87852,68.541
2019-10-29 12:00:00+00:00,65.73205,68.099
2019-10-29 13:00:00+00:00,65.106224,67.114
2019-10-29 14:00:00+00:00,64.536514,66.367004
2019-10-29 15:00:00+00:00,64.41345,65.848
2019-10-29 16:00:00+00:00,64.53924,68.798
2019-10-29 17:00:00+00:00,67.16817,68.811005
2019-10-29 18:00:00+00:00,64.64595,66.956
2019-10-29 19:00:00+00:00,61.651684,63.670002
2019-10-29 20:00:00+00:00,59.012268,60.309998
2019-10-29 21:00:00+00:00,56.269928,57.171
2019-10-29 22:00:00+00:00,52.255577,52.563004
2019-10-29 23:00:00+00:00,48.85715,49.258003
2019-10-30 00:00:00+00:00,47.053024,48.176003
2019-10-30 01:00:00+00:00,46.86191,47.365
2019-10-30 02:00:00+00:00,47.103027,47.715996
2019-10-30 03:00:00+00:00,48.643993,49.287
2019-10-30 04:00:00+00:00,51.96971,52.735
2019-10-30 05:00:00+00:00,58.650227,60.294003
2019-10-30 06:00:00+00:00,63.945972,64.868004
2019-10-30 07:00:00+00:00,65.367355,66.888
2019-10-30 08:00:00+00:00,65.85839,66.842
2019-10-30 09:00:00+00:00,66.18615,67.524
2019-10-30 10:00:00+00:00,66.112885,67.781006
2019-10-30 11:00:00+00:00,65.53584,67.755
2019-10-30 12:00:00+00:00,65.08861,67.747
2019-10-30 13:00:00+00:00,65.01671,66.886
2019-10-30 14:00:00+00:00,64.367325,65.722
2019-10-30 15:00:00+00:00,63.637737,65.164
2019-10-30 16:00:00+00:00,63.797153,68.58
2019-10-30 17:00:00+00:00,66.94426,68.06
2019-10-30 18:00:00+00:00,63.802963,67.297005
2019-10-30 19:00:00+00:00,62.134357,63.59
2019-10-30 20:00:00+00:00,58.873398,60.897
2019-10-30 21:00:00+00:00,57.26995,57.295
2019-10-30 22:00:00+00:00,52.409103,53.521
2019-10-30 23:00:00+00:00,49.867374,49.878998
2019-10-31 00:00:00+00:00,47.434696,47.697998
2019-10-31 01:00:00+00:00,46.097496,47.211
2019-10-31 02:00:00+00:00,46.88182,47.574
2019-10-31 03:00:00+00:00,48.17672,48.189
2019-10-31 04:00:00+00:00,49.281303,50.127
2019-10-31 05:00:00+00:00,55.077606,55.329002
2019-10-31 06:00:00+00:00,59.690132,59.743
2019-10-31 07:00:00+00:00,61.88964,62.429
2019-10-31 08:00:00+00:00,62.48224,63.133
2019-10-31 09:00:00+00:00,62.58158,63.554
2019-10-31 10:00:00+00:00,62.389088,63.989002
2019-10-31 11:00:00+00:00,62.110146,62.661003
2019-10-31 12:00:00+00:00,60.274128,61.938
2019-10-31 13:00:00+00:00,59.546528,60.923004
2019-10-31 14:00:00+00:00,59.06579,59.906002
2019-10-31 15:00:00+00:00,58.687935,59.41
2019-10-31 16:00:00+00:00,58.946186,62.735004
2019-10-31 17:00:00+00:00,62.52457,63.411003
2019-10-31 18:00:00+00:00,60.343674,62.313
2019-10-31 19:00:00+00:00,57.898182,59.035
2019-10-31 20:00:00+00:00,55.30042,56.343
2019-10-31 21:00:00+00:00,53.24553,53.800003
2019-10-31 22:00:00+00:00,49.69963,49.284
2019-10-31 23:00:00+00:00,46.171257,46.245
2019-11-01 00:00:00+00:00,44.323593,44.415
2019-11-01 01:00:00+00:00,42.86223,43.389
2019-11-01 02:00:00+00:00,42.664314,43.59
2019-11-01 03:00:00+00:00,43.72026,44.275
2019-11-01 04:00:00+00:00,44.865158,44.971
2019-11-01 05:00:00+00:00,46.9897,46.995
2019-11-01 06:00:00+00:00,50.05814,50.019997
2019-11-01 07:00:00+00:00,52.647995,53.196
2019-11-01 08:00:00+00:00,54.58801,54.071
2019-11-01 09:00:00+00:00,53.7827,55.286
2019-11-01 10:00:00+00:00,54.339027,56.854
2019-11-01 11:00:00+00:00,55.797844,57.397003
2019-11-01 12:00:00+00:00,55.903362,56.574
2019-11-01 13:00:00+00:00,54.878185,55.074
2019-11-01 14:00:00+00:00,53.55786,55.059998
2019-11-01 15:00:00+00:00,55.077393,55.376003
2019-11-01 16:00:00+00:00,55.64167,59.001
2019-11-01 17:00:00+00:00,58.943317,58.470997
2019-11-01 18:00:00+00:00,55.55099,56.878002
2019-11-01 19:00:00+00:00,53.83,53.697002
2019-11-01 20:00:00+00:00,51.3468,51.273
2019-11-01 21:00:00+00:00,48.7513,49.714996
2019-11-01 22:00:00+00:00,46.601128,46.48
2019-11-01 23:00:00+00:00,43.72678,43.454998
2019-11-02 00:00:00+00:00,41.73692,41.538002
2019-11-02 01:00:00+00:00,40.51707,40.784
2019-11-02 02:00:00+00:00,40.56983,40.635002
2019-11-02 03:00:00+00:00,40.90241,41.14
2019-11-02 04:00:00+00:00,41.890636,42.553
2019-11-02 05:00:00+00:00,45.36031,44.703
2019-11-02 06:00:00+00:00,48.3119,47.532
2019-11-02 07:00:00+00:00,50.499268,50.989002
2019-11-02 08:00:00+00:00,52.986877,53.416004
2019-11-02 09:00:00+00:00,53.85774,54.344
2019-11-02 10:00:00+00:00,53.4924,55.384
2019-11-02 11:00:00+00:00,54.07687,55.564
2019-11-02 12:00:00+00:00,53.997906,54.978
2019-11-02 13:00:00+00:00,53.488625,53.247997
2019-11-02 14:00:00+00:00,51.706413,52.312004
2019-11-02 15:00:00+00:00,51.77035,52.718002
2019-11-02 16:00:00+00:00,53.425507,57.206
2019-11-02 17:00:00+00:00,58.0526,57.458004
2019-11-02 18:00:00+00:00,54.92423,55.103
2019-11-02 19:00:00+00:00,52.085583,51.594
2019-11-02 20:00:00+00:00,49.501835,49.062
2019-11-02 21:00:00+00:00,46.65497,47.806
2019-11-02 22:00:00+00:00,44.800938,44.941
2019-11-02 23:00:00+00:00,42.336903,41.336002
2019-11-03 00:00:00+00:00,39.968765,39.153
2019-11-03 01:00:00+00:00,38.5323,38.431
2019-11-03 02:00:00+00:00,38.345234,38.346
2019-11-03 03:00:00+00:00,38.668472,38.645
2019-11-03 04:00:00+00:00,39.070946,38.75
2019-11-03 05:00:00+00:00,39.53531,38.584
2019-11-03 06:00:00+00:00,40.80372,40.181
2019-11-03 07:00:00+00:00,43.240795,43.761
2019-11-03 08:00:00+00:00,46.365776,46.615
2019-11-03 09:00:00+00:00,48.43903,48.885998
2019-11-03 10:00:00+00:00,49.452175,51.492
2019-11-03 11:00:00+00:00,50.668186,51.346
2019-11-03 12:00:00+00:00,48.995968,49.42
2019-11-03 13:00:00+00:00,46.94177,48.322002
2019-11-03 14:00:00+00:00,46.685467,48.329002
2019-11-03 15:00:00+00:00,48.314987,49.173996
2019-11-03 16:00:00+00:00,50.061485,53.537003
2019-11-03 17:00:00+00:00,54.791878,54.404
2019-11-03 18:00:00+00:00,52.752598,52.653
2019-11-03 19:00:00+00:00,50.127346,50.271004
2019-11-03 20:00:00+00:00,48.462982,48.099
2019-11-03 21:00:00+00:00,46.50265,46.852997
2019-11-03 22:00:00+00:00,44.250473,43.949
2019-11-03 23:00:00+00:00,41.48085,41.861
2019-11-04 00:00:00+00:00,40.331238,40.959
2019-11-04 01:00:00+00:00,40.287975,40.435
2019-11-04 02:00:00+00:00,40.748447,41.112
2019-11-04 03:00:00+00:00,42.440235,43.235
2019-11-04 04:00:00+00:00,47.835598,47.326
2019-11-04 05:00:00+00:00,54.456295,57.028004
2019-11-04 06:00:00+00:00,61.144466,63.645004
2019-11-04 07:00:00+00:00,64.18263,66.099
2019-11-04 08:00:00+00:00,64.8496,66.629
2019-11-04 09:00:00+00:00,66.30068,67.832
2019-11-04 10:00:00+00:00,66.73304,68.071
2019-11-04 11:00:00+00:00,65.80595,67.693
2019-11-04 12:00:00+00:00,64.9926,67.752
2019-11-04 13:00:00+00:00,64.787865,67.121
2019-11-04 14:00:00+00:00,64.15863,66.283005
2019-11-04 15:00:00+00:00,63.640995,65.695
2019-11-04 16:00:00+00:00,63.71817,68.862
2019-11-04 17:00:00+00:00,66.76304,68.340996
2019-11-04 18:00:00+00:00,63.949627,66.54
2019-11-04 19:00:00+00:00,61.296223,62.673
2019-11-04 20:00:00+00:00,58.00987,57.956
2019-11-04 21:00:00+00:00,53.916393,54.371
2019-11-04 22:00:00+00:00,50.003883,50.147
2019-11-04 23:00:00+00:00,46.97441,47.601
2019-11-05 00:00:00+00:00,45.69871,45.852
2019-11-05 01:00:00+00:00,44.7746,45.586998
2019-11-05 02:00:00+00:00,46.156956,46.367
2019-11-05 03:00:00+00:00,48.037563,48.111996
2019-11-05 04:00:00+00:00,52.517467,51.902
2019-11-05 05:00:00+00:00,58.28041,59.542
2019-11-05 06:00:00+00:00,63.377983,65.4
2019-11-05 07:00:00+00:00,65.86441,67.353004
2019-11-05 08:00:00+00:00,66.12353,67.374
2019-11-05 09:00:00+00:00,66.577835,68.056
2019-11-05 10:00:00+00:00,66.731445,69.095
2019-11-05 11:00:00+00:00,66.66312,68.589
2019-11-05 12:00:00+00:00,65.67042,68.29
2019-11-05 13:00:00+00:00,65.303795,66.802
2019-11-05 14:00:00+00:00,64.17086,66.071
2019-11-05 15:00:00+00:00,64.01342,66.5
2019-11-05 16:00:00+00:00,65.32303,69.576004
2019-11-05 17:00:00+00:00,67.48623,69.562004
2019-11-05 18:00:00+00:00,64.832214,68.017006
2019-11-05 19:00:00+00:00,62.390945,64.068
2019-11-05 20:00:00+00:00,59.06499,60.301003
2019-11-05 21:00:00+00:00,56.32149,56.301003
2019-11-05 22:00:00+00:00,51.523907,51.943
2019-11-05 23:00:00+00:00,48.576115,48.64
2019-11-06 00:00:00+00:00,46.57881,47.587
2019-11-06 01:00:00+00:00,46.43502,46.828
2019-11-06 02:00:00+00:00,46.740437,47.732
2019-11-06 03:00:00+00:00,49.059425,49.487003
2019-11-06 04:00:00+00:00,53.14298,52.893
2019-11-06 05:00:00+00:00,58.815903,61.302998
2019-11-06 06:00:00+00:00,64.75081,66.749
2019-11-06 07:00:00+00:00,66.62267,68.726
2019-11-06 08:00:00+00:00,66.97329,69.004
2019-11-06 09:00:00+00:00,67.95999,69.43
2019-11-06 10:00:00+00:00,67.736015,70.285
2019-11-06 11:00:00+00:00,67.6161,69.84
2019-11-06 12:00:00+00:00,66.89883,69.384
2019-11-06 13:00:00+00:00,66.33301,68.522
2019-11-06 14:00:00+00:00,65.86328,68.077
2019-11-06 15:00:00+00:00,66.10576,67.814
2019-11-06 16:00:00+00:00,66.322716,70.609
2019-11-06 17:00:00+00:00,68.379776,69.906
2019-11-06 18:00:00+00:00,65.4322,67.965004
2019-11-06 19:00:00+00:00,62.719864,63.989002
2019-11-06 20:00:00+00:00,59.411602,60.441
2019-11-06 21:00:00+00:00,56.579605,57.164997
2019-11-06 22:00:00+00:00,52.39623,52.657997
2019-11-06 23:00:00+00:00,49.10545,49.447
2019-11-07 00:00:00+00:00,47.315697,47.876003
2019-11-07 01:00:00+00:00,46.477455,47.195004
2019-11-07 02:00:00+00:00,47.07438,47.877
2019-11-07 03:00:00+00:00,48.99274,49.298
2019-11-07 04:00:00+00:00,51.923653,52.9
2019-11-07 05:00:00+00:00,58.87643,61.513004
2019-11-07 06:00:00+00:00,64.91554,67.295
2019-11-07 07:00:00+00:00,66.94067,69.359
2019-11-07 08:00:00+00:00,67.33185,69.476
2019-11-07 09:00:00+00:00,68.24692,69.959
2019-11-07 10:00:00+00:00,68.16005,71.062996
2019-11-07 11:00:00+00:00,68.24199,70.633
2019-11-07 12:00:00+00:00,67.51753,70.41901
2019-11-07 13:00:00+00:00,67.17532,69.297
2019-11-07 14:00:00+00:00,66.48614,68.883
2019-11-07 15:00:00+00:00,66.688225,68.867
2019-11-07 16:00:00+00:00,67.27526,71.578
2019-11-07 17:00:00+00:00,69.06713,71.394
2019-11-07 18:00:00+00:00,66.623985,69.553
2019-11-07 19:00:00+00:00,63.865696,65.092
2019-11-07 20:00:00+00:00,60.14421,61.093002
2019-11-07 21:00:00+00:00,57.32777,57.483
2019-11-07 22:00:00+00:00,52.689457,53.087
2019-11-07 23:00:00+00:00,49.508015,49.682
2019-11-08 00:00:00+00:00,47.512737,48.449
2019-11-08 01:00:00+00:00,47.100304,47.329
2019-11-08 02:00:00+00:00,47.03302,47.745
2019-11-08 03:00:00+00:00,48.827496,49.519
2019-11-08 04:00:00+00:00,52.19491,53.213997
2019-11-08 05:00:00+00:00,59.510464,61.777
2019-11-08 06:00:00+00:00,65.306244,67.251
2019-11-08 07:00:00+00:00,67.093506,68.807
2019-11-08 08:00:00+00:00,67.149284,70.098
2019-11-08 09:00:00+00:00,68.953606,70.364
2019-11-08 10:00:00+00:00,68.45398,71.337
2019-11-08 11:00:00+00:00,68.38061,70.535
2019-11-08 12:00:00+00:00,67.61687,69.358
2019-11-08 13:00:00+00:00,66.29758,67.935
2019-11-08 14:00:00+00:00,65.35166,66.041
2019-11-08 15:00:00+00:00,64.34365,66.438
2019-11-08 16:00:00+00:00,66.036385,68.651
2019-11-08 17:00:00+00:00,67.7797,68.183
2019-11-08 18:00:00+00:00,64.608,65.892006
2019-11-08 19:00:00+00:00,61.36314,61.77
2019-11-08 20:00:00+00:00,57.774906,58.524002
2019-11-08 21:00:00+00:00,54.94296,55.313
2019-11-08 22:00:00+00:00,50.792973,50.767
2019-11-08 23:00:00+00:00,47.663414,48.069
2019-11-09 00:00:00+00:00,46.26991,45.754
2019-11-09 01:00:00+00:00,44.405144,44.866
2019-11-09 02:00:00+00:00,44.776207,44.759
2019-11-09 03:00:00+00:00,45.146698,44.951
2019-11-09 04:00:00+00:00,45.237106,45.373
2019-11-09 05:00:00+00:00,46.78086,47.034
2019-11-09 06:00:00+00:00,49.83673,49.657
2019-11-09 07:00:00+00:00,52.009075,54.317
2019-11-09 08:00:00+00:00,56.04258,56.812
2019-11-09 09:00:00+00:00,56.587593,58.63
2019-11-09 10:00:00+00:00,57.219215,59.414997
2019-11-09 11:00:00+00:00,57.368267,58.920002
2019-11-09 12:00:00+00:00,56.31308,56.758003
2019-11-09 13:00:00+00:00,54.308258,55.325
2019-11-09 14:00:00+00:00,53.82327,54.847004
2019-11-09 15:00:00+00:00,54.79984,55.435
2019-11-09 16:00:00+00:00,56.266006,59.443
2019-11-09 17:00:00+00:00,59.794014,59.139
2019-11-09 18:00:00+00:00,56.109917,57.253
2019-11-09 19:00:00+00:00,53.785004,53.164997
2019-11-09 20:00:00+00:00,50.435345,50.926
2019-11-09 21:00:00+00:00,48.954945,49.994
2019-11-09 22:00:00+00:00,46.869553,47.162
2019-11-09 23:00:00+00:00,44.024063,45.458
2019-11-10 00:00:00+00:00,43.528885,43.687
2019-11-10 01:00:00+00:00,42.387104,42.673
2019-11-10 02:00:00+00:00,42.396065,42.043
2019-11-10 03:00:00+00:00,42.069016,41.951
2019-11-10 04:00:00+00:00,42.126873,41.995003
2019-11-10 05:00:00+00:00,42.66453,41.94
2019-11-10 06:00:00+00:00,43.928997,43.55
2019-11-10 07:00:00+00:00,46.33808,46.847996
2019-11-10 08:00:00+00:00,49.42274,49.935997
2019-11-10 09:00:00+00:00,51.611675,52.118
2019-11-10 10:00:00+00:00,52.333237,54.152
2019-11-10 11:00:00+00:00,53.340755,53.491
2019-11-10 12:00:00+00:00,51.323807,52.441998
2019-11-10 13:00:00+00:00,50.341064,50.818
2019-11-10 14:00:00+00:00,49.26608,50.594
2019-11-10 15:00:00+00:00,50.767952,52.576
2019-11-10 16:00:00+00:00,54.55058,56.290005
2019-11-10 17:00:00+00:00,57.09893,57.222004
2019-11-10 18:00:00+00:00,55.167706,55.175
2019-11-10 19:00:00+00:00,52.38432,53.636997
2019-11-10 20:00:00+00:00,51.788387,52.607002
2019-11-10 21:00:00+00:00,51.04621,52.254
2019-11-10 22:00:00+00:00,49.59186,48.428997
2019-11-10 23:00:00+00:00,45.159348,46.167
2019-11-11 00:00:00+00:00,44.286774,44.878998
2019-11-11 01:00:00+00:00,43.67955,44.367
2019-11-11 02:00:00+00:00,44.386883,44.882
2019-11-11 03:00:00+00:00,46.08206,46.815
2019-11-11 04:00:00+00:00,50.623753,51.203003
2019-11-11 05:00:00+00:00,57.935467,60.007
2019-11-11 06:00:00+00:00,63.488976,67.092
2019-11-11 07:00:00+00:00,66.8296,69.303
2019-11-11 08:00:00+00:00,67.4174,70.537
2019-11-11 09:00:00+00:00,69.170135,70.975006
2019-11-11 10:00:00+00:00,69.21184,71.145996
2019-11-11 11:00:00+00:00,68.43435,71.315
2019-11-11 12:00:00+00:00,68.37485,70.974
2019-11-11 13:00:00+00:00,67.81257,70.543
2019-11-11 14:00:00+00:00,67.45339,70.069
2019-11-11 15:00:00+00:00,67.63074,69.847
2019-11-11 16:00:00+00:00,67.96126,72.370995
2019-11-11 17:00:00+00:00,69.724014,72.139
2019-11-11 18:00:00+00:00,67.51591,70.524
2019-11-11 19:00:00+00:00,64.85735,66.054
2019-11-11 20:00:00+00:00,60.994545,61.234
2019-11-11 21:00:00+00:00,57.310837,58.078003
2019-11-11 22:00:00+00:00,53.480614,54.142998
2019-11-11 23:00:00+00:00,50.331264,50.473003
2019-11-12 00:00:00+00:00,48.16815,48.683002
2019-11-12 01:00:00+00:00,47.307,48.023
2019-11-12 02:00:00+00:00,47.945057,48.479
2019-11-12 03:00:00+00:00,49.678627,50.085
2019-11-12 04:00:00+00:00,52.540375,54.038002
2019-11-12 05:00:00+00:00,60.610416,62.054
2019-11-12 06:00:00+00:00,65.708374,68.353
2019-11-12 07:00:00+00:00,68.09031,70.25
2019-11-12 08:00:00+00:00,68.29836,70.862
2019-11-12 09:00:00+00:00,69.356964,71.213
2019-11-12 10:00:00+00:00,69.30653,71.579
2019-11-12 11:00:00+00:00,68.739555,71.558
2019-11-12 12:00:00+00:00,68.47398,70.185
2019-11-12 13:00:00+00:00,67.18771,69.462
2019-11-12 14:00:00+00:00,66.819214,69.0
2019-11-12 15:00:00+00:00,67.45478,69.078
2019-11-12 16:00:00+00:00,68.01234,71.11
2019-11-12 17:00:00+00:00,69.11061,71.624
2019-11-12 18:00:00+00:00,67.2529,69.441
2019-11-12 19:00:00+00:00,63.805084,66.281006
2019-11-12 20:00:00+00:00,61.248245,62.107
2019-11-12 21:00:00+00:00,57.8446,58.998
2019-11-12 22:00:00+00:00,54.147327,55.174004
2019-11-12 23:00:00+00:00,51.14042,51.499996
2019-11-13 00:00:00+00:00,48.85704,50.260998
2019-11-13 01:00:00+00:00,48.73438,49.067997
2019-11-13 02:00:00+00:00,48.35888,49.735
2019-11-13 03:00:00+00:00,50.598564,51.855003
2019-11-13 04:00:00+00:00,54.673626,55.025997
2019-11-13 05:00:00+00:00,60.74942,61.419
2019-11-13 06:00:00+00:00,65.02054,67.414
2019-11-13 07:00:00+00:00,67.73979,69.039
2019-11-13 08:00:00+00:00,67.47825,69.13
2019-11-13 09:00:00+00:00,67.873535,69.767
2019-11-13 10:00:00+00:00,68.268776,70.748
2019-11-13 11:00:00+00:00,68.128624,70.096
2019-11-13 12:00:00+00:00,67.151955,69.78
2019-11-13 13:00:00+00:00,66.947495,68.166
2019-11-13 14:00:00+00:00,65.84065,67.864
2019-11-13 15:00:00+00:00,66.23493,68.052
2019-11-13 16:00:00+00:00,67.09078,70.191
2019-11-13 17:00:00+00:00,68.191025,69.769
2019-11-13 18:00:00+00:00,65.60209,68.213
2019-11-13 19:00:00+00:00,63.291626,64.915
2019-11-13 20:00:00+00:00,60.37531,61.633
2019-11-13 21:00:00+00:00,57.892963,58.028
2019-11-13 22:00:00+00:00,53.414185,54.106
2019-11-13 23:00:00+00:00,50.56616,51.007
2019-11-14 00:00:00+00:00,48.552517,49.357002
2019-11-14 01:00:00+00:00,47.664593,48.29
2019-11-14 02:00:00+00:00,47.572678,48.789
2019-11-14 03:00:00+00:00,49.287323,50.363
2019-11-14 04:00:00+00:00,51.99691,53.641
2019-11-14 05:00:00+00:00,59.082806,61.668003
2019-11-14 06:00:00+00:00,64.926994,67.25201
2019-11-14 07:00:00+00:00,66.955345,68.952995
2019-11-14 08:00:00+00:00,66.94965,68.366005
2019-11-14 09:00:00+00:00,67.28209,69.496
2019-11-14 10:00:00+00:00,67.85748,69.916
2019-11-14 11:00:00+00:00,67.263535,70.198006
2019-11-14 12:00:00+00:00,67.1089,68.562
2019-11-14 13:00:00+00:00,65.66981,68.148
2019-11-14 14:00:00+00:00,65.5269,67.031006
2019-11-14 15:00:00+00:00,65.24677,66.711006
2019-11-14 16:00:00+00:00,65.45203,69.964005
2019-11-14 17:00:00+00:00,68.202034,70.114006
2019-11-14 18:00:00+00:00,65.643745,69.283005
2019-11-14 19:00:00+00:00,63.516457,65.306
2019-11-14 20:00:00+00:00,60.125965,61.698
2019-11-14 21:00:00+00:00,57.721523,58.684002
2019-11-14 22:00:00+00:00,53.886982,54.822
2019-11-14 23:00:00+00:00,50.82295,50.662003
2019-11-15 00:00:00+00:00,48.113132,49.055
2019-11-15 01:00:00+00:00,47.46767,48.179
2019-11-15 02:00:00+00:00,47.548626,48.54
2019-11-15 03:00:00+00:00,49.158,50.385002
2019-11-15 04:00:00+00:00,52.414436,53.7
2019-11-15 05:00:00+00:00,59.662727,61.010002
2019-11-15 06:00:00+00:00,64.65763,67.119
2019-11-15 07:00:00+00:00,67.29089,70.058
2019-11-15 08:00:00+00:00,68.05389,70.13
2019-11-15 09:00:00+00:00,68.45056,69.946
2019-11-15 10:00:00+00:00,68.21273,69.458
2019-11-15 11:00:00+00:00,67.16029,70.242004
2019-11-15 12:00:00+00:00,67.4235,68.498
2019-11-15 13:00:00+00:00,65.71045,66.884
2019-11-15 14:00:00+00:00,64.36566,66.209
2019-11-15 15:00:00+00:00,65.02712,66.631996
2019-11-15 16:00:00+00:00,66.31426,68.515
2019-11-15 17:00:00+00:00,67.22365,67.789
2019-11-15 18:00:00+00:00,64.16472,65.239
2019-11-15 19:00:00+00:00,60.90743,60.747
2019-11-15 20:00:00+00:00,57.102036,57.585
2019-11-15 21:00:00+00:00,54.23373,55.432003
2019-11-15 22:00:00+00:00,51.21903,51.782997
2019-11-15 23:00:00+00:00,48.376705,47.857002
2019-11-16 00:00:00+00:00,45.946075,46.079
2019-11-16 01:00:00+00:00,44.91758,45.017998
2019-11-16 02:00:00+00:00,44.428257,45.267
2019-11-16 03:00:00+00:00,45.674473,45.375
2019-11-16 04:00:00+00:00,45.4512,45.086002
2019-11-16 05:00:00+00:00,45.64188,46.156
2019-11-16 06:00:00+00:00,48.40624,49.389
2019-11-16 07:00:00+00:00,51.72031,52.784004
2019-11-16 08:00:00+00:00,54.200626,56.424
2019-11-16 09:00:00+00:00,56.633823,57.689
2019-11-16 10:00:00+00:00,56.15791,58.684002
2019-11-16 11:00:00+00:00,56.551983,58.137
2019-11-16 12:00:00+00:00,55.69083,56.82
2019-11-16 13:00:00+00:00,54.607418,55.733
2019-11-16 14:00:00+00:00,54.396904,55.423
2019-11-16 15:00:00+00:00,55.263355,56.576
2019-11-16 16:00:00+00:00,57.114376,59.771
2019-11-16 17:00:00+00:00,59.355415,59.817
2019-11-16 18:00:00+00:00,56.67625,59.036
2019-11-16 19:00:00+00:00,55.429913,55.342
2019-11-16 20:00:00+00:00,52.309025,52.743
2019-11-16 21:00:00+00:00,50.599644,50.978
2019-11-16 22:00:00+00:00,47.611393,47.171997
2019-11-16 23:00:00+00:00,44.21085,44.313
2019-11-17 00:00:00+00:00,42.492744,42.707
2019-11-17 01:00:00+00:00,41.4819,41.850002
2019-11-17 02:00:00+00:00,41.65606,41.555
2019-11-17 03:00:00+00:00,41.947243,42.126
2019-11-17 04:00:00+00:00,43.09472,41.663002
2019-11-17 05:00:00+00:00,42.321606,40.953
2019-11-17 06:00:00+00:00,42.55546,43.371002
2019-11-17 07:00:00+00:00,46.280296,46.444
2019-11-17 08:00:00+00:00,49.070293,49.810997
2019-11-17 09:00:00+00:00,51.791756,52.330997
2019-11-17 10:00:00+00:00,52.743374,54.829
2019-11-17 11:00:00+00:00,54.002216,54.3
2019-11-17 12:00:00+00:00,52.122513,53.262
2019-11-17 13:00:00+00:00,50.91739,52.394997
2019-11-17 14:00:00+00:00,50.857914,51.924
2019-11-17 15:00:00+00:00,51.504517,53.195004
2019-11-17 16:00:00+00:00,54.42673,56.445004
2019-11-17 17:00:00+00:00,57.08554,56.999
2019-11-17 18:00:00+00:00,55.06024,54.967
2019-11-17 19:00:00+00:00,52.287834,53.094
2019-11-17 20:00:00+00:00,51.134377,51.788
2019-11-17 21:00:00+00:00,50.246246,51.059
2019-11-17 22:00:00+00:00,48.67319,47.746998
2019-11-17 23:00:00+00:00,44.470688,44.573997
2019-11-18 00:00:00+00:00,42.483505,42.922
2019-11-18 01:00:00+00:00,41.514977,42.43
2019-11-18 02:00:00+00:00,42.220226,42.326
2019-11-18 03:00:00+00:00,42.97119,44.193
2019-11-18 04:00:00+00:00,47.31701,48.92
2019-11-18 05:00:00+00:00,56.368557,59.459
2019-11-18 06:00:00+00:00,63.249058,65.36
2019-11-18 07:00:00+00:00,65.33824,67.437996
2019-11-18 08:00:00+00:00,66.15984,68.631
2019-11-18 09:00:00+00:00,68.30589,69.93201
2019-11-18 10:00:00+00:00,68.438,70.423
2019-11-18 11:00:00+00:00,67.830666,70.302
2019-11-18 12:00:00+00:00,67.50773,70.372
2019-11-18 13:00:00+00:00,67.19709,69.234
2019-11-18 14:00:00+00:00,66.11742,68.372
2019-11-18 15:00:00+00:00,65.76056,68.912
2019-11-18 16:00:00+00:00,67.20483,71.708
2019-11-18 17:00:00+00:00,69.18499,72.069
2019-11-18 18:00:00+00:00,67.23084,70.916
2019-11-18 19:00:00+00:00,64.90515,66.847
2019-11-18 20:00:00+00:00,61.2227,62.806
2019-11-18 21:00:00+00:00,58.270824,59.555
2019-11-18 22:00:00+00:00,54.16183,55.352
2019-11-18 23:00:00+00:00,50.905487,51.873
2019-11-19 00:00:00+00:00,48.94613,50.480003
2019-11-19 01:00:00+00:00,48.629124,49.676003
2019-11-19 02:00:00+00:00,49.15644,50.315
2019-11-19 03:00:00+00:00,51.480408,51.495
2019-11-19 04:00:00+00:00,53.720863,55.651
2019-11-19 05:00:00+00:00,62.474434,63.708
2019-11-19 06:00:00+00:00,67.09338,69.753
2019-11-19 07:00:00+00:00,69.22057,72.246
2019-11-19 08:00:00+00:00,69.96572,72.362
2019-11-19 09:00:00+00:00,70.50265,71.784004
2019-11-19 10:00:00+00:00,69.85805,72.513
2019-11-19 11:00:00+00:00,69.85182,72.023
2019-11-19 12:00:00+00:00,69.124214,71.451
2019-11-19 13:00:00+00:00,68.466515,69.705
2019-11-19 14:00:00+00:00,67.54254,68.546005
2019-11-19 15:00:00+00:00,67.47406,69.129
2019-11-19 16:00:00+00:00,69.03184,71.698006
2019-11-19 17:00:00+00:00,70.03211,70.132
2019-11-19 18:00:00+00:00,65.908424,68.493
2019-11-19 19:00:00+00:00,63.77345,65.04
2019-11-19 20:00:00+00:00,60.559334,61.276
2019-11-19 21:00:00+00:00,57.023365,58.683002
2019-11-19 22:00:00+00:00,54.636562,54.704
2019-11-19 23:00:00+00:00,51.118084,52.045998
2019-11-20 00:00:00+00:00,49.868916,50.179
2019-11-20 01:00:00+00:00,48.541595,49.399002
2019-11-20 02:00:00+00:00,48.812843,49.686
2019-11-20 03:00:00+00:00,50.028812,50.864002
2019-11-20 04:00:00+00:00,51.88652,53.773003
2019-11-20 05:00:00+00:00,58.618706,61.161
2019-11-20 06:00:00+00:00,64.503204,67.312996
2019-11-20 07:00:00+00:00,67.139305,69.484
2019-11-20 08:00:00+00:00,67.18314,70.034004
2019-11-20 09:00:00+00:00,68.19608,70.895
2019-11-20 10:00:00+00:00,68.67937,71.732
2019-11-20 11:00:00+00:00,68.55194,71.269
2019-11-20 12:00:00+00:00,67.92929,70.658005
2019-11-20 13:00:00+00:00,67.40834,68.878
2019-11-20 14:00:00+00:00,66.04756,68.498
2019-11-20 15:00:00+00:00,66.383156,69.647
2019-11-20 16:00:00+00:00,68.294464,71.039
2019-11-20 17:00:00+00:00,68.49963,70.855
2019-11-20 18:00:00+00:00,66.40252,69.072
2019-11-20 19:00:00+00:00,63.995327,65.086
2019-11-20 20:00:00+00:00,60.30173,61.840004
2019-11-20 21:00:00+00:00,58.13273,58.966003
2019-11-20 22:00:00+00:00,54.043648,55.267
2019-11-20 23:00:00+00:00,51.190193,52.52
2019-11-21 00:00:00+00:00,49.8102,50.786
2019-11-21 01:00:00+00:00,48.8955,49.824
2019-11-21 02:00:00+00:00,49.195324,50.474
2019-11-21 03:00:00+00:00,51.270695,51.634003
2019-11-21 04:00:00+00:00,53.254505,55.157
2019-11-21 05:00:00+00:00,60.980034,62.463997
2019-11-21 06:00:00+00:00,65.8239,68.14
2019-11-21 07:00:00+00:00,67.933464,70.337
2019-11-21 08:00:00+00:00,68.399445,70.422005
2019-11-21 09:00:00+00:00,68.885155,70.927
2019-11-21 10:00:00+00:00,69.01816,71.326
2019-11-21 11:00:00+00:00,68.63735,70.739
2019-11-21 12:00:00+00:00,67.80466,70.350006
2019-11-21 13:00:00+00:00,67.49216,69.284996
2019-11-21 14:00:00+00:00,66.92205,68.844
2019-11-21 15:00:00+00:00,67.22539,69.617
2019-11-21 16:00:00+00:00,68.50698,71.696
2019-11-21 17:00:00+00:00,69.20708,71.102
2019-11-21 18:00:00+00:00,66.465385,68.64
2019-11-21 19:00:00+00:00,63.59914,65.046
2019-11-21 20:00:00+00:00,60.7082,61.843998
2019-11-21 21:00:00+00:00,58.115803,59.247
2019-11-21 22:00:00+00:00,54.81485,55.873
2019-11-21 23:00:00+00:00,52.100533,52.752003
2019-11-22 00:00:00+00:00,50.05809,50.936996
2019-11-22 01:00:00+00:00,49.12603,50.207005
2019-11-22 02:00:00+00:00,49.516388,50.180004
2019-11-22 03:00:00+00:00,50.35205,51.823997
2019-11-22 04:00:00+00:00,53.243202,54.892002
2019-11-22 05:00:00+00:00,60.24039,62.684002
2019-11-22 06:00:00+00:00,65.8083,68.261
2019-11-22 07:00:00+00:00,67.84708,69.919
2019-11-22 08:00:00+00:00,67.7556,70.405
2019-11-22 09:00:00+00:00,68.867714,71.001
2019-11-22 10:00:00+00:00,68.95125,71.222
2019-11-22 11:00:00+00:00,68.30333,70.634
2019-11-22 12:00:00+00:00,67.68852,69.725
2019-11-22 13:00:00+00:00,66.90538,67.877
2019-11-22 14:00:00+00:00,65.516624,66.520996
2019-11-22 15:00:00+00:00,65.02477,68.184006
2019-11-22 16:00:00+00:00,67.944565,70.205
2019-11-22 17:00:00+00:00,68.446526,70.014
2019-11-22 18:00:00+00:00,65.56229,67.856
2019-11-22 19:00:00+00:00,62.921257,63.59
2019-11-22 20:00:00+00:00,59.22549,60.62
2019-11-22 21:00:00+00:00,57.072334,57.469997
2019-11-22 22:00:00+00:00,52.948963,53.609
2019-11-22 23:00:00+00:00,50.144283,50.232998
2019-11-23 00:00:00+00:00,47.98019,47.365
2019-11-23 01:00:00+00:00,45.928986,46.475002
2019-11-23 02:00:00+00:00,46.04196,46.392
2019-11-23 03:00:00+00:00,46.622967,46.368
2019-11-23 04:00:00+00:00,46.482754,46.315998
2019-11-23 05:00:00+00:00,46.369007,48.035
2019-11-23 06:00:00+00:00,50.899002,52.028
2019-11-23 07:00:00+00:00,54.91898,55.516003
2019-11-23 08:00:00+00:00,56.9326,58.298
2019-11-23 09:00:00+00:00,58.16433,59.425
2019-11-23 10:00:00+00:00,58.020283,59.943
2019-11-23 11:00:00+00:00,57.810993,59.262
2019-11-23 12:00:00+00:00,56.773327,56.93
2019-11-23 13:00:00+00:00,54.448235,55.62
2019-11-23 14:00:00+00:00,54.29576,55.732002
2019-11-23 15:00:00+00:00,56.14989,58.202
2019-11-23 16:00:00+00:00,59.517807,60.701
2019-11-23 17:00:00+00:00,59.853424,60.68
2019-11-23 18:00:00+00:00,57.296196,58.59
2019-11-23 19:00:00+00:00,54.91937,54.704
2019-11-23 20:00:00+00:00,51.85778,52.082996
2019-11-23 21:00:00+00:00,50.10263,51.032
2019-11-23 22:00:00+00:00,48.198135,48.192997
2019-11-23 23:00:00+00:00,44.946476,45.219
2019-11-24 00:00:00+00:00,42.966747,43.168
2019-11-24 01:00:00+00:00,41.57392,42.496
2019-11-24 02:00:00+00:00,42.022644,42.281
2019-11-24 03:00:00+00:00,42.37996,42.71
2019-11-24 04:00:00+00:00,43.445995,42.146
2019-11-24 05:00:00+00:00,42.603783,41.907
2019-11-24 06:00:00+00:00,43.646797,43.595
2019-11-24 07:00:00+00:00,46.274414,47.434998
2019-11-24 08:00:00+00:00,50.11333,50.559002
2019-11-24 09:00:00+00:00,52.283558,53.057003
2019-11-24 10:00:00+00:00,53.278522,55.167004
2019-11-24 11:00:00+00:00,54.23181,54.528
2019-11-24 12:00:00+00:00,52.37651,52.453
2019-11-24 13:00:00+00:00,49.950024,51.292
2019-11-24 14:00:00+00:00,50.01936,50.945004
2019-11-24 15:00:00+00:00,51.07996,53.534004
2019-11-24 16:00:00+00:00,55.840565,57.395
2019-11-24 17:00:00+00:00,57.87868,57.884003
2019-11-24 18:00:00+00:00,55.283028,55.431
2019-11-24 19:00:00+00:00,52.49056,53.087997
2019-11-24 20:00:00+00:00,51.04298,51.492996
2019-11-24 21:00:00+00:00,49.87144,50.639
2019-11-24 22:00:00+00:00,48.00357,47.815998
2019-11-24 23:00:00+00:00,44.78613,45.538
2019-11-25 00:00:00+00:00,43.515476,44.628
2019-11-25 01:00:00+00:00,43.660454,44.385002
2019-11-25 02:00:00+00:00,44.544575,44.746
2019-11-25 03:00:00+00:00,45.91836,46.448
2019-11-25 04:00:00+00:00,50.40542,50.207005
2019-11-25 05:00:00+00:00,56.695896,59.383
2019-11-25 06:00:00+00:00,62.97334,66.579
2019-11-25 07:00:00+00:00,66.43577,69.108
2019-11-25 08:00:00+00:00,67.07266,69.575
2019-11-25 09:00:00+00:00,68.42242,70.55
2019-11-25 10:00:00+00:00,68.949776,71.304
2019-11-25 11:00:00+00:00,68.55303,70.991
2019-11-25 12:00:00+00:00,67.91402,70.744
2019-11-25 13:00:00+00:00,67.54315,69.636
2019-11-25 14:00:00+00:00,66.65105,69.28
2019-11-25 15:00:00+00:00,66.80487,69.520996
2019-11-25 16:00:00+00:00,67.781685,70.554
2019-11-25 17:00:00+00:00,68.22061,70.302
2019-11-25 18:00:00+00:00,66.38393,68.658
2019-11-25 19:00:00+00:00,63.829517,65.248
2019-11-25 20:00:00+00:00,60.44846,61.541
2019-11-25 21:00:00+00:00,57.582306,58.724
2019-11-25 22:00:00+00:00,53.721024,54.785
2019-11-25 23:00:00+00:00,50.61788,51.704
2019-11-26 00:00:00+00:00,49.0062,49.496
2019-11-26 01:00:00+00:00,47.703197,48.652
2019-11-26 02:00:00+00:00,48.355907,49.306995
2019-11-26 03:00:00+00:00,50.39841,50.725
2019-11-26 04:00:00+00:00,52.83384,54.107002
2019-11-26 05:00:00+00:00,60.423077,61.589005
2019-11-26 06:00:00+00:00,65.38787,68.229996
2019-11-26 07:00:00+00:00,68.188126,70.027
2019-11-26 08:00:00+00:00,68.10648,70.009
2019-11-26 09:00:00+00:00,68.68076,70.602
2019-11-26 10:00:00+00:00,69.03431,71.468
2019-11-26 11:00:00+00:00,68.75336,70.924995
2019-11-26 12:00:00+00:00,67.89452,70.085
2019-11-26 13:00:00+00:00,67.18863,69.652
2019-11-26 14:00:00+00:00,67.17291,69.128006
2019-11-26 15:00:00+00:00,67.41171,70.196
2019-11-26 16:00:00+00:00,68.83238,72.085
2019-11-26 17:00:00+00:00,69.43603,71.726
2019-11-26 18:00:00+00:00,66.93306,70.104
2019-11-26 19:00:00+00:00,64.68445,66.729996
2019-11-26 20:00:00+00:00,61.66255,63.079
2019-11-26 21:00:00+00:00,58.89042,59.251003
2019-11-26 22:00:00+00:00,54.36172,54.232
2019-11-26 23:00:00+00:00,50.58237,51.086998
2019-11-27 00:00:00+00:00,48.823277,48.751
2019-11-27 01:00:00+00:00,47.06737,48.218002
2019-11-27 02:00:00+00:00,47.905388,49.112
2019-11-27 03:00:00+00:00,50.09452,50.654
2019-11-27 04:00:00+00:00,52.58337,54.252003
2019-11-27 05:00:00+00:00,60.359238,62.317
2019-11-27 06:00:00+00:00,65.743576,69.055
2019-11-27 07:00:00+00:00,68.40393,72.06
2019-11-27 08:00:00+00:00,69.25692,72.633
2019-11-27 09:00:00+00:00,70.19721,73.232
2019-11-27 10:00:00+00:00,70.52744,73.870995
2019-11-27 11:00:00+00:00,70.37422,73.216
2019-11-27 12:00:00+00:00,69.60385,73.248
2019-11-27 13:00:00+00:00,69.56052,71.937996
2019-11-27 14:00:00+00:00,68.80467,71.421
2019-11-27 15:00:00+00:00,68.898094,72.176
2019-11-27 16:00:00+00:00,70.3918,73.825005
2019-11-27 17:00:00+00:00,70.86439,72.965996
2019-11-27 18:00:00+00:00,68.20456,70.801
2019-11-27 19:00:00+00:00,65.43411,66.692
2019-11-27 20:00:00+00:00,61.657616,62.877
2019-11-27 21:00:00+00:00,58.71773,59.714
2019-11-27 22:00:00+00:00,54.610687,55.319004
2019-11-27 23:00:00+00:00,51.253017,51.523003
2019-11-28 00:00:00+00:00,49.111267,49.554996
2019-11-28 01:00:00+00:00,48.08456,48.853
2019-11-28 02:00:00+00:00,48.629013,49.280003
2019-11-28 03:00:00+00:00,50.392513,51.078003
2019-11-28 04:00:00+00:00,53.4335,55.166
2019-11-28 05:00:00+00:00,61.79714,63.061
2019-11-28 06:00:00+00:00,66.563965,68.904
2019-11-28 07:00:00+00:00,68.58965,70.784996
2019-11-28 08:00:00+00:00,68.887375,70.546
2019-11-28 09:00:00+00:00,69.236725,71.323
2019-11-28 10:00:00+00:00,69.52757,72.466995
2019-11-28 11:00:00+00:00,69.56764,71.849
2019-11-28 12:00:00+00:00,68.632164,71.725
2019-11-28 13:00:00+00:00,68.54329,70.876
2019-11-28 14:00:00+00:00,68.26459,70.422005
2019-11-28 15:00:00+00:00,68.429474,71.305
2019-11-28 16:00:00+00:00,69.71704,72.434
2019-11-28 17:00:00+00:00,69.66624,71.573
2019-11-28 18:00:00+00:00,67.04875,69.744
2019-11-28 19:00:00+00:00,64.72334,66.32
2019-11-28 20:00:00+00:00,61.46229,62.194004
2019-11-28 21:00:00+00:00,58.174786,59.136
2019-11-28 22:00:00+00:00,54.556538,55.299
2019-11-28 23:00:00+00:00,51.41925,51.595
2019-11-29 00:00:00+00:00,49.10218,48.899002
2019-11-29 01:00:00+00:00,47.350853,48.822
2019-11-29 02:00:00+00:00,48.69975,48.743
2019-11-29 03:00:00+00:00,49.24074,51.073997
2019-11-29 04:00:00+00:00,53.42542,54.543
2019-11-29 05:00:00+00:00,60.600025,62.656
2019-11-29 06:00:00+00:00,65.94957,69.271
2019-11-29 07:00:00+00:00,68.609116,70.845
2019-11-29 08:00:00+00:00,68.38333,69.956
2019-11-29 09:00:00+00:00,68.55653,70.657
2019-11-29 10:00:00+00:00,69.085236,71.288
2019-11-29 11:00:00+00:00,68.551125,70.372
2019-11-29 12:00:00+00:00,67.28191,69.606
2019-11-29 13:00:00+00:00,66.761055,67.362
2019-11-29 14:00:00+00:00,65.16315,65.919
2019-11-29 15:00:00+00:00,64.54417,66.656
2019-11-29 16:00:00+00:00,66.853874,68.629005
2019-11-29 17:00:00+00:00,67.738716,67.796005
2019-11-29 18:00:00+00:00,64.120804,65.894
2019-11-29 19:00:00+00:00,61.48349,62.336
2019-11-29 20:00:00+00:00,58.15492,58.788
2019-11-29 21:00:00+00:00,54.79367,56.257
2019-11-29 22:00:00+00:00,51.973797,52.19
2019-11-29 23:00:00+00:00,48.733463,49.314
2019-11-30 00:00:00+00:00,47.2444,47.646
2019-11-30 01:00:00+00:00,46.332035,46.392
2019-11-30 02:00:00+00:00,45.93367,45.996
2019-11-30 03:00:00+00:00,46.033836,45.969
2019-11-30 04:00:00+00:00,45.820652,45.931
2019-11-30 05:00:00+00:00,46.12204,46.387
2019-11-30 06:00:00+00:00,48.03993,50.061
2019-11-30 07:00:00+00:00,52.685253,53.818996
2019-11-30 08:00:00+00:00,55.3669,55.824997
2019-11-30 09:00:00+00:00,55.558422,57.035
2019-11-30 10:00:00+00:00,55.733837,57.046
2019-11-30 11:00:00+00:00,54.911205,56.355
2019-11-30 12:00:00+00:00,54.25432,55.528004
2019-11-30 13:00:00+00:00,53.99225,54.125
2019-11-30 14:00:00+00:00,52.859737,53.41
2019-11-30 15:00:00+00:00,53.2896,56.481
2019-11-30 16:00:00+00:00,58.367798,58.853
2019-11-30 17:00:00+00:00,58.2807,58.325
2019-11-30 18:00:00+00:00,55.300022,56.886
2019-11-30 19:00:00+00:00,54.020626,53.844
2019-11-30 20:00:00+00:00,51.25702,51.635
2019-11-30 21:00:00+00:00,49.73669,50.549004
2019-11-30 22:00:00+00:00,47.73034,48.085003
2019-11-30 23:00:00+00:00,45.12138,45.998
2019-12-01 00:00:00+00:00,43.945526,44.208
2019-12-01 01:00:00+00:00,42.860893,42.976
2019-12-01 02:00:00+00:00,42.362213,42.569
2019-12-01 03:00:00+00:00,42.490944,42.365
2019-12-01 04:00:00+00:00,42.25822,42.855
2019-12-01 05:00:00+00:00,43.735657,46.968
2019-12-01 06:00:00+00:00,51.832504,47.449997
2019-12-01 07:00:00+00:00,49.82607,50.394
2019-12-01 08:00:00+00:00,52.562607,52.246998
2019-12-01 09:00:00+00:00,52.951935,53.620003
2019-12-01 10:00:00+00:00,53.186825,55.16
2019-12-01 11:00:00+00:00,54.636116,55.384
2019-12-01 12:00:00+00:00,54.205956,53.827
2019-12-01 13:00:00+00:00,52.139286,52.592
2019-12-01 14:00:00+00:00,51.57578,52.68
2019-12-01 15:00:00+00:00,53.16978,54.391
2019-12-01 16:00:00+00:00,55.932766,57.012
2019-12-01 17:00:00+00:00,57.214478,57.567
2019-12-01 18:00:00+00:00,55.485794,56.859
2019-12-01 19:00:00+00:00,54.17371,54.388
2019-12-01 20:00:00+00:00,52.0091,53.186996
2019-12-01 21:00:00+00:00,51.369076,52.460003
2019-12-01 22:00:00+00:00,49.24997,49.843
2019-12-01 23:00:00+00:00,46.788082,46.086
2019-12-02 00:00:00+00:00,43.924824,45.072
2019-12-02 01:00:00+00:00,44.316036,44.158
2019-12-02 02:00:00+00:00,43.744686,44.044
2019-12-02 03:00:00+00:00,44.513363,45.0
2019-12-02 04:00:00+00:00,46.532227,48.691
2019-12-02 05:00:00+00:00,55.017445,58.602
2019-12-02 06:00:00+00:00,62.582466,65.899
2019-12-02 07:00:00+00:00,65.770836,67.076996
2019-12-02 08:00:00+00:00,65.104965,67.397
2019-12-02 09:00:00+00:00,66.96354,68.64
2019-12-02 10:00:00+00:00,67.500404,69.451996
2019-12-02 11:00:00+00:00,66.8517,69.431
2019-12-02 12:00:00+00:00,66.59572,69.021996
2019-12-02 13:00:00+00:00,66.02652,68.367
2019-12-02 14:00:00+00:00,65.38565,67.452
2019-12-02 15:00:00+00:00,64.93976,67.885
2019-12-02 16:00:00+00:00,66.115845,69.202
2019-12-02 17:00:00+00:00,66.99778,68.273
2019-12-02 18:00:00+00:00,64.47394,66.840004
2019-12-02 19:00:00+00:00,62.458973,63.253
2019-12-02 20:00:00+00:00,58.884468,60.716
2019-12-02 21:00:00+00:00,57.115986,58.379
2019-12-02 22:00:00+00:00,53.258327,53.927
2019-12-02 23:00:00+00:00,49.721313,53.781
2019-12-03 00:00:00+00:00,51.510834,51.489998
2019-12-03 01:00:00+00:00,49.117958,50.788002
2019-12-03 02:00:00+00:00,50.467617,50.812004
2019-12-03 03:00:00+00:00,51.64404,52.219
2019-12-03 04:00:00+00:00,54.479992,55.674
2019-12-03 05:00:00+00:00,61.401,62.87
2019-12-03 06:00:00+00:00,66.03702,68.105
2019-12-03 07:00:00+00:00,67.919174,70.159004
2019-12-03 08:00:00+00:00,68.40683,70.117004
2019-12-03 09:00:00+00:00,68.75066,70.908
2019-12-03 10:00:00+00:00,69.05484,71.175
2019-12-03 11:00:00+00:00,68.5719,71.31
2019-12-03 12:00:00+00:00,68.349525,70.63
2019-12-03 13:00:00+00:00,67.83539,69.502
2019-12-03 14:00:00+00:00,67.10513,69.178
2019-12-03 15:00:00+00:00,67.60388,70.597
2019-12-03 16:00:00+00:00,69.25285,73.17
2019-12-03 17:00:00+00:00,69.91173,72.186
2019-12-03 18:00:00+00:00,66.9002,70.736
2019-12-03 19:00:00+00:00,65.299034,67.14
2019-12-03 20:00:00+00:00,62.2067,63.76
2019-12-03 21:00:00+00:00,59.796032,61.046
2019-12-03 22:00:00+00:00,56.7346,56.813
2019-12-03 23:00:00+00:00,52.803722,53.631
2019-12-04 00:00:00+00:00,50.92405,51.986
2019-12-04 01:00:00+00:00,50.005222,50.616
2019-12-04 02:00:00+00:00,49.363853,50.751003
2019-12-04 03:00:00+00:00,50.840137,52.663
2019-12-04 04:00:00+00:00,54.139328,55.96
2019-12-04 05:00:00+00:00,61.583424,63.862
2019-12-04 06:00:00+00:00,66.84954,70.174995
2019-12-04 07:00:00+00:00,69.2004,70.878
2019-12-04 08:00:00+00:00,68.37912,71.102
2019-12-04 09:00:00+00:00,69.56036,70.987
2019-12-04 10:00:00+00:00,69.26694,71.459
2019-12-04 11:00:00+00:00,68.61618,70.59
2019-12-04 12:00:00+00:00,67.80313,69.814
2019-12-04 13:00:00+00:00,67.14617,68.8
2019-12-04 14:00:00+00:00,66.70299,68.937004
2019-12-04 15:00:00+00:00,67.89488,69.849
2019-12-04 16:00:00+00:00,68.94297,72.714005
2019-12-04 17:00:00+00:00,69.80147,72.469
2019-12-04 18:00:00+00:00,67.09236,70.786
2019-12-04 19:00:00+00:00,64.81253,67.121
2019-12-04 20:00:00+00:00,61.923843,63.972004
2019-12-04 21:00:00+00:00,59.79417,61.342
2019-12-04 22:00:00+00:00,56.71788,57.883
2019-12-04 23:00:00+00:00,53.90842,55.010002
2019-12-05 00:00:00+00:00,52.154972,53.493
2019-12-05 01:00:00+00:00,51.458103,52.568
2019-12-05 02:00:00+00:00,51.464516,52.588997
2019-12-05 03:00:00+00:00,52.572285,53.39
2019-12-05 04:00:00+00:00,54.241985,57.084
2019-12-05 05:00:00+00:00,62.580963,64.934
2019-12-05 06:00:00+00:00,67.54158,71.077
2019-12-05 07:00:00+00:00,69.62672,72.554
2019-12-05 08:00:00+00:00,69.62647,73.076
2019-12-05 09:00:00+00:00,70.708626,73.015
2019-12-05 10:00:00+00:00,70.49091,73.058
2019-12-05 11:00:00+00:00,69.845024,72.322
2019-12-05 12:00:00+00:00,69.27371,71.699
2019-12-05 13:00:00+00:00,68.79385,71.216
2019-12-05 14:00:00+00:00,68.76609,70.826
2019-12-05 15:00:00+00:00,69.30264,72.488
2019-12-05 16:00:00+00:00,70.83822,74.882
2019-12-05 17:00:00+00:00,71.02478,74.779
2019-12-05 18:00:00+00:00,68.58918,72.557
2019-12-05 19:00:00+00:00,66.150795,68.479004
2019-12-05 20:00:00+00:00,63.101173,65.043
2019-12-05 21:00:00+00:00,60.7905,62.566
2019-12-05 22:00:00+00:00,58.040016,58.521
2019-12-05 23:00:00+00:00,54.383366,55.858
2019-12-06 00:00:00+00:00,53.166286,54.285
2019-12-06 01:00:00+00:00,52.244144,53.448
2019-12-06 02:00:00+00:00,52.370815,53.612
2019-12-06 03:00:00+00:00,53.78127,54.427998
2019-12-06 04:00:00+00:00,55.4281,57.32
2019-12-06 05:00:00+00:00,62.76036,65.211006
2019-12-06 06:00:00+00:00,68.033714,72.143005
2019-12-06 07:00:00+00:00,70.50124,73.592
2019-12-06 08:00:00+00:00,70.15666,73.397
2019-12-06 09:00:00+00:00,70.90115,73.557
2019-12-06 10:00:00+00:00,71.0887,73.951996
2019-12-06 11:00:00+00:00,70.54665,72.199
2019-12-06 12:00:00+00:00,69.113655,71.676
2019-12-06 13:00:00+00:00,68.871925,70.459
2019-12-06 14:00:00+00:00,68.46621,70.102005
2019-12-06 15:00:00+00:00,69.03479,71.968
2019-12-06 16:00:00+00:00,71.00873,72.918
2019-12-06 17:00:00+00:00,69.99553,71.605995
2019-12-06 18:00:00+00:00,66.771576,68.925
2019-12-06 19:00:00+00:00,64.25939,65.065
2019-12-06 20:00:00+00:00,60.896362,61.724
2019-12-06 21:00:00+00:00,57.76808,58.468
2019-12-06 22:00:00+00:00,54.561733,55.239
2019-12-06 23:00:00+00:00,52.177174,52.59
2019-12-07 00:00:00+00:00,50.413616,50.194
2019-12-07 01:00:00+00:00,48.498848,48.743
2019-12-07 02:00:00+00:00,47.806065,47.916
2019-12-07 03:00:00+00:00,47.40766,47.913002
2019-12-07 04:00:00+00:00,47.68674,48.277
2019-12-07 05:00:00+00:00,48.074787,49.591
2019-12-07 06:00:00+00:00,52.013348,52.972
2019-12-07 07:00:00+00:00,55.492176,55.915997
2019-12-07 08:00:00+00:00,57.04217,58.502
2019-12-07 09:00:00+00:00,58.23928,60.049
2019-12-07 10:00:00+00:00,58.69454,61.163
2019-12-07 11:00:00+00:00,59.089176,60.33
2019-12-07 12:00:00+00:00,57.637936,58.896
2019-12-07 13:00:00+00:00,56.452637,56.937004
2019-12-07 14:00:00+00:00,55.096954,57.210003
2019-12-07 15:00:00+00:00,57.283886,59.254
2019-12-07 16:00:00+00:00,60.090702,61.671
2019-12-07 17:00:00+00:00,60.759315,61.683002
2019-12-07 18:00:00+00:00,58.41336,59.508
2019-12-07 19:00:00+00:00,55.8526,55.445
2019-12-07 20:00:00+00:00,52.710697,53.084003
2019-12-07 21:00:00+00:00,51.558254,51.576
2019-12-07 22:00:00+00:00,48.910877,48.961998
2019-12-07 23:00:00+00:00,45.8706,45.062
2019-12-08 00:00:00+00:00,42.69987,43.304
2019-12-08 01:00:00+00:00,41.679863,42.021
2019-12-08 02:00:00+00:00,40.885815,42.252003
2019-12-08 03:00:00+00:00,42.38672,43.56
2019-12-08 04:00:00+00:00,45.04615,43.818
2019-12-08 05:00:00+00:00,45.931995,44.121002
2019-12-08 06:00:00+00:00,46.77584,46.496
2019-12-08 07:00:00+00:00,49.034664,49.663
2019-12-08 08:00:00+00:00,51.76739,53.255997
2019-12-08 09:00:00+00:00,54.45938,56.037003
2019-12-08 10:00:00+00:00,55.886623,57.906002
2019-12-08 11:00:00+00:00,56.644253,58.216003
2019-12-08 12:00:00+00:00,56.279156,56.874
2019-12-08 13:00:00+00:00,54.780766,55.613
2019-12-08 14:00:00+00:00,54.172756,54.422
2019-12-08 15:00:00+00:00,53.548824,56.322002
2019-12-08 16:00:00+00:00,57.423824,58.617
2019-12-08 17:00:00+00:00,58.40217,58.711
2019-12-08 18:00:00+00:00,56.22973,57.302002
2019-12-08 19:00:00+00:00,54.389935,54.654
2019-12-08 20:00:00+00:00,52.212265,53.318
2019-12-08 21:00:00+00:00,51.567432,52.919
2019-12-08 22:00:00+00:00,49.701443,49.536003
2019-12-08 23:00:00+00:00,46.08408,47.91
2019-12-09 00:00:00+00:00,45.805687,46.273003
2019-12-09 01:00:00+00:00,44.99912,45.868
2019-12-09 02:00:00+00:00,46.000763,46.543
2019-12-09 03:00:00+00:00,47.750004,48.492
2019-12-09 04:00:00+00:00,52.834713,52.693
2019-12-09 05:00:00+00:00,59.03678,60.933002
2019-12-09 06:00:00+00:00,64.219124,68.85
2019-12-09 07:00:00+00:00,68.04057,71.12
2019-12-09 08:00:00+00:00,68.53218,70.974
2019-12-09 09:00:00+00:00,69.191055,72.249
2019-12-09 10:00:00+00:00,70.28905,72.246
2019-12-09 11:00:00+00:00,69.282906,72.032005
2019-12-09 12:00:00+00:00,68.67482,71.901
2019-12-09 13:00:00+00:00,68.70202,71.133
2019-12-09 14:00:00+00:00,68.15473,70.241
2019-12-09 15:00:00+00:00,67.833275,71.151
2019-12-09 16:00:00+00:00,69.489426,72.920006
2019-12-09 17:00:00+00:00,70.082146,72.262
2019-12-09 18:00:00+00:00,67.44588,70.105
2019-12-09 19:00:00+00:00,64.7422,66.196
2019-12-09 20:00:00+00:00,61.237324,62.052998
2019-12-09 21:00:00+00:00,57.81503,58.565002
2019-12-09 22:00:00+00:00,53.82991,54.73
2019-12-09 23:00:00+00:00,50.99129,52.672
2019-12-10 00:00:00+00:00,50.32517,50.384
2019-12-10 01:00:00+00:00,48.604885,49.078
2019-12-10 02:00:00+00:00,48.738617,49.608997
2019-12-10 03:00:00+00:00,50.69713,51.359
2019-12-10 04:00:00+00:00,53.494125,55.177002
2019-12-10 05:00:00+00:00,61.470768,63.068
2019-12-10 06:00:00+00:00,66.47408,68.652
2019-12-10 07:00:00+00:00,68.305176,70.276
2019-12-10 08:00:00+00:00,68.40768,71.3
2019-12-10 09:00:00+00:00,69.74784,71.634
2019-12-10 10:00:00+00:00,69.50588,71.248
2019-12-10 11:00:00+00:00,68.406395,70.893
2019-12-10 12:00:00+00:00,68.082245,70.656
2019-12-10 13:00:00+00:00,67.843575,70.398994
2019-12-10 14:00:00+00:00,67.83999,69.542
2019-12-10 15:00:00+00:00,67.790115,71.488
2019-12-10 16:00:00+00:00,69.95855,74.604004
2019-12-10 17:00:00+00:00,70.86035,74.676
2019-12-10 18:00:00+00:00,68.26195,73.224
2019-12-10 19:00:00+00:00,66.38179,69.144
2019-12-10 20:00:00+00:00,63.155743,65.278
2019-12-10 21:00:00+00:00,60.4896,61.356003
2019-12-10 22:00:00+00:00,56.23215,57.524
2019-12-10 23:00:00+00:00,53.37343,54.496998
2019-12-11 00:00:00+00:00,51.421673,52.569
2019-12-11 01:00:00+00:00,50.386925,51.804
2019-12-11 02:00:00+00:00,50.934273,52.697
2019-12-11 03:00:00+00:00,53.45542,53.818
2019-12-11 04:00:00+00:00,55.45025,56.544003
2019-12-11 05:00:00+00:00,62.48364,63.948997
2019-12-11 06:00:00+00:00,67.377106,70.951996
2019-12-11 07:00:00+00:00,70.07219,73.075005
2019-12-11 08:00:00+00:00,70.10689,73.128
2019-12-11 09:00:00+00:00,70.743286,73.588
2019-12-11 10:00:00+00:00,71.14046,73.948006
2019-12-11 11:00:00+00:00,70.61628,73.332
2019-12-11 12:00:00+00:00,69.9344,73.016
2019-12-11 13:00:00+00:00,69.813934,72.57
2019-12-11 14:00:00+00:00,69.78971,72.49
2019-12-11 15:00:00+00:00,70.40069,73.439
2019-12-11 16:00:00+00:00,71.34074,73.815
2019-12-11 17:00:00+00:00,70.50064,73.304
2019-12-11 18:00:00+00:00,68.447945,71.5
2019-12-11 19:00:00+00:00,66.110405,67.670006
2019-12-11 20:00:00+00:00,62.550297,63.768
2019-12-11 21:00:00+00:00,59.691036,61.157
2019-12-11 22:00:00+00:00,56.844723,56.829002
2019-12-11 23:00:00+00:00,52.91158,53.872
2019-12-12 00:00:00+00:00,51.48533,52.013
2019-12-12 01:00:00+00:00,50.304955,51.465
2019-12-12 02:00:00+00:00,50.90546,51.045
2019-12-12 03:00:00+00:00,51.180275,51.926003
2019-12-12 04:00:00+00:00,53.013023,55.864
2019-12-12 05:00:00+00:00,61.929646,63.724003
2019-12-12 06:00:00+00:00,66.95734,70.299
2019-12-12 07:00:00+00:00,69.351265,72.438
2019-12-12 08:00:00+00:00,69.62951,72.723
2019-12-12 09:00:00+00:00,70.3698,72.992004
2019-12-12 10:00:00+00:00,70.48602,73.83
2019-12-12 11:00:00+00:00,70.41978,73.465
2019-12-12 12:00:00+00:00,69.907524,72.928
2019-12-12 13:00:00+00:00,69.459175,71.693
2019-12-12 14:00:00+00:00,68.836716,71.156
2019-12-12 15:00:00+00:00,69.15726,72.325005
2019-12-12 16:00:00+00:00,70.75536,73.32
2019-12-12 17:00:00+00:00,70.462135,73.581
2019-12-12 18:00:00+00:00,68.61876,72.534004
2019-12-12 19:00:00+00:00,66.560234,69.058
2019-12-12 20:00:00+00:00,63.10864,65.309
2019-12-12 21:00:00+00:00,60.510704,61.755997
2019-12-12 22:00:00+00:00,56.574333,57.541
2019-12-12 23:00:00+00:00,53.296066,53.738003
2019-12-13 00:00:00+00:00,50.887676,51.842
2019-12-13 01:00:00+00:00,49.987865,50.697998
2019-12-13 02:00:00+00:00,49.767704,51.403
2019-12-13 03:00:00+00:00,52.14279,52.455997
2019-12-13 04:00:00+00:00,54.023434,55.442
2019-12-13 05:00:00+00:00,61.658813,62.735004
2019-12-13 06:00:00+00:00,66.59583,69.99
2019-12-13 07:00:00+00:00,69.601105,72.764
2019-12-13 08:00:00+00:00,69.964066,73.014
2019-12-13 09:00:00+00:00,70.54522,73.637
2019-12-13 10:00:00+00:00,71.09906,73.349
2019-12-13 11:00:00+00:00,70.19932,71.506004
2019-12-13 12:00:00+00:00,68.48458,70.022
2019-12-13 13:00:00+00:00,67.3809,68.417
2019-12-13 14:00:00+00:00,66.46036,67.855
2019-12-13 15:00:00+00:00,67.25445,69.324
2019-12-13 16:00:00+00:00,69.750046,70.245
2019-12-13 17:00:00+00:00,69.019745,68.969
2019-12-13 18:00:00+00:00,65.36775,66.936
2019-12-13 19:00:00+00:00,62.887367,63.522003
2019-12-13 20:00:00+00:00,59.45951,60.725
2019-12-13 21:00:00+00:00,56.998775,57.638
2019-12-13 22:00:00+00:00,53.27715,54.069
2019-12-13 23:00:00+00:00,50.71218,50.178
2019-12-14 00:00:00+00:00,48.063263,48.032997
2019-12-14 01:00:00+00:00,46.711887,46.665
2019-12-14 02:00:00+00:00,45.929974,46.5
2019-12-14 03:00:00+00:00,46.455475,47.466
2019-12-14 04:00:00+00:00,48.10532,47.749
2019-12-14 05:00:00+00:00,48.83311,48.260002
2019-12-14 06:00:00+00:00,50.440704,51.694
2019-12-14 07:00:00+00:00,54.025997,55.337997
2019-12-14 08:00:00+00:00,56.495987,58.267002
2019-12-14 09:00:00+00:00,57.978394,60.162
2019-12-14 10:00:00+00:00,58.779205,61.678
2019-12-14 11:00:00+00:00,59.54371,61.08
2019-12-14 12:00:00+00:00,58.260654,59.810997
2019-12-14 13:00:00+00:00,57.204056,58.548
2019-12-14 14:00:00+00:00,56.58785,58.108
2019-12-14 15:00:00+00:00,57.19637,59.898003
2019-12-14 16:00:00+00:00,59.999336,62.353
2019-12-14 17:00:00+00:00,61.06061,61.727
2019-12-14 18:00:00+00:00,58.20835,59.614
2019-12-14 19:00:00+00:00,56.012306,55.709
2019-12-14 20:00:00+00:00,53.00825,53.494
2019-12-14 21:00:00+00:00,51.649117,52.760998
2019-12-14 22:00:00+00:00,49.771187,49.855
2019-12-14 23:00:00+00:00,46.44976,46.183
2019-12-15 00:00:00+00:00,43.77413,43.556
2019-12-15 01:00:00+00:00,41.86902,42.093
2019-12-15 02:00:00+00:00,41.161938,42.143
2019-12-15 03:00:00+00:00,42.33038,42.782
2019-12-15 04:00:00+00:00,43.51886,42.918
2019-12-15 05:00:00+00:00,44.13885,43.454998
2019-12-15 06:00:00+00:00,45.95141,45.934
2019-12-15 07:00:00+00:00,48.833508,49.063
2019-12-15 08:00:00+00:00,51.4065,51.878998
2019-12-15 09:00:00+00:00,53.107777,53.889
2019-12-15 10:00:00+00:00,53.7909,55.991
2019-12-15 11:00:00+00:00,55.032482,56.002
2019-12-15 12:00:00+00:00,54.05271,54.208
2019-12-15 13:00:00+00:00,51.88367,52.821003
2019-12-15 14:00:00+00:00,51.307636,52.556
2019-12-15 15:00:00+00:00,52.510628,55.248
2019-12-15 16:00:00+00:00,57.15117,58.588997
2019-12-15 17:00:00+00:00,58.576077,58.649998
2019-12-15 18:00:00+00:00,55.738045,57.088
2019-12-15 19:00:00+00:00,53.95005,54.874004
2019-12-15 20:00:00+00:00,52.336147,52.984997
2019-12-15 21:00:00+00:00,51.111847,52.545
2019-12-15 22:00:00+00:00,49.808247,48.914
2019-12-15 23:00:00+00:00,45.46478,45.991
2019-12-16 00:00:00+00:00,43.87443,43.844997
2019-12-16 01:00:00+00:00,42.287968,43.638
2019-12-16 02:00:00+00:00,43.652607,43.842
2019-12-16 03:00:00+00:00,44.706554,45.934998
2019-12-16 04:00:00+00:00,49.595863,50.080997
2019-12-16 05:00:00+00:00,57.098843,59.716003
2019-12-16 06:00:00+00:00,63.375774,67.049
2019-12-16 07:00:00+00:00,66.73213,69.814
2019-12-16 08:00:00+00:00,67.63893,70.026
2019-12-16 09:00:00+00:00,68.84919,70.546
2019-12-16 10:00:00+00:00,69.051834,70.195
2019-12-16 11:00:00+00:00,67.81615,69.859
2019-12-16 12:00:00+00:00,67.10413,69.84
2019-12-16 13:00:00+00:00,66.86359,68.09
2019-12-16 14:00:00+00:00,65.33448,67.452
2019-12-16 15:00:00+00:00,65.40712,68.794
2019-12-16 16:00:00+00:00,67.93164,70.176
2019-12-16 17:00:00+00:00,68.15186,69.707
2019-12-16 18:00:00+00:00,65.55508,67.864
2019-12-16 19:00:00+00:00,63.007236,64.4
2019-12-16 20:00:00+00:00,59.564243,60.818
2019-12-16 21:00:00+00:00,56.832817,57.551
2019-12-16 22:00:00+00:00,52.492977,53.42
2019-12-16 23:00:00+00:00,49.53651,49.264
2019-12-17 00:00:00+00:00,47.04245,47.391
2019-12-17 01:00:00+00:00,46.080982,46.478
2019-12-17 02:00:00+00:00,46.331474,47.459
2019-12-17 03:00:00+00:00,48.84522,48.587
2019-12-17 04:00:00+00:00,50.82879,52.109
2019-12-17 05:00:00+00:00,58.541126,60.387
2019-12-17 06:00:00+00:00,64.32158,66.665
2019-12-17 07:00:00+00:00,66.8107,68.892006
2019-12-17 08:00:00+00:00,67.14408,68.37
2019-12-17 09:00:00+00:00,67.4304,68.937996
2019-12-17 10:00:00+00:00,67.60523,69.659
2019-12-17 11:00:00+00:00,67.258865,69.241
2019-12-17 12:00:00+00:00,66.324356,68.206
2019-12-17 13:00:00+00:00,65.29039,67.282005
2019-12-17 14:00:00+00:00,64.77076,66.904
2019-12-17 15:00:00+00:00,65.274025,68.409
2019-12-17 16:00:00+00:00,67.356125,71.229004
2019-12-17 17:00:00+00:00,68.60133,70.356
2019-12-17 18:00:00+00:00,65.27901,68.871
2019-12-17 19:00:00+00:00,63.391693,64.118996
2019-12-17 20:00:00+00:00,59.126827,59.559998
2019-12-17 21:00:00+00:00,55.856,56.557
2019-12-17 22:00:00+00:00,52.07207,52.718998
2019-12-17 23:00:00+00:00,49.079475,49.246998
2019-12-18 00:00:00+00:00,47.044422,46.886997
2019-12-18 01:00:00+00:00,45.521687,46.265
2019-12-18 02:00:00+00:00,46.221275,46.254
2019-12-18 03:00:00+00:00,47.04187,47.027
2019-12-18 04:00:00+00:00,48.45785,50.601997
2019-12-18 05:00:00+00:00,56.964508,60.068
2019-12-18 06:00:00+00:00,63.92344,66.432
2019-12-18 07:00:00+00:00,66.34815,68.264
2019-12-18 08:00:00+00:00,66.34591,68.627
2019-12-18 09:00:00+00:00,67.78522,68.763
2019-12-18 10:00:00+00:00,67.30926,69.074005
2019-12-18 11:00:00+00:00,66.573944,68.086
2019-12-18 12:00:00+00:00,65.36196,66.995
2019-12-18 13:00:00+00:00,64.05299,66.272995
2019-12-18 14:00:00+00:00,63.71209,65.231
2019-12-18 15:00:00+00:00,63.528423,66.118
2019-12-18 16:00:00+00:00,65.38097,69.429
2019-12-18 17:00:00+00:00,67.71115,69.066
2019-12-18 18:00:00+00:00,64.395645,67.111
2019-12-18 19:00:00+00:00,61.667183,63.835
2019-12-18 20:00:00+00:00,58.939133,60.041
2019-12-18 21:00:00+00:00,55.909046,56.545
2019-12-18 22:00:00+00:00,51.60686,52.508
2019-12-18 23:00:00+00:00,48.750908,49.426003
2019-12-19 00:00:00+00:00,47.009617,48.051003
2019-12-19 01:00:00+00:00,46.62804,47.186996
2019-12-19 02:00:00+00:00,46.949528,47.798
2019-12-19 03:00:00+00:00,48.88539,49.143997
2019-12-19 04:00:00+00:00,51.832775,51.96
2019-12-19 05:00:00+00:00,57.8425,59.497
2019-12-19 06:00:00+00:00,63.448704,65.812004
2019-12-19 07:00:00+00:00,66.34359,67.83
2019-12-19 08:00:00+00:00,66.28371,68.383
2019-12-19 09:00:00+00:00,67.32484,67.531
2019-12-19 10:00:00+00:00,66.26429,66.654
2019-12-19 11:00:00+00:00,64.54298,65.895996
2019-12-19 12:00:00+00:00,63.511314,65.546005
2019-12-19 13:00:00+00:00,63.076767,64.848
2019-12-19 14:00:00+00:00,62.838913,64.603
2019-12-19 15:00:00+00:00,63.54857,66.4
2019-12-19 16:00:00+00:00,65.74944,67.929
2019-12-19 17:00:00+00:00,65.61273,67.410995
2019-12-19 18:00:00+00:00,62.92353,65.522
2019-12-19 19:00:00+00:00,60.727425,61.250004
2019-12-19 20:00:00+00:00,56.991676,57.415
2019-12-19 21:00:00+00:00,53.771313,54.405003
2019-12-19 22:00:00+00:00,50.284863,50.645
2019-12-19 23:00:00+00:00,47.59331,47.018
2019-12-20 00:00:00+00:00,45.154457,45.818
2019-12-20 01:00:00+00:00,44.966457,44.678
2019-12-20 02:00:00+00:00,44.14352,45.397
2019-12-20 03:00:00+00:00,46.295486,46.654003
2019-12-20 04:00:00+00:00,48.925694,49.982
2019-12-20 05:00:00+00:00,55.225555,56.450005
2019-12-20 06:00:00+00:00,60.21661,62.185
2019-12-20 07:00:00+00:00,63.110744,64.25
2019-12-20 08:00:00+00:00,63.07486,64.563
2019-12-20 09:00:00+00:00,63.458344,64.245
2019-12-20 10:00:00+00:00,62.78365,63.920002
2019-12-20 11:00:00+00:00,61.641037,63.729
2019-12-20 12:00:00+00:00,61.08541,62.239998
2019-12-20 13:00:00+00:00,59.54323,61.194
2019-12-20 14:00:00+00:00,58.9043,60.585
2019-12-20 15:00:00+00:00,59.3773,61.918
2019-12-20 16:00:00+00:00,61.3001,63.139
2019-12-20 17:00:00+00:00,61.225815,62.105
2019-12-20 18:00:00+00:00,58.301125,59.828
2019-12-20 19:00:00+00:00,55.961857,56.048
2019-12-20 20:00:00+00:00,52.81003,53.235
2019-12-20 21:00:00+00:00,49.78484,51.163
2019-12-20 22:00:00+00:00,47.360756,47.149002
2019-12-20 23:00:00+00:00,44.25552,43.788
2019-12-21 00:00:00+00:00,42.151543,42.015
2019-12-21 01:00:00+00:00,41.04888,41.002
2019-12-21 02:00:00+00:00,40.625225,40.393
2019-12-21 03:00:00+00:00,40.19039,41.078
2019-12-21 04:00:00+00:00,41.445892,42.449
2019-12-21 05:00:00+00:00,44.673485,43.749
2019-12-21 06:00:00+00:00,46.781166,46.736
2019-12-21 07:00:00+00:00,49.38743,50.934
2019-12-21 08:00:00+00:00,52.725117,54.544
2019-12-21 09:00:00+00:00,54.692886,55.375
2019-12-21 10:00:00+00:00,53.822285,55.684998
2019-12-21 11:00:00+00:00,53.61422,56.355
2019-12-21 12:00:00+00:00,54.443947,54.847004
2019-12-21 13:00:00+00:00,52.459835,53.761997
2019-12-21 14:00:00+00:00,52.281555,54.384
2019-12-21 15:00:00+00:00,54.728077,56.316998
2019-12-21 16:00:00+00:00,56.55349,58.472
2019-12-21 17:00:00+00:00,57.023003,58.479004
2019-12-21 18:00:00+00:00,55.218,56.334
2019-12-21 19:00:00+00:00,52.94725,53.441
2019-12-21 20:00:00+00:00,50.9552,50.812004
2019-12-21 21:00:00+00:00,48.156456,49.168
2019-12-21 22:00:00+00:00,45.879604,46.142002
2019-12-21 23:00:00+00:00,43.362366,43.943
2019-12-22 00:00:00+00:00,42.286263,41.988
2019-12-22 01:00:00+00:00,41.165413,41.441
2019-12-22 02:00:00+00:00,41.846584,40.462
2019-12-22 03:00:00+00:00,40.7957,40.72
2019-12-22 04:00:00+00:00,41.41436,40.691
2019-12-22 05:00:00+00:00,41.54426,40.029003
2019-12-22 06:00:00+00:00,41.833008,41.519
2019-12-22 07:00:00+00:00,44.489723,45.326
2019-12-22 08:00:00+00:00,48.215683,48.277
2019-12-22 09:00:00+00:00,50.415634,49.795998
2019-12-22 10:00:00+00:00,50.106274,52.68
2019-12-22 11:00:00+00:00,52.17014,53.65
2019-12-22 12:00:00+00:00,51.817142,51.961998
2019-12-22 13:00:00+00:00,49.265633,50.144997
2019-12-22 14:00:00+00:00,48.031895,49.778
2019-12-22 15:00:00+00:00,49.316414,52.493
2019-12-22 16:00:00+00:00,54.679497,54.145996
2019-12-22 17:00:00+00:00,54.66455,54.401
2019-12-22 18:00:00+00:00,52.936623,53.249
2019-12-22 19:00:00+00:00,51.211067,51.15
2019-12-22 20:00:00+00:00,49.24291,49.440002
2019-12-22 21:00:00+00:00,48.278908,48.878998
2019-12-22 22:00:00+00:00,46.865974,45.584
2019-12-22 23:00:00+00:00,42.635124,42.873
2019-12-23 00:00:00+00:00,41.046276,40.481
2019-12-23 01:00:00+00:00,39.221893,39.379
2019-12-23 02:00:00+00:00,39.03242,39.52
2019-12-23 03:00:00+00:00,40.058052,40.995
2019-12-23 04:00:00+00:00,43.029037,43.541
2019-12-23 05:00:00+00:00,49.337723,46.254
2019-12-23 06:00:00+00:00,51.750988,50.542
2019-12-23 07:00:00+00:00,54.540535,53.555996
2019-12-23 08:00:00+00:00,55.65475,54.644
2019-12-23 09:00:00+00:00,55.29354,55.426
2019-12-23 10:00:00+00:00,55.25476,57.265
2019-12-23 11:00:00+00:00,56.6416,57.6
2019-12-23 12:00:00+00:00,56.255566,56.57
2019-12-23 13:00:00+00:00,55.049805,55.832
2019-12-23 14:00:00+00:00,54.83374,55.411
2019-12-23 15:00:00+00:00,55.101105,56.626
2019-12-23 16:00:00+00:00,57.08494,58.74
2019-12-23 17:00:00+00:00,58.14074,58.524002
2019-12-23 18:00:00+00:00,55.82399,56.129997
2019-12-23 19:00:00+00:00,53.256096,52.802998
2019-12-23 20:00:00+00:00,50.600372,50.452
2019-12-23 21:00:00+00:00,48.10361,49.002
2019-12-23 22:00:00+00:00,45.814816,44.716
2019-12-23 23:00:00+00:00,42.147926,40.855
2019-12-24 00:00:00+00:00,39.784298,38.464
2019-12-24 01:00:00+00:00,37.94959,38.522
2019-12-24 02:00:00+00:00,38.7664,38.338
2019-12-24 03:00:00+00:00,38.691975,39.424
2019-12-24 04:00:00+00:00,40.773857,40.142998
2019-12-24 05:00:00+00:00,41.92559,40.891003
2019-12-24 06:00:00+00:00,43.92399,43.663
2019-12-24 07:00:00+00:00,46.453453,46.943
2019-12-24 08:00:00+00:00,49.06658,49.982998
2019-12-24 09:00:00+00:00,51.073692,53.025
2019-12-24 10:00:00+00:00,52.93893,54.142998
2019-12-24 11:00:00+00:00,52.700516,53.57
2019-12-24 12:00:00+00:00,51.182365,52.648
2019-12-24 13:00:00+00:00,50.33871,50.823997
2019-12-24 14:00:00+00:00,48.911522,49.48
2019-12-24 15:00:00+00:00,48.71242,50.463
2019-12-24 16:00:00+00:00,51.57169,52.307003
2019-12-24 17:00:00+00:00,52.952072,51.401
2019-12-24 18:00:00+00:00,49.9209,48.656002
2019-12-24 19:00:00+00:00,47.147064,46.142002
2019-12-24 20:00:00+00:00,45.561844,45.424
2019-12-24 21:00:00+00:00,44.290924,44.771
2019-12-24 22:00:00+00:00,42.26465,42.702
2019-12-24 23:00:00+00:00,40.188118,40.561
2019-12-25 00:00:00+00:00,38.789253,38.223
2019-12-25 01:00:00+00:00,37.080536,36.936
2019-12-25 02:00:00+00:00,36.49056,36.637
2019-12-25 03:00:00+00:00,36.505672,36.614002
2019-12-25 04:00:00+00:00,36.5758,37.078
2019-12-25 05:00:00+00:00,38.025547,37.024
2019-12-25 06:00:00+00:00,39.365723,38.634
2019-12-25 07:00:00+00:00,41.982574,41.954998
2019-12-25 08:00:00+00:00,44.77018,46.241
2019-12-25 09:00:00+00:00,48.49904,48.911
2019-12-25 10:00:00+00:00,49.653942,50.798
2019-12-25 11:00:00+00:00,49.78477,50.512
2019-12-25 12:00:00+00:00,48.261517,47.742
2019-12-25 13:00:00+00:00,45.716515,46.316998
2019-12-25 14:00:00+00:00,45.203167,45.547
2019-12-25 15:00:00+00:00,45.623714,45.486
2019-12-25 16:00:00+00:00,46.627422,47.631
2019-12-25 17:00:00+00:00,49.093445,48.297
2019-12-25 18:00:00+00:00,48.1264,47.358997
2019-12-25 19:00:00+00:00,46.479404,45.47
2019-12-25 20:00:00+00:00,44.95514,44.322998
2019-12-25 21:00:00+00:00,43.591797,43.864002
2019-12-25 22:00:00+00:00,41.805916,42.04
2019-12-25 23:00:00+00:00,39.448578,38.605
2019-12-26 00:00:00+00:00,37.058773,36.909
2019-12-26 01:00:00+00:00,35.98664,36.332
2019-12-26 02:00:00+00:00,35.979073,36.001
2019-12-26 03:00:00+00:00,36.163548,36.971
2019-12-26 04:00:00+00:00,38.065693,36.983
2019-12-26 05:00:00+00:00,38.087856,36.841
2019-12-26 06:00:00+00:00,39.19974,38.524998
2019-12-26 07:00:00+00:00,41.863617,41.091
2019-12-26 08:00:00+00:00,43.867085,44.267002
2019-12-26 09:00:00+00:00,46.487675,46.808
2019-12-26 10:00:00+00:00,47.925503,48.752003
2019-12-26 11:00:00+00:00,48.53372,48.858997
2019-12-26 12:00:00+00:00,47.318913,47.162
2019-12-26 13:00:00+00:00,45.56614,45.89
2019-12-26 14:00:00+00:00,44.885975,45.97
2019-12-26 15:00:00+00:00,46.277256,47.567
2019-12-26 16:00:00+00:00,48.974205,49.325
2019-12-26 17:00:00+00:00,49.84508,49.151997
2019-12-26 18:00:00+00:00,48.32773,48.165
2019-12-26 19:00:00+00:00,47.135323,46.401
2019-12-26 20:00:00+00:00,45.719307,46.178
2019-12-26 21:00:00+00:00,45.401966,45.993
2019-12-26 22:00:00+00:00,43.782486,42.662
2019-12-26 23:00:00+00:00,40.205917,39.888
2019-12-27 00:00:00+00:00,38.516174,38.475002
2019-12-27 01:00:00+00:00,37.494583,37.791
2019-12-27 02:00:00+00:00,37.68748,37.799
2019-12-27 03:00:00+00:00,38.349762,38.745
2019-12-27 04:00:00+00:00,40.335304,39.944
2019-12-27 05:00:00+00:00,42.91244,42.398
2019-12-27 06:00:00+00:00,46.665676,46.574
2019-12-27 07:00:00+00:00,50.57997,50.036
2019-12-27 08:00:00+00:00,52.602776,52.586998
2019-12-27 09:00:00+00:00,53.51912,54.0
2019-12-27 10:00:00+00:00,53.67306,54.759003
2019-12-27 11:00:00+00:00,53.580467,55.273003
2019-12-27 12:00:00+00:00,53.961803,54.667
2019-12-27 13:00:00+00:00,53.31217,53.887
2019-12-27 14:00:00+00:00,52.824757,53.753002
2019-12-27 15:00:00+00:00,53.61022,55.131
2019-12-27 16:00:00+00:00,55.625618,57.336998
2019-12-27 17:00:00+00:00,56.673885,56.761997
2019-12-27 18:00:00+00:00,54.219284,55.187
2019-12-27 19:00:00+00:00,52.624817,51.828003
2019-12-27 20:00:00+00:00,49.628277,49.501
2019-12-27 21:00:00+00:00,47.341423,48.037
2019-12-27 22:00:00+00:00,44.840477,45.266
2019-12-27 23:00:00+00:00,42.600567,42.462
2019-12-28 00:00:00+00:00,40.81067,40.814
2019-12-28 01:00:00+00:00,40.080017,40.342
2019-12-28 02:00:00+00:00,40.603287,40.202
2019-12-28 03:00:00+00:00,40.901043,40.883
2019-12-28 04:00:00+00:00,42.380707,41.089
2019-12-28 05:00:00+00:00,42.950527,41.373
2019-12-28 06:00:00+00:00,44.24851,43.751
2019-12-28 07:00:00+00:00,46.671654,46.965
2019-12-28 08:00:00+00:00,49.426243,50.213
2019-12-28 09:00:00+00:00,51.739407,50.682003
2019-12-28 10:00:00+00:00,50.19311,51.465
2019-12-28 11:00:00+00:00,50.05341,51.386
2019-12-28 12:00:00+00:00,49.409184,50.319996
2019-12-28 13:00:00+00:00,48.451115,49.025997
2019-12-28 14:00:00+00:00,47.980675,49.858
2019-12-28 15:00:00+00:00,50.817257,52.455
2019-12-28 16:00:00+00:00,54.170616,55.652
2019-12-28 17:00:00+00:00,55.559986,55.695004
2019-12-28 18:00:00+00:00,53.303127,54.137
2019-12-28 19:00:00+00:00,51.630672,51.244
2019-12-28 20:00:00+00:00,49.225838,49.084
2019-12-28 21:00:00+00:00,47.050327,47.918003
2019-12-28 22:00:00+00:00,45.15642,44.642002
2019-12-28 23:00:00+00:00,42.177177,42.135002
2019-12-29 00:00:00+00:00,40.68212,40.202
2019-12-29 01:00:00+00:00,39.355515,40.075
2019-12-29 02:00:00+00:00,40.355408,39.498
2019-12-29 03:00:00+00:00,39.828472,39.325
2019-12-29 04:00:00+00:00,39.59327,39.09
2019-12-29 05:00:00+00:00,39.41225,38.272003
2019-12-29 06:00:00+00:00,39.870293,39.156002
2019-12-29 07:00:00+00:00,41.881542,41.759003
2019-12-29 08:00:00+00:00,44.57953,44.765
2019-12-29 09:00:00+00:00,47.223026,46.031998
2019-12-29 10:00:00+00:00,47.10806,48.260002
2019-12-29 11:00:00+00:00,48.28026,49.349003
2019-12-29 12:00:00+00:00,48.055294,47.540997
2019-12-29 13:00:00+00:00,45.85401,46.311996
2019-12-29 14:00:00+00:00,45.11662,46.670998
2019-12-29 15:00:00+00:00,46.83585,49.244
2019-12-29 16:00:00+00:00,51.08395,52.332
2019-12-29 17:00:00+00:00,53.379467,52.958
2019-12-29 18:00:00+00:00,51.653133,51.943
2019-12-29 19:00:00+00:00,50.08664,49.805996
2019-12-29 20:00:00+00:00,48.30914,48.362
2019-12-29 21:00:00+00:00,47.44167,47.95
2019-12-29 22:00:00+00:00,46.04383,45.146
2019-12-29 23:00:00+00:00,42.51126,43.026
2019-12-30 00:00:00+00:00,41.311764,41.138
2019-12-30 01:00:00+00:00,39.911915,40.026
2019-12-30 02:00:00+00:00,39.74248,40.194
2019-12-30 03:00:00+00:00,40.776375,41.114
2019-12-30 04:00:00+00:00,42.638096,42.845
2019-12-30 05:00:00+00:00,47.044453,45.099
2019-12-30 06:00:00+00:00,50.21381,48.828003
2019-12-30 07:00:00+00:00,53.08736,51.705997
2019-12-30 08:00:00+00:00,54.316322,53.959
2019-12-30 09:00:00+00:00,55.093834,53.475002
2019-12-30 10:00:00+00:00,53.44922,53.628998
2019-12-30 11:00:00+00:00,53.083748,54.139004
2019-12-30 12:00:00+00:00,53.630646,52.653
2019-12-30 13:00:00+00:00,51.58651,52.431
2019-12-30 14:00:00+00:00,52.613445,52.718998
2019-12-30 15:00:00+00:00,53.560287,54.457
2019-12-30 16:00:00+00:00,55.8065,58.272003
2019-12-30 17:00:00+00:00,58.2815,58.564
2019-12-30 18:00:00+00:00,55.67771,56.927002
2019-12-30 19:00:00+00:00,53.74344,53.959
2019-12-30 20:00:00+00:00,51.614094,51.937
2019-12-30 21:00:00+00:00,49.665524,50.574
2019-12-30 22:00:00+00:00,47.471138,47.382004
2019-12-30 23:00:00+00:00,44.586403,44.018
2019-12-31 00:00:00+00:00,42.24078,42.023
2019-12-31 01:00:00+00:00,40.97202,40.856
2019-12-31 02:00:00+00:00,40.3487,40.388
2019-12-31 03:00:00+00:00,40.368385,40.835
2019-12-31 04:00:00+00:00,41.171494,41.447
2019-12-31 05:00:00+00:00,42.562557,41.596
2019-12-31 06:00:00+00:00,43.959145,44.124
2019-12-31 07:00:00+00:00,47.11088,46.802002
2019-12-31 08:00:00+00:00,49.134235,49.456
2019-12-31 09:00:00+00:00,50.808083,50.936996
2019-12-31 10:00:00+00:00,50.782104,52.025997
2019-12-31 11:00:00+00:00,50.84349,52.394
2019-12-31 12:00:00+00:00,50.6329,50.636997
2019-12-31 13:00:00+00:00,48.409157,49.459
2019-12-31 14:00:00+00:00,48.23252,49.378
2019-12-31 15:00:00+00:00,49.636364,51.218998
2019-12-31 16:00:00+00:00,52.924442,53.427998
2019-12-31 17:00:00+00:00,54.21438,52.637
2019-12-31 18:00:00+00:00,50.947765,50.151
2019-12-31 19:00:00+00:00,48.34383,47.493
2019-12-31 20:00:00+00:00,46.573227,45.842003
2019-12-31 21:00:00+00:00,44.593483,45.501
2019-12-31 22:00:00+00:00,43.439877,43.968998
2019-12-31 23:00:00+00:00,41.576355,42.335
2020-01-01 00:00:00+00:00,40.602264,41.187
2020-01-01 01:00:00+00:00,40.267048,40.398003
2020-01-01 02:00:00+00:00,40.12904,38.919003
2020-01-01 03:00:00+00:00,38.56229,38.878998
2020-01-01 04:00:00+00:00,38.78777,39.162
2020-01-01 05:00:00+00:00,39.594265,37.510002
2020-01-01 06:00:00+00:00,39.180534,37.892
2020-01-01 07:00:00+00:00,40.6811,38.677002
2020-01-01 08:00:00+00:00,41.739437,41.091
2020-01-01 09:00:00+00:00,43.95058,43.093998
2020-01-01 10:00:00+00:00,45.12209,45.249
2020-01-01 11:00:00+00:00,46.138,46.498
2020-01-01 12:00:00+00:00,46.056435,46.328
2020-01-01 13:00:00+00:00,45.13434,45.114998
2020-01-01 14:00:00+00:00,44.21331,45.038998
2020-01-01 15:00:00+00:00,44.8714,47.313004
2020-01-01 16:00:00+00:00,48.682148,51.194
2020-01-01 17:00:00+00:00,52.66616,51.755
2020-01-01 18:00:00+00:00,50.942776,50.732
2020-01-01 19:00:00+00:00,49.375828,48.591
2020-01-01 20:00:00+00:00,47.68601,47.663998
2020-01-01 21:00:00+00:00,47.140804,46.994
2020-01-01 22:00:00+00:00,45.362576,44.105
2020-01-01 23:00:00+00:00,41.9095,42.547
2020-01-02 00:00:00+00:00,41.078743,41.194
2020-01-02 01:00:00+00:00,40.0721,40.773003
2020-01-02 02:00:00+00:00,40.65344,40.795002
2020-01-02 03:00:00+00:00,41.29183,41.774002
2020-01-02 04:00:00+00:00,43.403076,43.961002
2020-01-02 05:00:00+00:00,48.959255,47.85
2020-01-02 06:00:00+00:00,53.798756,52.828
2020-01-02 07:00:00+00:00,56.744987,56.329
2020-01-02 08:00:00+00:00,58.273712,58.78
2020-01-02 09:00:00+00:00,59.36759,59.588
2020-01-02 10:00:00+00:00,59.370705,60.169
2020-01-02 11:00:00+00:00,59.241886,60.786
2020-01-02 12:00:00+00:00,59.333458,60.272
2020-01-02 13:00:00+00:00,58.492,59.483
2020-01-02 14:00:00+00:00,57.866623,59.173
2020-01-02 15:00:00+00:00,58.164593,60.091
2020-01-02 16:00:00+00:00,59.57747,62.599
2020-01-02 17:00:00+00:00,61.39674,62.923
2020-01-02 18:00:00+00:00,59.759373,61.932
2020-01-02 19:00:00+00:00,58.034023,58.422005
2020-01-02 20:00:00+00:00,54.978966,55.661003
2020-01-02 21:00:00+00:00,52.99096,54.103
2020-01-02 22:00:00+00:00,50.27462,50.732
2020-01-02 23:00:00+00:00,47.232662,47.641
2020-01-03 00:00:00+00:00,45.470863,46.071
2020-01-03 01:00:00+00:00,44.910656,45.485
2020-01-03 02:00:00+00:00,45.451523,45.301003
2020-01-03 03:00:00+00:00,45.973545,46.07
2020-01-03 04:00:00+00:00,47.643063,47.894
2020-01-03 05:00:00+00:00,52.982616,51.787
2020-01-03 06:00:00+00:00,56.455334,55.935
2020-01-03 07:00:00+00:00,58.916065,59.496
2020-01-03 08:00:00+00:00,60.569565,60.887997
2020-01-03 09:00:00+00:00,60.57978,61.751
2020-01-03 10:00:00+00:00,60.792267,63.204
2020-01-03 11:00:00+00:00,61.57665,63.23
2020-01-03 12:00:00+00:00,60.907726,61.575
2020-01-03 13:00:00+00:00,59.04295,60.449
2020-01-03 14:00:00+00:00,58.456078,59.982998
2020-01-03 15:00:00+00:00,58.809227,60.757
2020-01-03 16:00:00+00:00,60.2916,62.490997
2020-01-03 17:00:00+00:00,61.303497,62.157
2020-01-03 18:00:00+00:00,59.21406,60.931
2020-01-03 19:00:00+00:00,57.448036,56.910004
2020-01-03 20:00:00+00:00,53.82737,53.806
2020-01-03 21:00:00+00:00,51.43233,52.539997
2020-01-03 22:00:00+00:00,49.15196,49.359
2020-01-03 23:00:00+00:00,46.091175,46.773
2020-01-04 00:00:00+00:00,44.655403,45.003
2020-01-04 01:00:00+00:00,43.50859,44.345
2020-01-04 02:00:00+00:00,43.94326,43.801003
2020-01-04 03:00:00+00:00,43.639603,44.501
2020-01-04 04:00:00+00:00,45.302532,45.049
2020-01-04 05:00:00+00:00,47.083202,46.138
2020-01-04 06:00:00+00:00,48.914486,48.876
2020-01-04 07:00:00+00:00,51.515484,51.876
2020-01-04 08:00:00+00:00,53.56102,55.337
2020-01-04 09:00:00+00:00,55.959946,57.584003
2020-01-04 10:00:00+00:00,56.842255,59.443
2020-01-04 11:00:00+00:00,57.98334,59.873
2020-01-04 12:00:00+00:00,57.865215,58.499
2020-01-04 13:00:00+00:00,56.177685,57.624
2020-01-04 14:00:00+00:00,56.03393,56.650997
2020-01-04 15:00:00+00:00,55.662666,58.143997
2020-01-04 16:00:00+00:00,58.391598,60.436
2020-01-04 17:00:00+00:00,59.648705,59.971004
2020-01-04 18:00:00+00:00,57.020176,58.093002
2020-01-04 19:00:00+00:00,55.004345,54.602997
2020-01-04 20:00:00+00:00,52.272846,52.028
2020-01-04 21:00:00+00:00,50.080967,50.722
2020-01-04 22:00:00+00:00,47.69359,47.994003
2020-01-04 23:00:00+00:00,44.97158,44.88
2020-01-05 00:00:00+00:00,42.761086,42.638
2020-01-05 01:00:00+00:00,41.25329,41.865
2020-01-05 02:00:00+00:00,41.489376,40.752003
2020-01-05 03:00:00+00:00,40.46581,40.753998
2020-01-05 04:00:00+00:00,40.872982,40.409
2020-01-05 05:00:00+00:00,40.389797,39.751
2020-01-05 06:00:00+00:00,40.856323,41.953003
2020-01-05 07:00:00+00:00,44.868267,43.752003
2020-01-05 08:00:00+00:00,46.12933,47.044
2020-01-05 09:00:00+00:00,49.28726,50.397
2020-01-05 10:00:00+00:00,51.42792,52.744
2020-01-05 11:00:00+00:00,52.076008,52.824997
2020-01-05 12:00:00+00:00,50.667828,51.568
2020-01-05 13:00:00+00:00,48.995625,50.469997
2020-01-05 14:00:00+00:00,48.449547,50.177
2020-01-05 15:00:00+00:00,49.701977,51.651
2020-01-05 16:00:00+00:00,52.923794,55.600998
2020-01-05 17:00:00+00:00,56.629715,56.412
2020-01-05 18:00:00+00:00,54.563606,54.808002
2020-01-05 19:00:00+00:00,52.123226,52.478
2020-01-05 20:00:00+00:00,50.37205,50.972004
2020-01-05 21:00:00+00:00,49.506065,50.437996
2020-01-05 22:00:00+00:00,48.49278,47.398
2020-01-05 23:00:00+00:00,44.189877,45.225002
2020-01-06 00:00:00+00:00,43.120045,43.646
2020-01-06 01:00:00+00:00,42.146786,42.812
2020-01-06 02:00:00+00:00,42.528378,43.211998
2020-01-06 03:00:00+00:00,44.160736,44.464
2020-01-06 04:00:00+00:00,47.149734,47.110996
2020-01-06 05:00:00+00:00,54.00867,51.821
2020-01-06 06:00:00+00:00,57.57032,57.075
2020-01-06 07:00:00+00:00,60.403595,59.509003
2020-01-06 08:00:00+00:00,60.720924,61.13
2020-01-06 09:00:00+00:00,61.618237,62.336
2020-01-06 10:00:00+00:00,62.086872,63.191
2020-01-06 11:00:00+00:00,61.876183,63.404003
2020-01-06 12:00:00+00:00,61.478313,62.372
2020-01-06 13:00:00+00:00,60.135975,61.577003
2020-01-06 14:00:00+00:00,59.404133,61.264
2020-01-06 15:00:00+00:00,59.827873,62.276
2020-01-06 16:00:00+00:00,61.43322,66.018005
2020-01-06 17:00:00+00:00,64.40171,66.215004
2020-01-06 18:00:00+00:00,62.141785,64.831
2020-01-06 19:00:00+00:00,59.99049,61.35
2020-01-06 20:00:00+00:00,57.28989,58.821003
2020-01-06 21:00:00+00:00,55.75438,56.577
2020-01-06 22:00:00+00:00,52.329365,52.904
2020-01-06 23:00:00+00:00,49.070843,50.708
2020-01-07 00:00:00+00:00,48.1672,49.617
2020-01-07 01:00:00+00:00,47.93439,48.105003
2020-01-07 02:00:00+00:00,47.265827,48.553
2020-01-07 03:00:00+00:00,49.173927,50.053997
2020-01-07 04:00:00+00:00,52.12348,53.240997
2020-01-07 05:00:00+00:00,59.049274,60.42
2020-01-07 06:00:00+00:00,64.055664,66.527
2020-01-07 07:00:00+00:00,66.86359,69.198
2020-01-07 08:00:00+00:00,67.48843,69.408
2020-01-07 09:00:00+00:00,68.03877,69.896
2020-01-07 10:00:00+00:00,68.28847,70.089
2020-01-07 11:00:00+00:00,67.70012,69.367004
2020-01-07 12:00:00+00:00,66.640144,69.465004
2020-01-07 13:00:00+00:00,66.70509,68.854
2020-01-07 14:00:00+00:00,66.40807,68.089
2020-01-07 15:00:00+00:00,66.09773,68.574
2020-01-07 16:00:00+00:00,67.28425,70.914
2020-01-07 17:00:00+00:00,68.66463,70.678
2020-01-07 18:00:00+00:00,66.17605,68.99
2020-01-07 19:00:00+00:00,63.812313,65.235
2020-01-07 20:00:00+00:00,60.61969,61.996998
2020-01-07 21:00:00+00:00,58.31835,59.030003
2020-01-07 22:00:00+00:00,54.39616,55.343
2020-01-07 23:00:00+00:00,51.464443,52.694
2020-01-08 00:00:00+00:00,50.06094,51.19
2020-01-08 01:00:00+00:00,49.350872,50.407997
2020-01-08 02:00:00+00:00,49.727837,50.721
2020-01-08 03:00:00+00:00,51.199627,51.913
2020-01-08 04:00:00+00:00,53.28969,55.302002
2020-01-08 05:00:00+00:00,60.830967,62.244
2020-01-08 06:00:00+00:00,65.51989,68.822
2020-01-08 07:00:00+00:00,68.407646,71.946
2020-01-08 08:00:00+00:00,69.25652,71.865005
2020-01-08 09:00:00+00:00,69.449135,72.733
2020-01-08 10:00:00+00:00,70.220795,72.968
2020-01-08 11:00:00+00:00,69.824974,72.631
2020-01-08 12:00:00+00:00,69.126915,72.026
2020-01-08 13:00:00+00:00,68.77933,70.681
2020-01-08 14:00:00+00:00,67.94572,69.729996
2020-01-08 15:00:00+00:00,67.73072,69.481
2020-01-08 16:00:00+00:00,68.44574,70.845
2020-01-08 17:00:00+00:00,69.19877,70.154
2020-01-08 18:00:00+00:00,66.588585,68.281
2020-01-08 19:00:00+00:00,63.76861,64.28
2020-01-08 20:00:00+00:00,60.038536,60.510002
2020-01-08 21:00:00+00:00,56.731937,57.516
2020-01-08 22:00:00+00:00,53.18057,53.153004
2020-01-08 23:00:00+00:00,49.81424,49.321
2020-01-09 00:00:00+00:00,47.523727,47.328003
2020-01-09 01:00:00+00:00,46.22884,47.093
2020-01-09 02:00:00+00:00,47.14165,47.422997
2020-01-09 03:00:00+00:00,48.23014,49.34
2020-01-09 04:00:00+00:00,52.044193,53.63
2020-01-09 05:00:00+00:00,59.383297,62.225
2020-01-09 06:00:00+00:00,65.16859,67.998
2020-01-09 07:00:00+00:00,67.141975,70.414
2020-01-09 08:00:00+00:00,67.940254,70.887
2020-01-09 09:00:00+00:00,68.985695,71.590004
2020-01-09 10:00:00+00:00,69.11959,71.614006
2020-01-09 11:00:00+00:00,68.47811,71.362
2020-01-09 12:00:00+00:00,68.027054,71.486
2020-01-09 13:00:00+00:00,68.04691,69.632
2020-01-09 14:00:00+00:00,66.57702,69.401
2020-01-09 15:00:00+00:00,67.04623,69.773
2020-01-09 16:00:00+00:00,68.23274,71.947
2020-01-09 17:00:00+00:00,69.20738,71.568
2020-01-09 18:00:00+00:00,66.75288,69.564
2020-01-09 19:00:00+00:00,63.93396,65.861
2020-01-09 20:00:00+00:00,60.628544,61.967
2020-01-09 21:00:00+00:00,57.63314,58.188
2020-01-09 22:00:00+00:00,53.02278,53.909996
2020-01-09 23:00:00+00:00,50.02028,50.482
2020-01-10 00:00:00+00:00,48.03217,48.974
2020-01-10 01:00:00+00:00,47.484528,48.278
2020-01-10 02:00:00+00:00,48.134117,48.894
2020-01-10 03:00:00+00:00,50.174263,50.609
2020-01-10 04:00:00+00:00,53.62756,53.695
2020-01-10 05:00:00+00:00,60.01946,61.106
2020-01-10 06:00:00+00:00,65.073814,67.378
2020-01-10 07:00:00+00:00,67.7114,69.466995
2020-01-10 08:00:00+00:00,67.806,70.007996
2020-01-10 09:00:00+00:00,68.70479,70.376
2020-01-10 10:00:00+00:00,68.73941,70.851
2020-01-10 11:00:00+00:00,68.22955,71.042
2020-01-10 12:00:00+00:00,68.08018,69.5
2020-01-10 13:00:00+00:00,66.62378,67.45
2020-01-10 14:00:00+00:00,64.961426,66.332
2020-01-10 15:00:00+00:00,64.94779,67.454
2020-01-10 16:00:00+00:00,67.351295,69.926994
2020-01-10 17:00:00+00:00,68.54138,68.139
2020-01-10 18:00:00+00:00,64.22254,66.318
2020-01-10 19:00:00+00:00,62.1286,62.815
2020-01-10 20:00:00+00:00,58.737686,59.254
2020-01-10 21:00:00+00:00,55.513344,56.431
2020-01-10 22:00:00+00:00,52.116386,52.862
2020-01-10 23:00:00+00:00,49.331833,49.440002
2020-01-11 00:00:00+00:00,47.23145,47.309998
2020-01-11 01:00:00+00:00,45.879303,46.697
2020-01-11 02:00:00+00:00,46.433327,46.844
2020-01-11 03:00:00+00:00,47.330074,47.080997
2020-01-11 04:00:00+00:00,47.654556,46.142002
2020-01-11 05:00:00+00:00,46.219826,47.339
2020-01-11 06:00:00+00:00,49.728767,50.285
2020-01-11 07:00:00+00:00,52.65355,53.197
2020-01-11 08:00:00+00:00,54.575127,56.456997
2020-01-11 09:00:00+00:00,56.79909,57.973
2020-01-11 10:00:00+00:00,56.718468,59.171
2020-01-11 11:00:00+00:00,57.291515,58.895
2020-01-11 12:00:00+00:00,56.607143,58.204002
2020-01-11 13:00:00+00:00,56.102413,56.746998
2020-01-11 14:00:00+00:00,55.121788,56.327003
2020-01-11 15:00:00+00:00,55.884705,57.601
2020-01-11 16:00:00+00:00,58.10082,61.229
2020-01-11 17:00:00+00:00,60.832047,61.467003
2020-01-11 18:00:00+00:00,58.13899,59.467003
2020-01-11 19:00:00+00:00,55.604176,56.482002
2020-01-11 20:00:00+00:00,53.652958,54.24
2020-01-11 21:00:00+00:00,52.085617,53.024
2020-01-11 22:00:00+00:00,49.93841,50.089005
2020-01-11 23:00:00+00:00,46.774517,48.020996
2020-01-12 00:00:00+00:00,45.815662,45.999
2020-01-12 01:00:00+00:00,44.37078,44.917
2020-01-12 02:00:00+00:00,44.411495,44.356
2020-01-12 03:00:00+00:00,44.407948,44.313
2020-01-12 04:00:00+00:00,44.67616,44.099
2020-01-12 05:00:00+00:00,44.490555,43.254997
2020-01-12 06:00:00+00:00,43.910496,45.052
2020-01-12 07:00:00+00:00,47.60354,48.639
2020-01-12 08:00:00+00:00,51.486656,51.945
2020-01-12 09:00:00+00:00,53.81565,54.916
2020-01-12 10:00:00+00:00,55.364685,56.487003
2020-01-12 11:00:00+00:00,55.488655,56.295002
2020-01-12 12:00:00+00:00,54.40226,54.317997
2020-01-12 13:00:00+00:00,52.12421,53.385
2020-01-12 14:00:00+00:00,52.204166,53.667004
2020-01-12 15:00:00+00:00,54.17533,54.923004
2020-01-12 16:00:00+00:00,56.254387,58.927998
2020-01-12 17:00:00+00:00,59.641296,59.928997
2020-01-12 18:00:00+00:00,57.595776,58.158
2020-01-12 19:00:00+00:00,54.763783,55.827
2020-01-12 20:00:00+00:00,53.412155,54.061
2020-01-12 21:00:00+00:00,52.19977,53.823997
2020-01-12 22:00:00+00:00,52.031307,50.653
2020-01-12 23:00:00+00:00,47.12763,47.835
2020-01-13 00:00:00+00:00,45.474873,45.367
2020-01-13 01:00:00+00:00,43.340504,45.222
2020-01-13 02:00:00+00:00,44.886845,45.001
2020-01-13 03:00:00+00:00,45.2802,46.767
2020-01-13 04:00:00+00:00,48.996826,51.295998
2020-01-13 05:00:00+00:00,58.26783,60.370003
2020-01-13 06:00:00+00:00,64.0526,67.425995
2020-01-13 07:00:00+00:00,67.09991,70.335
2020-01-13 08:00:00+00:00,68.27151,70.634995
2020-01-13 09:00:00+00:00,69.2972,71.253
2020-01-13 10:00:00+00:00,69.59899,72.064
2020-01-13 11:00:00+00:00,69.4196,71.923
2020-01-13 12:00:00+00:00,68.81901,71.014
2020-01-13 13:00:00+00:00,67.82765,69.824005
2020-01-13 14:00:00+00:00,66.98038,68.726
2020-01-13 15:00:00+00:00,66.66743,69.168
2020-01-13 16:00:00+00:00,68.14216,72.366
2020-01-13 17:00:00+00:00,70.351654,72.422
2020-01-13 18:00:00+00:00,67.79626,70.896
2020-01-13 19:00:00+00:00,65.04139,66.779
2020-01-13 20:00:00+00:00,61.51391,63.503998
2020-01-13 21:00:00+00:00,59.092094,60.372
2020-01-13 22:00:00+00:00,54.993336,56.243
2020-01-13 23:00:00+00:00,51.9191,53.662003
2020-01-14 00:00:00+00:00,50.88276,51.976
2020-01-14 01:00:00+00:00,50.002472,50.545002
2020-01-14 02:00:00+00:00,49.730534,51.017998
2020-01-14 03:00:00+00:00,51.87026,52.543003
2020-01-14 04:00:00+00:00,54.49132,56.216
2020-01-14 05:00:00+00:00,62.46274,64.675
2020-01-14 06:00:00+00:00,67.65249,71.384995
2020-01-14 07:00:00+00:00,70.05046,73.362
2020-01-14 08:00:00+00:00,70.21283,72.997
2020-01-14 09:00:00+00:00,70.78316,73.096
2020-01-14 10:00:00+00:00,70.81382,73.459
2020-01-14 11:00:00+00:00,70.332596,72.576996
2020-01-14 12:00:00+00:00,69.40348,72.644
2020-01-14 13:00:00+00:00,69.498215,71.101
2020-01-14 14:00:00+00:00,68.76257,70.598
2020-01-14 15:00:00+00:00,69.11593,71.12701
2020-01-14 16:00:00+00:00,70.28078,73.723
2020-01-14 17:00:00+00:00,70.911865,73.177
2020-01-14 18:00:00+00:00,67.88133,71.528
2020-01-14 19:00:00+00:00,65.5014,67.886
2020-01-14 20:00:00+00:00,62.460133,64.737
2020-01-14 21:00:00+00:00,60.215366,60.686
2020-01-14 22:00:00+00:00,55.74965,56.290005
2020-01-14 23:00:00+00:00,52.629013,53.087
2020-01-15 00:00:00+00:00,50.61834,50.095
2020-01-15 01:00:00+00:00,48.34259,49.915
2020-01-15 02:00:00+00:00,49.623634,50.094
2020-01-15 03:00:00+00:00,50.514503,52.18
2020-01-15 04:00:00+00:00,54.059128,55.773
2020-01-15 05:00:00+00:00,61.881645,63.679005
2020-01-15 06:00:00+00:00,66.87304,70.076
2020-01-15 07:00:00+00:00,69.221596,72.408
2020-01-15 08:00:00+00:00,69.58487,71.995
2020-01-15 09:00:00+00:00,69.88116,72.238
2020-01-15 10:00:00+00:00,70.06333,72.463005
2020-01-15 11:00:00+00:00,69.53103,70.917
2020-01-15 12:00:00+00:00,67.876564,69.922
2020-01-15 13:00:00+00:00,67.10344,69.122
2020-01-15 14:00:00+00:00,67.04986,69.143005
2020-01-15 15:00:00+00:00,68.200035,69.136
2020-01-15 16:00:00+00:00,68.52937,72.325005
2020-01-15 17:00:00+00:00,70.07169,71.905
2020-01-15 18:00:00+00:00,66.96553,70.333
2020-01-15 19:00:00+00:00,64.34993,66.001
2020-01-15 20:00:00+00:00,60.833435,62.805
2020-01-15 21:00:00+00:00,58.773567,59.350002
2020-01-15 22:00:00+00:00,54.421314,55.223003
2020-01-15 23:00:00+00:00,51.45176,51.631
2020-01-16 00:00:00+00:00,49.169544,49.274
2020-01-16 01:00:00+00:00,47.5921,48.683002
2020-01-16 02:00:00+00:00,48.23392,48.849
2020-01-16 03:00:00+00:00,49.300117,50.362003
2020-01-16 04:00:00+00:00,51.901802,53.749
2020-01-16 05:00:00+00:00,59.71675,61.088
2020-01-16 06:00:00+00:00,64.796234,68.017006
2020-01-16 07:00:00+00:00,67.9359,69.931
2020-01-16 08:00:00+00:00,67.75808,69.577
2020-01-16 09:00:00+00:00,68.06378,69.591
2020-01-16 10:00:00+00:00,68.156,69.396
2020-01-16 11:00:00+00:00,67.008316,68.740005
2020-01-16 12:00:00+00:00,65.971756,68.47
2020-01-16 13:00:00+00:00,65.79063,67.339005
2020-01-16 14:00:00+00:00,65.1006,66.675
2020-01-16 15:00:00+00:00,65.23165,66.97
2020-01-16 16:00:00+00:00,66.31208,71.066
2020-01-16 17:00:00+00:00,69.04085,71.851
2020-01-16 18:00:00+00:00,66.55512,70.253
2020-01-16 19:00:00+00:00,63.73087,66.405
2020-01-16 20:00:00+00:00,61.002163,62.436
2020-01-16 21:00:00+00:00,58.108673,59.114998
2020-01-16 22:00:00+00:00,54.254,55.228004
2020-01-16 23:00:00+00:00,51.225456,52.748997
2020-01-17 00:00:00+00:00,50.024876,51.396996
2020-01-17 01:00:00+00:00,49.48333,50.349
2020-01-17 02:00:00+00:00,49.51834,50.506
2020-01-17 03:00:00+00:00,50.93611,51.976997
2020-01-17 04:00:00+00:00,53.542328,54.964
2020-01-17 05:00:00+00:00,60.608887,62.307003
2020-01-17 06:00:00+00:00,65.71797,68.692
2020-01-17 07:00:00+00:00,68.42021,71.095
2020-01-17 08:00:00+00:00,68.72262,70.875
2020-01-17 09:00:00+00:00,69.08557,70.881
2020-01-17 10:00:00+00:00,69.109146,70.673996
2020-01-17 11:00:00+00:00,68.207535,69.756004
2020-01-17 12:00:00+00:00,67.05359,68.643
2020-01-17 13:00:00+00:00,66.11259,67.501
2020-01-17 14:00:00+00:00,65.55538,67.174995
2020-01-17 15:00:00+00:00,66.384766,67.3
2020-01-17 16:00:00+00:00,67.039,69.438
2020-01-17 17:00:00+00:00,67.99377,69.114
2020-01-17 18:00:00+00:00,65.194534,67.637
2020-01-17 19:00:00+00:00,62.7768,63.603004
2020-01-17 20:00:00+00:00,59.23065,61.295998
2020-01-17 21:00:00+00:00,57.996803,58.309002
2020-01-17 22:00:00+00:00,53.76037,54.767
2020-01-17 23:00:00+00:00,51.267654,51.551
2020-01-18 00:00:00+00:00,49.04621,49.473
2020-01-18 01:00:00+00:00,47.63491,48.056
2020-01-18 02:00:00+00:00,47.028786,47.845997
2020-01-18 03:00:00+00:00,47.63888,47.102
2020-01-18 04:00:00+00:00,46.44557,47.439
2020-01-18 05:00:00+00:00,47.12183,48.052998
2020-01-18 06:00:00+00:00,49.59924,51.447002
2020-01-18 07:00:00+00:00,54.05418,55.101
2020-01-18 08:00:00+00:00,56.721146,58.135002
2020-01-18 09:00:00+00:00,58.159836,59.101
2020-01-18 10:00:00+00:00,57.681816,60.671
2020-01-18 11:00:00+00:00,58.970036,60.449
2020-01-18 12:00:00+00:00,57.995625,58.900997
2020-01-18 13:00:00+00:00,56.37606,57.358
2020-01-18 14:00:00+00:00,55.636547,56.300003
2020-01-18 15:00:00+00:00,55.43499,56.915
2020-01-18 16:00:00+00:00,57.61195,60.202
2020-01-18 17:00:00+00:00,60.749233,60.531
2020-01-18 18:00:00+00:00,58.044033,58.714
2020-01-18 19:00:00+00:00,55.28875,55.173
2020-01-18 20:00:00+00:00,52.574875,52.75
2020-01-18 21:00:00+00:00,51.048122,51.880997
2020-01-18 22:00:00+00:00,49.604137,49.135002
2020-01-18 23:00:00+00:00,45.761063,46.268
2020-01-19 00:00:00+00:00,43.798447,44.760998
2020-01-19 01:00:00+00:00,43.08153,43.814
2020-01-19 02:00:00+00:00,42.97219,43.287
2020-01-19 03:00:00+00:00,43.080986,43.469997
2020-01-19 04:00:00+00:00,43.713985,43.013
2020-01-19 05:00:00+00:00,43.19008,42.877
2020-01-19 06:00:00+00:00,44.182697,44.642998
2020-01-19 07:00:00+00:00,47.15837,47.431004
2020-01-19 08:00:00+00:00,49.744358,51.044
2020-01-19 09:00:00+00:00,52.93199,53.766
2020-01-19 10:00:00+00:00,54.143353,55.873
2020-01-19 11:00:00+00:00,54.984802,55.934002
2020-01-19 12:00:00+00:00,54.073227,54.289
2020-01-19 13:00:00+00:00,52.12004,52.472
2020-01-19 14:00:00+00:00,50.83807,51.841
2020-01-19 15:00:00+00:00,51.653538,52.157
2020-01-19 16:00:00+00:00,53.287792,55.954998
2020-01-19 17:00:00+00:00,57.735092,57.348003
2020-01-19 18:00:00+00:00,56.083176,56.239998
2020-01-19 19:00:00+00:00,53.508358,54.007
2020-01-19 20:00:00+00:00,51.790775,52.797
2020-01-19 21:00:00+00:00,51.241943,52.507
2020-01-19 22:00:00+00:00,50.033386,49.61
2020-01-19 23:00:00+00:00,46.2813,47.210003
2020-01-20 00:00:00+00:00,45.00406,46.133
2020-01-20 01:00:00+00:00,44.94572,45.376
2020-01-20 02:00:00+00:00,45.150444,45.803
2020-01-20 03:00:00+00:00,46.76627,47.649
2020-01-20 04:00:00+00:00,51.16476,51.606
2020-01-20 05:00:00+00:00,58.075535,59.619
2020-01-20 06:00:00+00:00,63.274185,66.121
2020-01-20 07:00:00+00:00,66.39397,69.016
2020-01-20 08:00:00+00:00,67.43091,69.421005
2020-01-20 09:00:00+00:00,68.25493,70.060005
2020-01-20 10:00:00+00:00,68.56861,70.755
2020-01-20 11:00:00+00:00,68.3405,70.437004
2020-01-20 12:00:00+00:00,67.56801,70.125
2020-01-20 13:00:00+00:00,67.13105,69.078
2020-01-20 14:00:00+00:00,66.38822,68.521
2020-01-20 15:00:00+00:00,66.37747,68.372
2020-01-20 16:00:00+00:00,66.98607,71.17
2020-01-20 17:00:00+00:00,69.05982,71.721
2020-01-20 18:00:00+00:00,67.21251,70.058
2020-01-20 19:00:00+00:00,64.30903,66.324
2020-01-20 20:00:00+00:00,61.282135,63.049
2020-01-20 21:00:00+00:00,58.86472,60.289
2020-01-20 22:00:00+00:00,55.27769,56.773003
2020-01-20 23:00:00+00:00,52.58244,53.839
2020-01-21 00:00:00+00:00,50.905136,52.190998
2020-01-21 01:00:00+00:00,50.221424,51.489002
2020-01-21 02:00:00+00:00,50.844307,51.666
2020-01-21 03:00:00+00:00,52.2115,53.486996
2020-01-21 04:00:00+00:00,55.543587,56.396004
2020-01-21 05:00:00+00:00,62.110016,63.670002
2020-01-21 06:00:00+00:00,66.85536,70.281
2020-01-21 07:00:00+00:00,69.540504,72.593
2020-01-21 08:00:00+00:00,69.767166,72.295006
2020-01-21 09:00:00+00:00,70.07806,71.856
2020-01-21 10:00:00+00:00,69.92187,71.997
2020-01-21 11:00:00+00:00,69.35185,71.03
2020-01-21 12:00:00+00:00,68.24162,70.237
2020-01-21 13:00:00+00:00,67.62952,69.218
2020-01-21 14:00:00+00:00,67.32757,68.964005
2020-01-21 15:00:00+00:00,68.13936,68.645
2020-01-21 16:00:00+00:00,68.17454,72.078
2020-01-21 17:00:00+00:00,69.96435,72.301
2020-01-21 18:00:00+00:00,67.29164,70.754005
2020-01-21 19:00:00+00:00,64.62389,67.5
2020-01-21 20:00:00+00:00,62.383137,63.952003
2020-01-21 21:00:00+00:00,59.657555,61.223003
2020-01-21 22:00:00+00:00,56.93999,57.586002
2020-01-21 23:00:00+00:00,53.872997,55.089
2020-01-22 00:00:00+00:00,52.48564,53.289997
2020-01-22 01:00:00+00:00,51.20008,52.05
2020-01-22 02:00:00+00:00,50.732475,51.913
2020-01-22 03:00:00+00:00,51.60696,53.114998
2020-01-22 04:00:00+00:00,53.837288,56.04
2020-01-22 05:00:00+00:00,61.026592,63.578
2020-01-22 06:00:00+00:00,66.56237,69.559
2020-01-22 07:00:00+00:00,68.84792,71.952
2020-01-22 08:00:00+00:00,69.14749,72.394005
2020-01-22 09:00:00+00:00,70.048775,72.423004
2020-01-22 10:00:00+00:00,69.940506,72.672005
2020-01-22 11:00:00+00:00,69.5607,72.22
2020-01-22 12:00:00+00:00,69.07884,71.502
2020-01-22 13:00:00+00:00,68.448296,70.688
2020-01-22 14:00:00+00:00,68.09017,69.853
2020-01-22 15:00:00+00:00,68.14862,69.733
2020-01-22 16:00:00+00:00,68.64885,72.173004
2020-01-22 17:00:00+00:00,70.0521,71.757
2020-01-22 18:00:00+00:00,67.3749,69.938995
2020-01-22 19:00:00+00:00,64.65896,66.009
2020-01-22 20:00:00+00:00,61.444614,62.857
2020-01-22 21:00:00+00:00,59.154854,60.271004
2020-01-22 22:00:00+00:00,55.825676,56.641
2020-01-22 23:00:00+00:00,52.821312,54.041
2020-01-23 00:00:00+00:00,51.52506,52.111
2020-01-23 01:00:00+00:00,50.17991,51.019
2020-01-23 02:00:00+00:00,50.067207,51.404
2020-01-23 03:00:00+00:00,51.682606,52.59
2020-01-23 04:00:00+00:00,53.65445,55.482998
2020-01-23 05:00:00+00:00,60.63552,63.448
2020-01-23 06:00:00+00:00,66.48929,68.914
2020-01-23 07:00:00+00:00,68.286476,71.048
2020-01-23 08:00:00+00:00,68.5723,71.525
2020-01-23 09:00:00+00:00,69.64011,72.159
2020-01-23 10:00:00+00:00,69.72461,72.119
2020-01-23 11:00:00+00:00,69.02839,71.314
2020-01-23 12:00:00+00:00,68.30247,71.3
2020-01-23 13:00:00+00:00,68.32454,70.04
2020-01-23 14:00:00+00:00,67.52868,69.32
2020-01-23 15:00:00+00:00,67.51415,69.274
2020-01-23 16:00:00+00:00,68.27171,71.95
2020-01-23 17:00:00+00:00,69.76947,72.126
2020-01-23 18:00:00+00:00,67.42148,70.468
2020-01-23 19:00:00+00:00,64.73945,66.523
2020-01-23 20:00:00+00:00,61.569622,63.155
2020-01-23 21:00:00+00:00,59.22897,60.399002
2020-01-23 22:00:00+00:00,55.780087,57.099003
2020-01-23 23:00:00+00:00,53.230038,54.077
2020-01-24 00:00:00+00:00,51.25961,52.375
2020-01-24 01:00:00+00:00,50.462986,51.498
2020-01-24 02:00:00+00:00,50.607777,51.734
2020-01-24 03:00:00+00:00,51.97184,52.851
2020-01-24 04:00:00+00:00,54.018246,55.748
2020-01-24 05:00:00+00:00,61.10643,63.067
2020-01-24 06:00:00+00:00,66.29394,68.885
2020-01-24 07:00:00+00:00,68.51566,71.332
2020-01-24 08:00:00+00:00,68.92368,71.507
2020-01-24 09:00:00+00:00,69.53165,71.677
2020-01-24 10:00:00+00:00,69.508286,71.907005
2020-01-24 11:00:00+00:00,69.08563,71.242
2020-01-24 12:00:00+00:00,68.29985,70.270996
2020-01-24 13:00:00+00:00,67.47911,68.952995
2020-01-24 14:00:00+00:00,66.73403,68.058
2020-01-24 15:00:00+00:00,66.80444,67.802
2020-01-24 16:00:00+00:00,67.35022,70.362
2020-01-24 17:00:00+00:00,69.003815,70.149
2020-01-24 18:00:00+00:00,66.21284,68.14
2020-01-24 19:00:00+00:00,63.19863,63.95
2020-01-24 20:00:00+00:00,59.829483,60.559002
2020-01-24 21:00:00+00:00,56.933773,58.367
2020-01-24 22:00:00+00:00,54.354053,55.115
2020-01-24 23:00:00+00:00,51.578075,52.126
2020-01-25 00:00:00+00:00,49.674686,50.118
2020-01-25 01:00:00+00:00,48.354084,49.212997
2020-01-25 02:00:00+00:00,48.40052,48.994
2020-01-25 03:00:00+00:00,48.829365,48.835003
2020-01-25 04:00:00+00:00,48.782967,48.246998
2020-01-25 05:00:00+00:00,47.7642,49.227
2020-01-25 06:00:00+00:00,51.25328,52.393
2020-01-25 07:00:00+00:00,54.74708,56.093
2020-01-25 08:00:00+00:00,57.602314,59.462
2020-01-25 09:00:00+00:00,59.55893,60.943
2020-01-25 10:00:00+00:00,59.491722,61.385002
2020-01-25 11:00:00+00:00,59.249584,60.963
2020-01-25 12:00:00+00:00,58.63793,59.443
2020-01-25 13:00:00+00:00,57.077534,58.054
2020-01-25 14:00:00+00:00,56.37429,57.651997
2020-01-25 15:00:00+00:00,57.190907,58.364998
2020-01-25 16:00:00+00:00,58.709778,61.649998
2020-01-25 17:00:00+00:00,61.589306,62.072998
2020-01-25 18:00:00+00:00,59.160957,59.746002
2020-01-25 19:00:00+00:00,56.02627,56.448
2020-01-25 20:00:00+00:00,53.834324,54.043003
2020-01-25 21:00:00+00:00,52.191547,53.23
2020-01-25 22:00:00+00:00,50.8756,50.429
2020-01-25 23:00:00+00:00,47.098904,47.442
2020-01-26 00:00:00+00:00,44.92181,45.207
2020-01-26 01:00:00+00:00,43.172836,44.106003
2020-01-26 02:00:00+00:00,43.06009,43.789
2020-01-26 03:00:00+00:00,43.49795,43.688
2020-01-26 04:00:00+00:00,43.584896,43.468998
2020-01-26 05:00:00+00:00,43.46214,43.015
2020-01-26 06:00:00+00:00,43.805973,44.932
2020-01-26 07:00:00+00:00,47.366436,47.681
2020-01-26 08:00:00+00:00,49.94577,51.305
2020-01-26 09:00:00+00:00,53.141323,53.770004
2020-01-26 10:00:00+00:00,54.051304,55.524002
2020-01-26 11:00:00+00:00,54.55181,55.475
2020-01-26 12:00:00+00:00,53.643192,53.525
2020-01-26 13:00:00+00:00,51.199314,51.799
2020-01-26 14:00:00+00:00,50.268703,51.155
2020-01-26 15:00:00+00:00,51.08213,52.107
2020-01-26 16:00:00+00:00,53.824955,56.635998
2020-01-26 17:00:00+00:00,58.44171,58.366
2020-01-26 18:00:00+00:00,56.662052,57.117
2020-01-26 19:00:00+00:00,53.864788,54.823997
2020-01-26 20:00:00+00:00,52.41537,53.567997
2020-01-26 21:00:00+00:00,51.758335,53.745
2020-01-26 22:00:00+00:00,51.43296,50.908
2020-01-26 23:00:00+00:00,47.28266,48.964996
2020-01-27 00:00:00+00:00,46.589436,47.681
2020-01-27 01:00:00+00:00,46.23792,47.472
2020-01-27 02:00:00+00:00,47.258743,47.651
2020-01-27 03:00:00+00:00,48.391964,49.427
2020-01-27 04:00:00+00:00,52.827248,54.03
2020-01-27 05:00:00+00:00,60.354374,62.214
2020-01-27 06:00:00+00:00,65.139404,68.751
2020-01-27 07:00:00+00:00,68.00463,71.117
2020-01-27 08:00:00+00:00,68.924805,71.232
2020-01-27 09:00:00+00:00,69.59916,72.05
2020-01-27 10:00:00+00:00,70.06346,72.514
2020-01-27 11:00:00+00:00,69.65756,72.278
2020-01-27 12:00:00+00:00,69.072136,71.644005
2020-01-27 13:00:00+00:00,68.5487,70.719
2020-01-27 14:00:00+00:00,68.038124,69.814
2020-01-27 15:00:00+00:00,67.878944,69.006996
2020-01-27 16:00:00+00:00,67.88407,71.89
2020-01-27 17:00:00+00:00,69.993675,71.563
2020-01-27 18:00:00+00:00,67.32059,69.622
2020-01-27 19:00:00+00:00,64.219444,66.063
2020-01-27 20:00:00+00:00,61.412724,62.244
2020-01-27 21:00:00+00:00,57.852245,59.761
2020-01-27 22:00:00+00:00,55.44419,56.22
2020-01-27 23:00:00+00:00,52.41388,52.42
2020-01-28 00:00:00+00:00,49.8321,51.119
2020-01-28 01:00:00+00:00,49.753674,50.485
2020-01-28 02:00:00+00:00,49.99704,51.125
2020-01-28 03:00:00+00:00,51.883858,52.8
2020-01-28 04:00:00+00:00,54.937534,56.158
2020-01-28 05:00:00+00:00,61.58042,63.444
2020-01-28 06:00:00+00:00,66.48547,69.447
2020-01-28 07:00:00+00:00,68.745865,71.989
2020-01-28 08:00:00+00:00,69.2901,72.69
2020-01-28 09:00:00+00:00,70.188225,73.418
2020-01-28 10:00:00+00:00,70.551125,73.775
2020-01-28 11:00:00+00:00,70.21713,73.638
2020-01-28 12:00:00+00:00,69.95003,73.17
2020-01-28 13:00:00+00:00,69.62975,72.913
2020-01-28 14:00:00+00:00,69.63331,71.682
2020-01-28 15:00:00+00:00,69.171486,70.974
2020-01-28 16:00:00+00:00,69.138695,73.211
2020-01-28 17:00:00+00:00,70.68627,73.131004
2020-01-28 18:00:00+00:00,68.48236,71.681
2020-01-28 19:00:00+00:00,65.76784,68.065
2020-01-28 20:00:00+00:00,62.710323,64.27901
2020-01-28 21:00:00+00:00,59.77621,61.161
2020-01-28 22:00:00+00:00,56.21791,57.158005
2020-01-28 23:00:00+00:00,52.98886,54.882
2020-01-29 00:00:00+00:00,52.293762,52.438
2020-01-29 01:00:00+00:00,50.315536,51.842
2020-01-29 02:00:00+00:00,51.310616,51.954998
2020-01-29 03:00:00+00:00,52.483948,53.479
2020-01-29 04:00:00+00:00,55.173428,56.704998
2020-01-29 05:00:00+00:00,62.65503,64.144005
2020-01-29 06:00:00+00:00,67.34518,70.211
2020-01-29 07:00:00+00:00,69.53653,72.697
2020-01-29 08:00:00+00:00,70.012054,73.429
2020-01-29 09:00:00+00:00,70.89118,74.367
2020-01-29 10:00:00+00:00,71.337296,74.965
2020-01-29 11:00:00+00:00,71.12448,74.404
2020-01-29 12:00:00+00:00,70.58463,73.751
2020-01-29 13:00:00+00:00,70.19215,72.535
2020-01-29 14:00:00+00:00,69.58256,71.572
2020-01-29 15:00:00+00:00,69.48596,70.648
2020-01-29 16:00:00+00:00,69.50762,72.852
2020-01-29 17:00:00+00:00,70.88258,73.153
2020-01-29 18:00:00+00:00,68.81332,71.352
2020-01-29 19:00:00+00:00,65.55292,66.965004
2020-01-29 20:00:00+00:00,61.982655,63.517002
2020-01-29 21:00:00+00:00,59.573177,60.833
2020-01-29 22:00:00+00:00,56.218433,56.974003
2020-01-29 23:00:00+00:00,53.100563,54.755
2020-01-30 00:00:00+00:00,52.477608,53.314
2020-01-30 01:00:00+00:00,51.65733,52.67
2020-01-30 02:00:00+00:00,52.08438,53.296
2020-01-30 03:00:00+00:00,54.02309,54.295998
2020-01-30 04:00:00+00:00,55.64077,57.361
2020-01-30 05:00:00+00:00,62.474434,64.276
2020-01-30 06:00:00+00:00,67.186386,70.389
2020-01-30 07:00:00+00:00,69.465195,72.512
2020-01-30 08:00:00+00:00,69.680244,72.659004
2020-01-30 09:00:00+00:00,70.20434,72.998
2020-01-30 10:00:00+00:00,70.4317,72.950005
2020-01-30 11:00:00+00:00,69.78946,72.86301
2020-01-30 12:00:00+00:00,69.54577,72.43
2020-01-30 13:00:00+00:00,69.33415,70.479996
2020-01-30 14:00:00+00:00,68.018814,69.39
2020-01-30 15:00:00+00:00,67.87253,69.281
2020-01-30 16:00:00+00:00,68.71771,72.126
2020-01-30 17:00:00+00:00,70.10288,72.641
2020-01-30 18:00:00+00:00,67.794075,71.54
2020-01-30 19:00:00+00:00,65.43498,67.983
2020-01-30 20:00:00+00:00,62.584522,64.403
2020-01-30 21:00:00+00:00,60.14016,60.986
2020-01-30 22:00:00+00:00,56.512432,56.125
2020-01-30 23:00:00+00:00,52.413326,53.004
2020-01-31 00:00:00+00:00,50.59901,51.039
2020-01-31 01:00:00+00:00,49.058506,49.866
2020-01-31 02:00:00+00:00,48.787804,49.798
2020-01-31 03:00:00+00:00,49.78205,51.299004
2020-01-31 04:00:00+00:00,52.436092,54.856
2020-01-31 05:00:00+00:00,60.652306,63.175003
2020-01-31 06:00:00+00:00,66.4117,69.261
2020-01-31 07:00:00+00:00,68.53009,70.985
2020-01-31 08:00:00+00:00,68.483925,70.544
2020-01-31 09:00:00+00:00,69.03204,71.373
2020-01-31 10:00:00+00:00,69.432816,71.785
2020-01-31 11:00:00+00:00,68.874466,71.153
2020-01-31 12:00:00+00:00,68.0197,69.686
2020-01-31 13:00:00+00:00,66.81848,68.635
2020-01-31 14:00:00+00:00,66.26791,67.5
2020-01-31 15:00:00+00:00,66.16137,66.881996
2020-01-31 16:00:00+00:00,66.431274,69.340004
2020-01-31 17:00:00+00:00,68.472176,70.113
2020-01-31 18:00:00+00:00,66.4816,68.944
2020-01-31 19:00:00+00:00,63.471313,64.037
2020-01-31 20:00:00+00:00,59.196716,60.126003
2020-01-31 21:00:00+00:00,56.548355,57.368
2020-01-31 22:00:00+00:00,52.85936,53.245
2020-01-31 23:00:00+00:00,49.686646,49.399002
2020-02-01 00:00:00+00:00,47.358795,47.284
2020-02-01 01:00:00+00:00,45.976067,45.848
2020-02-01 02:00:00+00:00,45.198273,45.607
2020-02-01 03:00:00+00:00,45.82354,45.86
2020-02-01 04:00:00+00:00,46.16611,46.296997
2020-02-01 05:00:00+00:00,47.01629,46.913002
2020-02-01 06:00:00+00:00,49.179253,49.628
2020-02-01 07:00:00+00:00,52.11521,53.387
2020-02-01 08:00:00+00:00,55.059383,56.245
2020-02-01 09:00:00+00:00,56.375397,58.078003
2020-02-01 10:00:00+00:00,56.912994,59.292
2020-02-01 11:00:00+00:00,57.35374,58.679996
2020-02-01 12:00:00+00:00,56.04171,56.957
2020-02-01 13:00:00+00:00,54.537903,55.604004
2020-02-01 14:00:00+00:00,54.020477,55.674
2020-02-01 15:00:00+00:00,55.772552,55.938
2020-02-01 16:00:00+00:00,56.378788,59.665997
2020-02-01 17:00:00+00:00,59.99371,61.184998
2020-02-01 18:00:00+00:00,58.41229,58.669
2020-02-01 19:00:00+00:00,54.60414,55.065
2020-02-01 20:00:00+00:00,52.38196,52.566
2020-02-01 21:00:00+00:00,50.558285,51.100002
2020-02-01 22:00:00+00:00,48.248325,49.188
2020-02-01 23:00:00+00:00,46.10616,45.350998
2020-02-02 00:00:00+00:00,42.89305,43.399998
2020-02-02 01:00:00+00:00,41.98354,42.438
2020-02-02 02:00:00+00:00,41.75337,42.211998
2020-02-02 03:00:00+00:00,42.420662,42.12
2020-02-02 04:00:00+00:00,42.443073,41.986
2020-02-02 05:00:00+00:00,42.47496,41.298
2020-02-02 06:00:00+00:00,42.38685,42.738
2020-02-02 07:00:00+00:00,45.43732,45.745
2020-02-02 08:00:00+00:00,48.40689,50.124
2020-02-02 09:00:00+00:00,52.50753,52.992
2020-02-02 10:00:00+00:00,53.61162,55.469
2020-02-02 11:00:00+00:00,54.649216,54.993
2020-02-02 12:00:00+00:00,53.01766,53.197
2020-02-02 13:00:00+00:00,50.6568,51.769
2020-02-02 14:00:00+00:00,50.057312,51.504997
2020-02-02 15:00:00+00:00,51.423134,52.279
2020-02-02 16:00:00+00:00,53.563057,56.141003
2020-02-02 17:00:00+00:00,57.551025,58.045
2020-02-02 18:00:00+00:00,56.441795,56.677002
2020-02-02 19:00:00+00:00,53.538067,54.045
2020-02-02 20:00:00+00:00,51.59344,52.205997
2020-02-02 21:00:00+00:00,50.448868,52.608
2020-02-02 22:00:00+00:00,50.608555,49.851
2020-02-02 23:00:00+00:00,46.274776,47.361
2020-02-03 00:00:00+00:00,45.04959,45.884
2020-02-03 01:00:00+00:00,44.438347,45.908
2020-02-03 02:00:00+00:00,45.85528,46.622
2020-02-03 03:00:00+00:00,47.68691,48.626003
2020-02-03 04:00:00+00:00,52.940876,53.353
2020-02-03 05:00:00+00:00,60.03549,61.892002
2020-02-03 06:00:00+00:00,64.942345,67.726
2020-02-03 07:00:00+00:00,67.39625,69.961
2020-02-03 08:00:00+00:00,68.39484,70.138
2020-02-03 09:00:00+00:00,69.1458,71.409
2020-02-03 10:00:00+00:00,69.6691,72.434
2020-02-03 11:00:00+00:00,69.61175,72.461
2020-02-03 12:00:00+00:00,69.16829,71.448
2020-02-03 13:00:00+00:00,68.274864,70.966995
2020-02-03 14:00:00+00:00,68.12981,69.968
2020-02-03 15:00:00+00:00,67.85062,68.684
2020-02-03 16:00:00+00:00,67.21705,70.894005
2020-02-03 17:00:00+00:00,69.310165,71.502
2020-02-03 18:00:00+00:00,67.656204,69.729004
2020-02-03 19:00:00+00:00,64.26496,66.163
2020-02-03 20:00:00+00:00,61.34259,62.608997
2020-02-03 21:00:00+00:00,58.426952,58.755997
2020-02-03 22:00:00+00:00,53.910416,54.086
2020-02-03 23:00:00+00:00,50.61598,51.150997
2020-02-04 00:00:00+00:00,48.96727,50.029
2020-02-04 01:00:00+00:00,48.63886,50.141003
2020-02-04 02:00:00+00:00,50.226723,51.564
2020-02-04 03:00:00+00:00,53.06375,53.326
2020-02-04 04:00:00+00:00,57.573925,56.920002
2020-02-04 05:00:00+00:00,62.132782,63.756
2020-02-04 06:00:00+00:00,66.58481,69.406006
2020-02-04 07:00:00+00:00,68.66846,71.66801
2020-02-04 08:00:00+00:00,69.21445,72.076
2020-02-04 09:00:00+00:00,69.79705,72.801
2020-02-04 10:00:00+00:00,70.15006,73.307
2020-02-04 11:00:00+00:00,69.92495,72.86301
2020-02-04 12:00:00+00:00,69.34076,72.439995
2020-02-04 13:00:00+00:00,69.10556,71.413
2020-02-04 14:00:00+00:00,68.630165,70.698
2020-02-04 15:00:00+00:00,68.64481,69.243
2020-02-04 16:00:00+00:00,67.829956,71.48
2020-02-04 17:00:00+00:00,69.51498,72.624
2020-02-04 18:00:00+00:00,68.09641,71.243004
2020-02-04 19:00:00+00:00,64.949936,67.489
2020-02-04 20:00:00+00:00,61.982693,64.421
2020-02-04 21:00:00+00:00,60.011406,61.428997
2020-02-04 22:00:00+00:00,56.377865,58.047
2020-02-04 23:00:00+00:00,54.09932,54.665
2020-02-05 00:00:00+00:00,51.70893,52.005
2020-02-05 01:00:00+00:00,49.84146,51.423996
2020-02-05 02:00:00+00:00,50.74642,51.329002
2020-02-05 03:00:00+00:00,51.432144,52.746998
2020-02-05 04:00:00+00:00,54.121807,56.235
2020-02-05 05:00:00+00:00,62.290928,63.201
2020-02-05 06:00:00+00:00,66.59462,68.548004
2020-02-05 07:00:00+00:00,68.53064,70.956
2020-02-05 08:00:00+00:00,69.088585,70.56
2020-02-05 09:00:00+00:00,69.03194,70.65501
2020-02-05 10:00:00+00:00,68.94912,71.407
2020-02-05 11:00:00+00:00,68.96397,69.827
2020-02-05 12:00:00+00:00,67.14348,68.932
2020-02-05 13:00:00+00:00,66.38189,67.752
2020-02-05 14:00:00+00:00,66.0174,66.98
2020-02-05 15:00:00+00:00,66.15693,66.588005
2020-02-05 16:00:00+00:00,66.44186,69.382
2020-02-05 17:00:00+00:00,68.41525,71.590004
2020-02-05 18:00:00+00:00,67.43777,70.25
2020-02-05 19:00:00+00:00,64.04069,66.827
2020-02-05 20:00:00+00:00,61.67841,63.383
2020-02-05 21:00:00+00:00,59.49098,60.452
2020-02-05 22:00:00+00:00,56.0058,56.456
2020-02-05 23:00:00+00:00,52.71133,53.866
2020-02-06 00:00:00+00:00,51.2876,51.563
2020-02-06 01:00:00+00:00,49.251766,50.496998
2020-02-06 02:00:00+00:00,49.186043,50.761
2020-02-06 03:00:00+00:00,50.512836,52.163
2020-02-06 04:00:00+00:00,52.860104,55.965
2020-02-06 05:00:00+00:00,61.231762,63.197
2020-02-06 06:00:00+00:00,65.96641,69.188995
2020-02-06 07:00:00+00:00,68.34001,71.148994
2020-02-06 08:00:00+00:00,68.600395,71.125
2020-02-06 09:00:00+00:00,69.11068,71.346
2020-02-06 10:00:00+00:00,69.21354,71.783
2020-02-06 11:00:00+00:00,68.89212,71.152
2020-02-06 12:00:00+00:00,68.06888,70.566
2020-02-06 13:00:00+00:00,67.596275,69.663
2020-02-06 14:00:00+00:00,67.20561,68.662
2020-02-06 15:00:00+00:00,66.95923,67.567
2020-02-06 16:00:00+00:00,66.56222,69.697
2020-02-06 17:00:00+00:00,68.42933,70.903
2020-02-06 18:00:00+00:00,67.120735,69.93
2020-02-06 19:00:00+00:00,64.223366,65.952995
2020-02-06 20:00:00+00:00,60.8224,62.805
2020-02-06 21:00:00+00:00,58.966938,59.81
2020-02-06 22:00:00+00:00,55.036625,56.286003
2020-02-06 23:00:00+00:00,52.47836,53.505
2020-02-07 00:00:00+00:00,50.844555,51.789
2020-02-07 01:00:00+00:00,49.85036,51.034
2020-02-07 02:00:00+00:00,50.24927,51.361
2020-02-07 03:00:00+00:00,51.64565,52.628998
2020-02-07 04:00:00+00:00,53.831985,55.962
2020-02-07 05:00:00+00:00,61.247665,63.281002
2020-02-07 06:00:00+00:00,66.23909,68.363
2020-02-07 07:00:00+00:00,67.92267,70.29
2020-02-07 08:00:00+00:00,68.25446,69.685
2020-02-07 09:00:00+00:00,68.30008,69.995
2020-02-07 10:00:00+00:00,68.27881,72.087
2020-02-07 11:00:00+00:00,69.27322,71.43201
2020-02-07 12:00:00+00:00,68.25801,69.779
2020-02-07 13:00:00+00:00,66.743484,67.904
2020-02-07 14:00:00+00:00,65.75332,66.94701
2020-02-07 15:00:00+00:00,65.699814,66.454
2020-02-07 16:00:00+00:00,65.9905,68.958
2020-02-07 17:00:00+00:00,67.96992,69.943
2020-02-07 18:00:00+00:00,66.25493,67.667
2020-02-07 19:00:00+00:00,62.460003,63.895
2020-02-07 20:00:00+00:00,59.77751,60.227
2020-02-07 21:00:00+00:00,56.425903,57.389
2020-02-07 22:00:00+00:00,53.33543,53.456
2020-02-07 23:00:00+00:00,50.124447,50.327
2020-02-08 00:00:00+00:00,48.14226,49.306
2020-02-08 01:00:00+00:00,47.9757,48.229
2020-02-08 02:00:00+00:00,47.420395,47.92
2020-02-08 03:00:00+00:00,47.83139,48.054
2020-02-08 04:00:00+00:00,48.204735,48.268
2020-02-08 05:00:00+00:00,49.092827,48.305996
2020-02-08 06:00:00+00:00,50.029495,50.754
2020-02-08 07:00:00+00:00,52.778023,54.488003
2020-02-08 08:00:00+00:00,55.934692,57.486
2020-02-08 09:00:00+00:00,57.543682,58.621
2020-02-08 10:00:00+00:00,57.173687,59.001
2020-02-08 11:00:00+00:00,57.006916,58.646004
2020-02-08 12:00:00+00:00,56.54623,56.73
2020-02-08 13:00:00+00:00,54.675274,55.675
2020-02-08 14:00:00+00:00,54.72369,54.924
2020-02-08 15:00:00+00:00,54.880093,54.549
2020-02-08 16:00:00+00:00,55.06542,58.089
2020-02-08 17:00:00+00:00,59.361614,60.539
2020-02-08 18:00:00+00:00,58.751556,59.000004
2020-02-08 19:00:00+00:00,55.0826,55.187
2020-02-08 20:00:00+00:00,52.40708,52.967
2020-02-08 21:00:00+00:00,51.17877,52.089
2020-02-08 22:00:00+00:00,49.28216,49.015003
2020-02-08 23:00:00+00:00,45.841564,45.025
2020-02-09 00:00:00+00:00,42.85361,42.709
2020-02-09 01:00:00+00:00,41.204838,41.663002
2020-02-09 02:00:00+00:00,40.70975,41.091
2020-02-09 03:00:00+00:00,40.69698,41.215
2020-02-09 04:00:00+00:00,41.143982,41.19
2020-02-09 05:00:00+00:00,41.15331,41.155
2020-02-09 06:00:00+00:00,42.40427,43.635998
2020-02-09 07:00:00+00:00,46.52491,47.348
2020-02-09 08:00:00+00:00,50.120953,51.54
2020-02-09 09:00:00+00:00,53.333496,53.267998
2020-02-09 10:00:00+00:00,53.10454,55.765
2020-02-09 11:00:00+00:00,54.826336,55.408
2020-02-09 12:00:00+00:00,53.376743,53.769
2020-02-09 13:00:00+00:00,51.30082,52.964
2020-02-09 14:00:00+00:00,51.621284,52.256
2020-02-09 15:00:00+00:00,51.678413,52.007004
2020-02-09 16:00:00+00:00,52.310757,55.355
2020-02-09 17:00:00+00:00,56.71681,57.188004
2020-02-09 18:00:00+00:00,55.87425,55.656002
2020-02-09 19:00:00+00:00,52.85037,53.830997
2020-02-09 20:00:00+00:00,51.61337,51.947
2020-02-09 21:00:00+00:00,50.028553,51.412003
2020-02-09 22:00:00+00:00,48.856503,48.896
2020-02-09 23:00:00+00:00,45.479992,46.653
2020-02-10 00:00:00+00:00,44.38281,45.012
2020-02-10 01:00:00+00:00,43.712227,44.519
2020-02-10 02:00:00+00:00,44.60444,45.239
2020-02-10 03:00:00+00:00,46.57398,47.340004
2020-02-10 04:00:00+00:00,51.845234,51.28
2020-02-10 05:00:00+00:00,58.070972,59.239998
2020-02-10 06:00:00+00:00,63.075832,65.225
2020-02-10 07:00:00+00:00,65.88259,68.605
2020-02-10 08:00:00+00:00,67.38277,70.465
2020-02-10 09:00:00+00:00,69.065704,71.862
2020-02-10 10:00:00+00:00,69.61961,73.688995
2020-02-10 11:00:00+00:00,70.283,72.856
2020-02-10 12:00:00+00:00,69.33276,71.607
2020-02-10 13:00:00+00:00,68.12307,70.646996
2020-02-10 14:00:00+00:00,67.60149,69.853
2020-02-10 15:00:00+00:00,67.35318,68.964005
2020-02-10 16:00:00+00:00,67.215866,70.502
2020-02-10 17:00:00+00:00,68.97109,72.305
2020-02-10 18:00:00+00:00,68.77546,70.417
2020-02-10 19:00:00+00:00,64.89182,66.060005
2020-02-10 20:00:00+00:00,61.058617,62.920998
2020-02-10 21:00:00+00:00,58.94076,59.716003
2020-02-10 22:00:00+00:00,54.26257,55.8
2020-02-10 23:00:00+00:00,51.577816,52.962
2020-02-11 00:00:00+00:00,50.113926,51.401997
2020-02-11 01:00:00+00:00,49.562126,50.598003
2020-02-11 02:00:00+00:00,50.085564,51.484
2020-02-11 03:00:00+00:00,52.606827,52.577
2020-02-11 04:00:00+00:00,54.630405,55.633
2020-02-11 05:00:00+00:00,61.622967,63.705
2020-02-11 06:00:00+00:00,67.01984,70.325
2020-02-11 07:00:00+00:00,69.47585,72.616
2020-02-11 08:00:00+00:00,69.76714,73.47
2020-02-11 09:00:00+00:00,70.99949,74.202995
2020-02-11 10:00:00+00:00,71.296646,75.265
2020-02-11 11:00:00+00:00,71.271,74.183
2020-02-11 12:00:00+00:00,70.433266,73.077
2020-02-11 13:00:00+00:00,69.638596,72.154
2020-02-11 14:00:00+00:00,69.331665,71.356
2020-02-11 15:00:00+00:00,69.46759,70.706
2020-02-11 16:00:00+00:00,69.59481,72.023
2020-02-11 17:00:00+00:00,70.274475,73.784996
2020-02-11 18:00:00+00:00,69.36456,72.023
2020-02-11 19:00:00+00:00,65.70186,68.083
2020-02-11 20:00:00+00:00,62.430946,64.31
2020-02-11 21:00:00+00:00,59.959393,60.822002
2020-02-11 22:00:00+00:00,55.805885,56.165
2020-02-11 23:00:00+00:00,52.3424,54.452
2020-02-12 00:00:00+00:00,52.31688,52.888
2020-02-12 01:00:00+00:00,51.065723,52.069
2020-02-12 02:00:00+00:00,51.485893,51.92
2020-02-12 03:00:00+00:00,52.41099,53.149
2020-02-12 04:00:00+00:00,54.632153,57.024002
2020-02-12 05:00:00+00:00,62.874054,64.698
2020-02-12 06:00:00+00:00,67.5767,70.407005
2020-02-12 07:00:00+00:00,69.43126,72.844
2020-02-12 08:00:00+00:00,70.07825,73.306
2020-02-12 09:00:00+00:00,70.78641,74.022
2020-02-12 10:00:00+00:00,71.03034,75.551
2020-02-12 11:00:00+00:00,71.50807,74.576
2020-02-12 12:00:00+00:00,70.61956,74.068
2020-02-12 13:00:00+00:00,70.24305,72.455
2020-02-12 14:00:00+00:00,69.558075,70.701
2020-02-12 15:00:00+00:00,68.67239,69.786
2020-02-12 16:00:00+00:00,68.918625,71.348
2020-02-12 17:00:00+00:00,70.154236,72.748
2020-02-12 18:00:00+00:00,68.841805,70.909996
2020-02-12 19:00:00+00:00,65.11989,67.354996
2020-02-12 20:00:00+00:00,62.18586,63.558
2020-02-12 21:00:00+00:00,59.232327,60.496002
2020-02-12 22:00:00+00:00,55.839794,56.966
2020-02-12 23:00:00+00:00,53.25877,54.262
2020-02-13 00:00:00+00:00,51.777332,52.799004
2020-02-13 01:00:00+00:00,51.196884,51.541
2020-02-13 02:00:00+00:00,50.679718,51.767998
2020-02-13 03:00:00+00:00,52.15888,53.171
2020-02-13 04:00:00+00:00,54.560444,56.187004
2020-02-13 05:00:00+00:00,61.52315,63.267002
2020-02-13 06:00:00+00:00,66.50082,69.419
2020-02-13 07:00:00+00:00,68.947754,71.305
2020-02-13 08:00:00+00:00,68.863495,72.131004
2020-02-13 09:00:00+00:00,69.95725,73.887
2020-02-13 10:00:00+00:00,70.98515,74.816
2020-02-13 11:00:00+00:00,70.781136,74.465004
2020-02-13 12:00:00+00:00,70.38705,74.952995
2020-02-13 13:00:00+00:00,70.89724,73.489
2020-02-13 14:00:00+00:00,69.95683,72.111
2020-02-13 15:00:00+00:00,69.15367,71.369
2020-02-13 16:00:00+00:00,69.56942,72.394005
2020-02-13 17:00:00+00:00,70.28377,74.091995
2020-02-13 18:00:00+00:00,69.75811,71.89
2020-02-13 19:00:00+00:00,66.09215,68.796005
2020-02-13 20:00:00+00:00,63.469772,64.769005
2020-02-13 21:00:00+00:00,60.278587,60.636997
2020-02-13 22:00:00+00:00,55.60471,56.403
2020-02-13 23:00:00+00:00,52.661453,53.767
2020-02-14 00:00:00+00:00,51.19796,52.527
2020-02-14 01:00:00+00:00,50.901413,51.467
2020-02-14 02:00:00+00:00,50.746426,51.876
2020-02-14 03:00:00+00:00,52.63211,53.480003
2020-02-14 04:00:00+00:00,55.391453,56.394
2020-02-14 05:00:00+00:00,62.134914,62.977
2020-02-14 06:00:00+00:00,66.539734,68.579
2020-02-14 07:00:00+00:00,68.71816,70.427
2020-02-14 08:00:00+00:00,68.68618,71.020004
2020-02-14 09:00:00+00:00,69.42695,71.743004
2020-02-14 10:00:00+00:00,69.71821,72.554
2020-02-14 11:00:00+00:00,69.54438,72.217
2020-02-14 12:00:00+00:00,69.04401,71.21
2020-02-14 13:00:00+00:00,68.26974,69.456
2020-02-14 14:00:00+00:00,67.112854,68.331
2020-02-14 15:00:00+00:00,66.89114,67.216995
2020-02-14 16:00:00+00:00,66.731346,68.211006
2020-02-14 17:00:00+00:00,67.59061,69.788
2020-02-14 18:00:00+00:00,67.07089,67.806
2020-02-14 19:00:00+00:00,63.052753,63.55
2020-02-14 20:00:00+00:00,59.479424,59.582
2020-02-14 21:00:00+00:00,56.105732,56.781
2020-02-14 22:00:00+00:00,52.85036,53.601
2020-02-14 23:00:00+00:00,50.419884,50.437996
2020-02-15 00:00:00+00:00,48.248955,48.238003
2020-02-15 01:00:00+00:00,46.72934,47.003
2020-02-15 02:00:00+00:00,46.217285,47.037
2020-02-15 03:00:00+00:00,47.021942,47.409
2020-02-15 04:00:00+00:00,47.457714,47.527
2020-02-15 05:00:00+00:00,48.129955,48.295002
2020-02-15 06:00:00+00:00,50.342148,51.062
2020-02-15 07:00:00+00:00,53.085304,54.886
2020-02-15 08:00:00+00:00,56.13641,57.281002
2020-02-15 09:00:00+00:00,56.91885,58.849
2020-02-15 10:00:00+00:00,57.389088,58.885002
2020-02-15 11:00:00+00:00,56.626854,58.78
2020-02-15 12:00:00+00:00,56.57917,56.704002
2020-02-15 13:00:00+00:00,54.516716,54.45
2020-02-15 14:00:00+00:00,52.709778,54.118996
2020-02-15 15:00:00+00:00,54.615925,54.27
2020-02-15 16:00:00+00:00,55.341534,58.071003
2020-02-15 17:00:00+00:00,59.2242,61.289
2020-02-15 18:00:00+00:00,59.067432,59.199
2020-02-15 19:00:00+00:00,54.652054,55.062
2020-02-15 20:00:00+00:00,52.139606,51.916004
2020-02-15 21:00:00+00:00,49.52545,50.999
2020-02-15 22:00:00+00:00,48.164284,47.618004
2020-02-15 23:00:00+00:00,44.516438,45.394
2020-02-16 00:00:00+00:00,43.52948,42.945
2020-02-16 01:00:00+00:00,41.371502,41.711002
2020-02-16 02:00:00+00:00,41.037342,41.655
2020-02-16 03:00:00+00:00,41.606792,42.204002
2020-02-16 04:00:00+00:00,42.670597,42.101
2020-02-16 05:00:00+00:00,42.756535,42.535
2020-02-16 06:00:00+00:00,44.816853,43.965
2020-02-16 07:00:00+00:00,46.57414,48.057
2020-02-16 08:00:00+00:00,50.677475,51.390003
2020-02-16 09:00:00+00:00,52.84903,53.338997
2020-02-16 10:00:00+00:00,53.192448,55.56
2020-02-16 11:00:00+00:00,54.62124,55.466
2020-02-16 12:00:00+00:00,53.41846,53.743004
2020-02-16 13:00:00+00:00,51.373013,51.533
2020-02-16 14:00:00+00:00,49.734623,51.263996
2020-02-16 15:00:00+00:00,51.39713,50.967003
2020-02-16 16:00:00+00:00,51.598263,53.488
2020-02-16 17:00:00+00:00,55.24477,57.769997
2020-02-16 18:00:00+00:00,57.22929,56.699
2020-02-16 19:00:00+00:00,53.434155,53.677998
2020-02-16 20:00:00+00:00,50.99558,51.945
2020-02-16 21:00:00+00:00,50.32263,51.479
2020-02-16 22:00:00+00:00,48.49267,48.207
2020-02-16 23:00:00+00:00,44.936985,46.669003
2020-02-17 00:00:00+00:00,44.89224,44.826
2020-02-17 01:00:00+00:00,43.566246,44.318
2020-02-17 02:00:00+00:00,44.529198,44.573997
2020-02-17 03:00:00+00:00,45.654854,46.675
2020-02-17 04:00:00+00:00,50.704685,50.862
2020-02-17 05:00:00+00:00,57.53792,60.872997
2020-02-17 06:00:00+00:00,64.0604,67.391
2020-02-17 07:00:00+00:00,66.78361,69.304
2020-02-17 08:00:00+00:00,67.26591,69.915
2020-02-17 09:00:00+00:00,68.967735,70.348
2020-02-17 10:00:00+00:00,68.76881,71.474
2020-02-17 11:00:00+00:00,68.69094,70.684
2020-02-17 12:00:00+00:00,67.763954,70.084
2020-02-17 13:00:00+00:00,66.95233,69.094
2020-02-17 14:00:00+00:00,66.3501,67.73
2020-02-17 15:00:00+00:00,65.67779,67.895
2020-02-17 16:00:00+00:00,66.808876,69.14
2020-02-17 17:00:00+00:00,67.69479,70.989
2020-02-17 18:00:00+00:00,67.17544,70.024
2020-02-17 19:00:00+00:00,64.18386,65.864
2020-02-17 20:00:00+00:00,60.23708,62.238
2020-02-17 21:00:00+00:00,58.086834,59.183
2020-02-17 22:00:00+00:00,53.920734,55.246002
2020-02-17 23:00:00+00:00,51.058495,52.459
2020-02-18 00:00:00+00:00,49.74924,51.21
2020-02-18 01:00:00+00:00,49.52865,51.009003
2020-02-18 02:00:00+00:00,50.813583,51.042995
2020-02-18 03:00:00+00:00,51.834816,52.436996
2020-02-18 04:00:00+00:00,54.70598,55.836002
2020-02-18 05:00:00+00:00,61.727978,62.822002
2020-02-18 06:00:00+00:00,66.15964,68.40501
2020-02-18 07:00:00+00:00,68.29822,70.816
2020-02-18 08:00:00+00:00,68.88916,70.672
2020-02-18 09:00:00+00:00,69.04412,72.111
2020-02-18 10:00:00+00:00,69.94418,73.316
2020-02-18 11:00:00+00:00,70.119865,72.604
2020-02-18 12:00:00+00:00,69.10355,71.966
2020-02-18 13:00:00+00:00,68.77362,70.775
2020-02-18 14:00:00+00:00,68.20586,69.409004
2020-02-18 15:00:00+00:00,67.45283,67.769005
2020-02-18 16:00:00+00:00,66.71669,68.949005
2020-02-18 17:00:00+00:00,68.17032,71.543
2020-02-18 18:00:00+00:00,68.394035,70.327
2020-02-18 19:00:00+00:00,64.6501,66.624
2020-02-18 20:00:00+00:00,61.4635,63.046
2020-02-18 21:00:00+00:00,59.249474,59.899
2020-02-18 22:00:00+00:00,55.21005,56.106003
2020-02-18 23:00:00+00:00,52.375328,52.285004
2020-02-19 00:00:00+00:00,49.70439,50.933002
2020-02-19 01:00:00+00:00,49.32012,50.245
2020-02-19 02:00:00+00:00,49.451077,50.847
2020-02-19 03:00:00+00:00,51.262985,52.136
2020-02-19 04:00:00+00:00,53.41889,55.135998
2020-02-19 05:00:00+00:00,60.357533,62.711998
2020-02-19 06:00:00+00:00,65.8717,67.798004
2020-02-19 07:00:00+00:00,67.52273,69.868
2020-02-19 08:00:00+00:00,67.85294,69.408
2020-02-19 09:00:00+00:00,68.086266,71.427
2020-02-19 10:00:00+00:00,69.29435,73.308
2020-02-19 11:00:00+00:00,69.89152,72.255
2020-02-19 12:00:00+00:00,68.558075,72.027
2020-02-19 13:00:00+00:00,68.60533,69.45
2020-02-19 14:00:00+00:00,66.82642,69.223
2020-02-19 15:00:00+00:00,67.06992,66.899
2020-02-19 16:00:00+00:00,65.703156,67.825005
2020-02-19 17:00:00+00:00,66.98046,70.203
2020-02-19 18:00:00+00:00,67.660706,68.553
2020-02-19 19:00:00+00:00,63.465836,65.112
2020-02-19 20:00:00+00:00,60.423264,61.652
2020-02-19 21:00:00+00:00,58.049316,59.134
2020-02-19 22:00:00+00:00,54.443497,54.947
2020-02-19 23:00:00+00:00,51.013485,51.758
2020-02-20 00:00:00+00:00,49.23914,50.095
2020-02-20 01:00:00+00:00,48.364098,49.923
2020-02-20 02:00:00+00:00,49.50872,49.815998
2020-02-20 03:00:00+00:00,50.052025,50.661
2020-02-20 04:00:00+00:00,51.680202,54.245003
2020-02-20 05:00:00+00:00,59.762814,61.664
2020-02-20 06:00:00+00:00,64.93698,66.512
2020-02-20 07:00:00+00:00,66.51887,68.277
2020-02-20 08:00:00+00:00,66.80021,69.205
2020-02-20 09:00:00+00:00,67.96807,70.044
2020-02-20 10:00:00+00:00,68.0262,70.903
2020-02-20 11:00:00+00:00,68.01866,69.585
2020-02-20 12:00:00+00:00,66.67892,69.839005
2020-02-20 13:00:00+00:00,66.876526,68.317
2020-02-20 14:00:00+00:00,65.82452,67.918
2020-02-20 15:00:00+00:00,65.898254,67.063
2020-02-20 16:00:00+00:00,65.77651,68.808
2020-02-20 17:00:00+00:00,67.23634,71.423004
2020-02-20 18:00:00+00:00,67.52739,70.222
2020-02-20 19:00:00+00:00,64.10516,66.789
2020-02-20 20:00:00+00:00,61.30126,63.307
2020-02-20 21:00:00+00:00,59.091442,60.844
2020-02-20 22:00:00+00:00,55.969105,56.461998
2020-02-20 23:00:00+00:00,52.110394,53.035004
2020-02-21 00:00:00+00:00,50.15646,51.74
2020-02-21 01:00:00+00:00,49.76446,50.555996
2020-02-21 02:00:00+00:00,49.415203,51.438
2020-02-21 03:00:00+00:00,52.021587,53.116
2020-02-21 04:00:00+00:00,54.871033,56.013
2020-02-21 05:00:00+00:00,61.472286,62.575005
2020-02-21 06:00:00+00:00,65.92724,67.025
2020-02-21 07:00:00+00:00,67.38135,69.408
2020-02-21 08:00:00+00:00,68.05404,69.814
2020-02-21 09:00:00+00:00,68.55869,70.593
2020-02-21 10:00:00+00:00,68.695274,71.542
2020-02-21 11:00:00+00:00,68.85816,70.456
2020-02-21 12:00:00+00:00,67.609825,68.524
2020-02-21 13:00:00+00:00,65.88306,66.778
2020-02-21 14:00:00+00:00,64.83018,65.611
2020-02-21 15:00:00+00:00,64.661644,64.88
2020-02-21 16:00:00+00:00,64.90314,65.942
2020-02-21 17:00:00+00:00,65.80924,67.935
2020-02-21 18:00:00+00:00,65.610085,66.878
2020-02-21 19:00:00+00:00,62.17833,63.358
2020-02-21 20:00:00+00:00,59.023914,59.647003
2020-02-21 21:00:00+00:00,56.05517,57.230003
2020-02-21 22:00:00+00:00,53.3367,54.466003
2020-02-21 23:00:00+00:00,51.20715,50.257
2020-02-22 00:00:00+00:00,47.85988,48.062
2020-02-22 01:00:00+00:00,46.52009,47.022
2020-02-22 02:00:00+00:00,45.87511,47.105
2020-02-22 03:00:00+00:00,46.78153,47.439
2020-02-22 04:00:00+00:00,47.225536,47.472
2020-02-22 05:00:00+00:00,47.56912,48.351
2020-02-22 06:00:00+00:00,50.238373,51.489998
2020-02-22 07:00:00+00:00,53.584194,55.07
2020-02-22 08:00:00+00:00,56.222763,57.959
2020-02-22 09:00:00+00:00,57.71289,59.34
2020-02-22 10:00:00+00:00,57.834736,60.643
2020-02-22 11:00:00+00:00,58.78695,59.965
2020-02-22 12:00:00+00:00,57.47405,58.611
2020-02-22 13:00:00+00:00,56.33359,56.903
2020-02-22 14:00:00+00:00,55.29904,56.498997
2020-02-22 15:00:00+00:00,56.19205,55.870003
2020-02-22 16:00:00+00:00,55.88396,57.656002
2020-02-22 17:00:00+00:00,58.123684,60.38
2020-02-22 18:00:00+00:00,59.02625,58.21
2020-02-22 19:00:00+00:00,54.58573,55.258003
2020-02-22 20:00:00+00:00,52.64628,52.405
2020-02-22 21:00:00+00:00,50.032516,50.864998
2020-02-22 22:00:00+00:00,47.903053,47.872997
2020-02-22 23:00:00+00:00,44.72145,46.024002
2020-02-23 00:00:00+00:00,44.028305,43.17
2020-02-23 01:00:00+00:00,41.376625,42.170002
2020-02-23 02:00:00+00:00,41.59174,41.718
2020-02-23 03:00:00+00:00,41.4097,41.711002
2020-02-23 04:00:00+00:00,41.61742,41.647
2020-02-23 05:00:00+00:00,41.866264,41.449
2020-02-23 06:00:00+00:00,42.984493,43.006
2020-02-23 07:00:00+00:00,45.723026,46.073
2020-02-23 08:00:00+00:00,48.567482,50.227
2020-02-23 09:00:00+00:00,52.297306,53.237
2020-02-23 10:00:00+00:00,53.59133,56.34
2020-02-23 11:00:00+00:00,55.420208,55.153
2020-02-23 12:00:00+00:00,52.853592,53.966
2020-02-23 13:00:00+00:00,51.597965,52.843002
2020-02-23 14:00:00+00:00,51.211983,52.017002
2020-02-23 15:00:00+00:00,51.381706,52.434
2020-02-23 16:00:00+00:00,53.318756,54.538002
2020-02-23 17:00:00+00:00,55.57622,58.093998
2020-02-23 18:00:00+00:00,57.2686,57.621998
2020-02-23 19:00:00+00:00,54.415382,54.093998
2020-02-23 20:00:00+00:00,51.285473,52.364998
2020-02-23 21:00:00+00:00,50.85796,52.072
2020-02-23 22:00:00+00:00,49.31235,49.139
2020-02-23 23:00:00+00:00,45.75043,46.95
2020-02-24 00:00:00+00:00,44.78978,45.173
2020-02-24 01:00:00+00:00,43.780865,44.339
2020-02-24 02:00:00+00:00,44.236614,44.807
2020-02-24 03:00:00+00:00,45.981014,46.801
2020-02-24 04:00:00+00:00,50.45858,49.881
2020-02-24 05:00:00+00:00,56.74292,55.944
2020-02-24 06:00:00+00:00,60.87737,61.984
2020-02-24 07:00:00+00:00,64.08925,64.273994
2020-02-24 08:00:00+00:00,64.32593,66.063
2020-02-24 09:00:00+00:00,65.80715,66.512
2020-02-24 10:00:00+00:00,65.72519,67.902
2020-02-24 11:00:00+00:00,66.01066,68.664
2020-02-24 12:00:00+00:00,66.20973,67.990005
2020-02-24 13:00:00+00:00,65.14004,67.772
2020-02-24 14:00:00+00:00,64.994316,66.662
2020-02-24 15:00:00+00:00,64.28772,65.09
2020-02-24 16:00:00+00:00,63.051685,66.908005
2020-02-24 17:00:00+00:00,65.67896,69.354
2020-02-24 18:00:00+00:00,66.4157,68.062996
2020-02-24 19:00:00+00:00,62.8577,64.231995
2020-02-24 20:00:00+00:00,59.640244,60.442997
2020-02-24 21:00:00+00:00,57.0675,58.629
2020-02-24 22:00:00+00:00,54.318108,54.373
2020-02-24 23:00:00+00:00,50.166145,50.432
2020-02-25 00:00:00+00:00,47.88786,48.344
2020-02-25 01:00:00+00:00,46.52355,47.693996
2020-02-25 02:00:00+00:00,47.114464,47.978996
2020-02-25 03:00:00+00:00,48.536804,49.29
2020-02-25 04:00:00+00:00,50.831055,52.775
2020-02-25 05:00:00+00:00,59.021667,60.318
2020-02-25 06:00:00+00:00,64.12943,65.165
2020-02-25 07:00:00+00:00,65.800674,67.018
2020-02-25 08:00:00+00:00,66.10931,67.395996
2020-02-25 09:00:00+00:00,66.83894,69.168
2020-02-25 10:00:00+00:00,67.64727,71.12701
2020-02-25 11:00:00+00:00,68.33251,69.389
2020-02-25 12:00:00+00:00,66.306946,68.007
2020-02-25 13:00:00+00:00,65.09184,67.924995
2020-02-25 14:00:00+00:00,65.51751,66.655
2020-02-25 15:00:00+00:00,64.678474,65.363
2020-02-25 16:00:00+00:00,63.87774,66.818
2020-02-25 17:00:00+00:00,66.02064,69.335
2020-02-25 18:00:00+00:00,66.49332,68.226006
2020-02-25 19:00:00+00:00,62.834724,64.282005
2020-02-25 20:00:00+00:00,59.364964,60.865997
2020-02-25 21:00:00+00:00,57.274757,58.427002
2020-02-25 22:00:00+00:00,53.614044,54.468002
2020-02-25 23:00:00+00:00,50.36447,51.428
2020-02-26 00:00:00+00:00,48.754284,49.888
2020-02-26 01:00:00+00:00,48.06022,49.596996
2020-02-26 02:00:00+00:00,49.114674,50.319996
2020-02-26 03:00:00+00:00,51.024612,51.843002
2020-02-26 04:00:00+00:00,54.592915,54.755
2020-02-26 05:00:00+00:00,60.000072,61.688004
2020-02-26 06:00:00+00:00,64.94981,66.288
2020-02-26 07:00:00+00:00,66.517006,68.40501
2020-02-26 08:00:00+00:00,67.02764,69.188995
2020-02-26 09:00:00+00:00,67.9627,70.336
2020-02-26 10:00:00+00:00,68.31739,71.867
2020-02-26 11:00:00+00:00,68.84253,71.269
2020-02-26 12:00:00+00:00,68.04335,70.41
2020-02-26 13:00:00+00:00,67.25795,69.851006
2020-02-26 14:00:00+00:00,67.1537,69.019
2020-02-26 15:00:00+00:00,66.82236,67.69
2020-02-26 16:00:00+00:00,65.93322,68.343
2020-02-26 17:00:00+00:00,66.88157,70.612
2020-02-26 18:00:00+00:00,67.45414,68.976006
2020-02-26 19:00:00+00:00,63.702938,65.275
2020-02-26 20:00:00+00:00,60.550182,62.269997
2020-02-26 21:00:00+00:00,58.74219,59.586998
2020-02-26 22:00:00+00:00,54.8137,55.688004
2020-02-26 23:00:00+00:00,51.74913,52.93
2020-02-27 00:00:00+00:00,50.32622,51.613
2020-02-27 01:00:00+00:00,49.78718,50.614
2020-02-27 02:00:00+00:00,49.742104,51.031002
2020-02-27 03:00:00+00:00,51.444614,52.623997
2020-02-27 04:00:00+00:00,54.320496,56.22
2020-02-27 05:00:00+00:00,61.527664,63.141003
2020-02-27 06:00:00+00:00,66.05092,67.119
2020-02-27 07:00:00+00:00,67.01066,68.728004
2020-02-27 08:00:00+00:00,67.41972,69.687996
2020-02-27 09:00:00+00:00,68.478096,70.849
2020-02-27 10:00:00+00:00,68.68151,73.147995
2020-02-27 11:00:00+00:00,69.776276,72.442
2020-02-27 12:00:00+00:00,68.95973,71.343
2020-02-27 13:00:00+00:00,67.95245,70.087006
2020-02-27 14:00:00+00:00,67.43765,69.454
2020-02-27 15:00:00+00:00,67.40172,69.184
2020-02-27 16:00:00+00:00,67.64709,70.227
2020-02-27 17:00:00+00:00,68.29917,71.489
2020-02-27 18:00:00+00:00,67.69708,71.2
2020-02-27 19:00:00+00:00,65.635345,67.884
2020-02-27 20:00:00+00:00,62.338715,64.542
2020-02-27 21:00:00+00:00,60.298573,61.256
2020-02-27 22:00:00+00:00,56.39942,57.508003
2020-02-27 23:00:00+00:00,53.51402,54.168
2020-02-28 00:00:00+00:00,51.216976,53.038998
2020-02-28 01:00:00+00:00,51.137012,52.527996
2020-02-28 02:00:00+00:00,51.58526,52.249
2020-02-28 03:00:00+00:00,52.151634,53.079002
2020-02-28 04:00:00+00:00,54.08378,56.186
2020-02-28 05:00:00+00:00,61.7185,62.084
2020-02-28 06:00:00+00:00,65.54918,65.52
2020-02-28 07:00:00+00:00,66.40337,67.778
2020-02-28 08:00:00+00:00,67.25575,68.444
2020-02-28 09:00:00+00:00,67.62809,69.704
2020-02-28 10:00:00+00:00,67.96458,71.133
2020-02-28 11:00:00+00:00,68.58356,69.630005
2020-02-28 12:00:00+00:00,66.87682,67.709
2020-02-28 13:00:00+00:00,65.16821,66.265
2020-02-28 14:00:00+00:00,64.42931,64.772995
2020-02-28 15:00:00+00:00,63.655502,63.649
2020-02-28 16:00:00+00:00,63.383083,65.842
2020-02-28 17:00:00+00:00,66.03216,68.145004
2020-02-28 18:00:00+00:00,65.824394,67.682
2020-02-28 19:00:00+00:00,62.746838,64.15
2020-02-28 20:00:00+00:00,59.711224,61.104
2020-02-28 21:00:00+00:00,58.16952,58.760998
2020-02-28 22:00:00+00:00,54.785015,54.827003
2020-02-28 23:00:00+00:00,51.221123,50.594
2020-02-29 00:00:00+00:00,48.274647,48.627
2020-02-29 01:00:00+00:00,46.896503,47.201996
2020-02-29 02:00:00+00:00,45.630646,46.268
2020-02-29 03:00:00+00:00,44.948673,45.947
2020-02-29 04:00:00+00:00,44.689693,45.756
2020-02-29 05:00:00+00:00,44.287487,46.235
2020-02-29 06:00:00+00:00,46.576862,49.745003
2020-02-29 07:00:00+00:00,52.412292,53.238
2020-02-29 08:00:00+00:00,54.868908,55.93
2020-02-29 09:00:00+00:00,55.987026,56.931
2020-02-29 10:00:00+00:00,55.628044,57.848
2020-02-29 11:00:00+00:00,55.974766,57.152
2020-02-29 12:00:00+00:00,54.861584,56.9
2020-02-29 13:00:00+00:00,55.20606,55.793
2020-02-29 14:00:00+00:00,54.412354,55.421
2020-02-29 15:00:00+00:00,55.080654,55.202
2020-02-29 16:00:00+00:00,55.30941,57.266
2020-02-29 17:00:00+00:00,57.705303,60.351997
2020-02-29 18:00:00+00:00,58.98627,58.440002
2020-02-29 19:00:00+00:00,54.694416,54.606003
2020-02-29 20:00:00+00:00,51.8597,52.136
2020-02-29 21:00:00+00:00,50.414074,50.972004
2020-02-29 22:00:00+00:00,48.33184,47.381
2020-02-29 23:00:00+00:00,44.241764,43.083
2020-03-01 00:00:00+00:00,41.32485,41.559002
2020-03-01 01:00:00+00:00,40.372166,40.82
2020-03-01 02:00:00+00:00,40.255505,40.314
2020-03-01 03:00:00+00:00,40.44918,40.711
2020-03-01 04:00:00+00:00,41.22141,40.378
2020-03-01 05:00:00+00:00,40.59697,40.479
2020-03-01 06:00:00+00:00,41.969852,41.705
2020-03-01 07:00:00+00:00,44.44132,45.271
2020-03-01 08:00:00+00:00,48.052414,47.732998
2020-03-01 09:00:00+00:00,49.626896,51.954998
2020-03-01 10:00:00+00:00,53.01939,55.385
2020-03-01 11:00:00+00:00,54.86051,55.355
2020-03-01 12:00:00+00:00,53.156178,52.697
2020-03-01 13:00:00+00:00,50.000305,49.886997
2020-03-01 14:00:00+00:00,47.542442,49.296997
2020-03-01 15:00:00+00:00,49.035954,49.644
2020-03-01 16:00:00+00:00,51.051388,52.472
2020-03-01 17:00:00+00:00,54.816765,56.146
2020-03-01 18:00:00+00:00,55.853607,56.052002
2020-03-01 19:00:00+00:00,53.218884,53.542
2020-03-01 20:00:00+00:00,50.68276,51.506
2020-03-01 21:00:00+00:00,49.596767,51.447998
2020-03-01 22:00:00+00:00,49.045403,49.038
2020-03-01 23:00:00+00:00,45.471382,46.945
2020-03-02 00:00:00+00:00,44.621346,45.671
2020-03-02 01:00:00+00:00,44.476562,44.985
2020-03-02 02:00:00+00:00,45.07284,45.689
2020-03-02 03:00:00+00:00,47.036083,47.745
2020-03-02 04:00:00+00:00,52.24324,52.243004
2020-03-02 05:00:00+00:00,59.204334,60.916
2020-03-02 06:00:00+00:00,64.34796,65.838005
2020-03-02 07:00:00+00:00,66.178246,66.8
2020-03-02 08:00:00+00:00,66.27615,67.032
2020-03-02 09:00:00+00:00,67.25974,67.977
2020-03-02 10:00:00+00:00,67.16503,68.588
2020-03-02 11:00:00+00:00,66.57106,68.265
2020-03-02 12:00:00+00:00,65.88293,68.618
2020-03-02 13:00:00+00:00,66.09538,67.558
2020-03-02 14:00:00+00:00,65.302956,68.044
2020-03-02 15:00:00+00:00,66.386055,67.222
2020-03-02 16:00:00+00:00,65.71766,67.894005
2020-03-02 17:00:00+00:00,65.90682,70.014
2020-03-02 18:00:00+00:00,66.4938,68.979996
2020-03-02 19:00:00+00:00,63.452393,65.115005
2020-03-02 20:00:00+00:00,60.04096,62.498
2020-03-02 21:00:00+00:00,59.083138,59.129997
2020-03-02 22:00:00+00:00,54.203266,54.647
2020-03-02 23:00:00+00:00,50.931633,51.096996
2020-03-03 00:00:00+00:00,48.67879,49.445004
2020-03-03 01:00:00+00:00,47.686512,48.659
2020-03-03 02:00:00+00:00,48.000084,49.517998
2020-03-03 03:00:00+00:00,50.23401,51.01
2020-03-03 04:00:00+00:00,52.710155,54.816998
2020-03-03 05:00:00+00:00,60.577248,61.649998
2020-03-03 06:00:00+00:00,64.98369,66.079
2020-03-03 07:00:00+00:00,66.31311,68.378006
2020-03-03 08:00:00+00:00,67.1551,68.37
2020-03-03 09:00:00+00:00,67.28426,69.642006
2020-03-03 10:00:00+00:00,67.8297,70.907
2020-03-03 11:00:00+00:00,68.22185,69.448006
2020-03-03 12:00:00+00:00,66.41863,68.963
2020-03-03 13:00:00+00:00,66.07614,67.803
2020-03-03 14:00:00+00:00,65.499054,66.145
2020-03-03 15:00:00+00:00,64.28356,64.663
2020-03-03 16:00:00+00:00,63.647236,65.57
2020-03-03 17:00:00+00:00,65.13295,68.422
2020-03-03 18:00:00+00:00,66.04106,68.201004
2020-03-03 19:00:00+00:00,62.92076,64.264
2020-03-03 20:00:00+00:00,59.067024,61.32
2020-03-03 21:00:00+00:00,57.881454,58.267002
2020-03-03 22:00:00+00:00,53.350525,54.299004
2020-03-03 23:00:00+00:00,50.491966,51.245003
2020-03-04 00:00:00+00:00,48.696384,50.198
2020-03-04 01:00:00+00:00,48.612564,48.850002
2020-03-04 02:00:00+00:00,47.88662,50.225998
2020-03-04 03:00:00+00:00,51.037144,51.477
2020-03-04 04:00:00+00:00,53.612648,54.538002
2020-03-04 05:00:00+00:00,59.449764,60.865997
2020-03-04 06:00:00+00:00,64.12078,65.581
2020-03-04 07:00:00+00:00,65.89399,67.538
2020-03-04 08:00:00+00:00,66.2228,67.294
2020-03-04 09:00:00+00:00,66.22257,68.297005
2020-03-04 10:00:00+00:00,66.71424,69.374
2020-03-04 11:00:00+00:00,66.90411,70.018
2020-03-04 12:00:00+00:00,66.98944,68.872
2020-03-04 13:00:00+00:00,65.90351,67.216
2020-03-04 14:00:00+00:00,64.59604,66.684006
2020-03-04 15:00:00+00:00,64.88001,65.495
2020-03-04 16:00:00+00:00,64.07251,66.911
2020-03-04 17:00:00+00:00,65.57094,68.770004
2020-03-04 18:00:00+00:00,65.66407,68.119
2020-03-04 19:00:00+00:00,62.87898,63.888004
2020-03-04 20:00:00+00:00,59.094166,60.895
2020-03-04 21:00:00+00:00,57.7499,57.932
2020-03-04 22:00:00+00:00,53.34441,53.837997
2020-03-04 23:00:00+00:00,50.208275,51.925
2020-03-05 00:00:00+00:00,49.64555,50.115997
2020-03-05 01:00:00+00:00,48.184895,49.151997
2020-03-05 02:00:00+00:00,48.41111,50.296
2020-03-05 03:00:00+00:00,51.022243,51.804
2020-03-05 04:00:00+00:00,54.184746,54.734
2020-03-05 05:00:00+00:00,59.615955,61.152
2020-03-05 06:00:00+00:00,64.33491,65.641
2020-03-05 07:00:00+00:00,65.91462,67.442
2020-03-05 08:00:00+00:00,66.15046,68.020996
2020-03-05 09:00:00+00:00,66.88203,68.795
2020-03-05 10:00:00+00:00,67.00161,69.660995
2020-03-05 11:00:00+00:00,67.0487,68.672
2020-03-05 12:00:00+00:00,65.86997,68.734
2020-03-05 13:00:00+00:00,65.94659,67.79
2020-03-05 14:00:00+00:00,65.384346,67.631996
2020-03-05 15:00:00+00:00,65.66766,68.159
2020-03-05 16:00:00+00:00,66.57227,68.883
2020-03-05 17:00:00+00:00,66.400696,70.849
2020-03-05 18:00:00+00:00,66.659065,70.193
2020-03-05 19:00:00+00:00,64.38164,65.964005
2020-03-05 20:00:00+00:00,60.53995,62.459
2020-03-05 21:00:00+00:00,58.984028,59.111
2020-03-05 22:00:00+00:00,54.46199,55.07
2020-03-05 23:00:00+00:00,51.316013,51.458
2020-03-06 00:00:00+00:00,48.887188,49.208
2020-03-06 01:00:00+00:00,47.292458,48.538998
2020-03-06 02:00:00+00:00,47.846413,49.116
2020-03-06 03:00:00+00:00,49.59074,50.769997
2020-03-06 04:00:00+00:00,52.319084,54.176003
2020-03-06 05:00:00+00:00,60.06889,61.718998
2020-03-06 06:00:00+00:00,65.16569,67.22
2020-03-06 07:00:00+00:00,67.21463,69.128006
2020-03-06 08:00:00+00:00,67.40669,69.735
2020-03-06 09:00:00+00:00,68.430595,70.984
2020-03-06 10:00:00+00:00,68.96948,71.57
2020-03-06 11:00:00+00:00,68.5879,71.020004
2020-03-06 12:00:00+00:00,67.87558,70.019005
2020-03-06 13:00:00+00:00,67.018776,68.489006
2020-03-06 14:00:00+00:00,65.877556,67.437004
2020-03-06 15:00:00+00:00,65.5873,66.437
2020-03-06 16:00:00+00:00,65.58493,66.909
2020-03-06 17:00:00+00:00,66.16526,68.216
2020-03-06 18:00:00+00:00,65.86364,66.548
2020-03-06 19:00:00+00:00,62.132854,62.293003
2020-03-06 20:00:00+00:00,58.139523,58.887
2020-03-06 21:00:00+00:00,55.569572,56.183002
2020-03-06 22:00:00+00:00,51.651287,52.809998
2020-03-06 23:00:00+00:00,49.271854,49.67
2020-03-07 00:00:00+00:00,47.35061,47.396
2020-03-07 01:00:00+00:00,45.89135,46.538
2020-03-07 02:00:00+00:00,46.212322,46.222
2020-03-07 03:00:00+00:00,46.384094,46.268
2020-03-07 04:00:00+00:00,46.41028,46.485
2020-03-07 05:00:00+00:00,47.31818,47.072002
2020-03-07 06:00:00+00:00,49.231052,49.675
2020-03-07 07:00:00+00:00,51.9614,53.513996
2020-03-07 08:00:00+00:00,55.160652,56.325
2020-03-07 09:00:00+00:00,56.439762,58.191
2020-03-07 10:00:00+00:00,57.022175,59.508
2020-03-07 11:00:00+00:00,57.6796,58.642998
2020-03-07 12:00:00+00:00,56.09653,57.393997
2020-03-07 13:00:00+00:00,55.257763,55.595
2020-03-07 14:00:00+00:00,53.94093,54.437
2020-03-07 15:00:00+00:00,53.78789,54.495
2020-03-07 16:00:00+00:00,55.391552,55.280003
2020-03-07 17:00:00+00:00,55.980766,58.565998
2020-03-07 18:00:00+00:00,58.14385,57.629997
2020-03-07 19:00:00+00:00,54.464165,54.322998
2020-03-07 20:00:00+00:00,51.384125,51.758
2020-03-07 21:00:00+00:00,49.721138,50.289
2020-03-07 22:00:00+00:00,47.18631,48.062
2020-03-07 23:00:00+00:00,44.988754,45.135998
2020-03-08 00:00:00+00:00,42.752907,43.413
2020-03-08 01:00:00+00:00,42.031628,42.564003
2020-03-08 02:00:00+00:00,42.000816,42.038998
2020-03-08 03:00:00+00:00,41.937813,42.624
2020-03-08 04:00:00+00:00,43.342236,42.698997
2020-03-08 05:00:00+00:00,43.78074,42.641
2020-03-08 06:00:00+00:00,44.73503,43.653
2020-03-08 07:00:00+00:00,46.296535,46.996998
2020-03-08 08:00:00+00:00,49.397324,50.171997
2020-03-08 09:00:00+00:00,51.850323,52.504
2020-03-08 10:00:00+00:00,52.880493,53.948997
2020-03-08 11:00:00+00:00,53.113186,53.001
2020-03-08 12:00:00+00:00,50.904617,50.884003
2020-03-08 13:00:00+00:00,48.602734,49.926
2020-03-08 14:00:00+00:00,49.088192,50.1
2020-03-08 15:00:00+00:00,50.973,50.395996
2020-03-08 16:00:00+00:00,51.539528,51.946003
2020-03-08 17:00:00+00:00,52.995052,55.860004
2020-03-08 18:00:00+00:00,55.771015,55.836002
2020-03-08 19:00:00+00:00,53.27077,53.002
2020-03-08 20:00:00+00:00,50.44545,51.058002
2020-03-08 21:00:00+00:00,49.49607,50.178
2020-03-08 22:00:00+00:00,47.421936,47.237003
2020-03-08 23:00:00+00:00,44.29759,44.857998
2020-03-09 00:00:00+00:00,42.934204,43.096
2020-03-09 01:00:00+00:00,41.89775,42.955997
2020-03-09 02:00:00+00:00,43.05158,43.813
2020-03-09 03:00:00+00:00,44.958843,45.733
2020-03-09 04:00:00+00:00,49.99787,50.213
2020-03-09 05:00:00+00:00,56.723125,59.763
2020-03-09 06:00:00+00:00,63.008846,64.898
2020-03-09 07:00:00+00:00,64.828026,67.83
2020-03-09 08:00:00+00:00,66.38521,67.738
2020-03-09 09:00:00+00:00,67.10192,68.825
2020-03-09 10:00:00+00:00,67.32156,69.286
2020-03-09 11:00:00+00:00,66.98284,69.151
2020-03-09 12:00:00+00:00,66.31022,68.701004
2020-03-09 13:00:00+00:00,65.69196,67.219
2020-03-09 14:00:00+00:00,64.44399,66.313
2020-03-09 15:00:00+00:00,64.088104,65.377
2020-03-09 16:00:00+00:00,63.955685,65.7
2020-03-09 17:00:00+00:00,64.378365,68.298004
2020-03-09 18:00:00+00:00,65.490105,67.921005
2020-03-09 19:00:00+00:00,62.52231,63.861004
2020-03-09 20:00:00+00:00,58.446075,61.361
2020-03-09 21:00:00+00:00,57.609325,57.986
2020-03-09 22:00:00+00:00,52.482018,54.068
2020-03-09 23:00:00+00:00,50.108364,51.455997
2020-03-10 00:00:00+00:00,48.832687,50.22
2020-03-10 01:00:00+00:00,48.7093,49.542
2020-03-10 02:00:00+00:00,49.2952,50.709003
2020-03-10 03:00:00+00:00,52.024933,52.757004
2020-03-10 04:00:00+00:00,57.107502,55.898
2020-03-10 05:00:00+00:00,61.290363,63.175003
2020-03-10 06:00:00+00:00,66.201996,68.411995
2020-03-10 07:00:00+00:00,68.064766,71.46
2020-03-10 08:00:00+00:00,69.14426,71.518005
2020-03-10 09:00:00+00:00,69.50245,72.85
2020-03-10 10:00:00+00:00,70.21097,73.802
2020-03-10 11:00:00+00:00,70.36203,73.115
2020-03-10 12:00:00+00:00,69.45631,72.566
2020-03-10 13:00:00+00:00,69.14563,71.316
2020-03-10 14:00:00+00:00,68.5404,70.343
2020-03-10 15:00:00+00:00,68.190994,69.263
2020-03-10 16:00:00+00:00,67.971405,70.350006
2020-03-10 17:00:00+00:00,68.831276,71.47
2020-03-10 18:00:00+00:00,67.83936,70.836
2020-03-10 19:00:00+00:00,65.26047,66.706
2020-03-10 20:00:00+00:00,61.29367,62.829998
2020-03-10 21:00:00+00:00,58.800915,58.733
2020-03-10 22:00:00+00:00,54.01651,54.520004
2020-03-10 23:00:00+00:00,51.12927,51.552
2020-03-11 00:00:00+00:00,49.30635,49.396
2020-03-11 01:00:00+00:00,47.78551,48.288998
2020-03-11 02:00:00+00:00,47.810112,48.652
2020-03-11 03:00:00+00:00,49.316677,50.738
2020-03-11 04:00:00+00:00,52.664314,54.617
2020-03-11 05:00:00+00:00,60.62493,61.439003
2020-03-11 06:00:00+00:00,64.96916,65.627
2020-03-11 07:00:00+00:00,66.100945,67.884
2020-03-11 08:00:00+00:00,66.87001,68.573
2020-03-11 09:00:00+00:00,67.47374,69.876
2020-03-11 10:00:00+00:00,67.88395,70.519
2020-03-11 11:00:00+00:00,67.76988,70.014
2020-03-11 12:00:00+00:00,66.96886,69.832
2020-03-11 13:00:00+00:00,66.793335,68.453995
2020-03-11 14:00:00+00:00,65.779015,66.55
2020-03-11 15:00:00+00:00,64.391075,65.284
2020-03-11 16:00:00+00:00,64.119736,65.215
2020-03-11 17:00:00+00:00,64.520645,67.671
2020-03-11 18:00:00+00:00,65.68019,68.075
2020-03-11 19:00:00+00:00,63.25848,64.91
2020-03-11 20:00:00+00:00,59.466484,61.628
2020-03-11 21:00:00+00:00,57.676,58.310997
2020-03-11 22:00:00+00:00,53.19004,54.388
2020-03-11 23:00:00+00:00,50.42409,51.246
2020-03-12 00:00:00+00:00,48.55464,49.035
2020-03-12 01:00:00+00:00,47.10449,49.033
2020-03-12 02:00:00+00:00,48.70634,48.774002
2020-03-12 03:00:00+00:00,48.915867,50.019997
2020-03-12 04:00:00+00:00,51.238426,54.252003
2020-03-12 05:00:00+00:00,60.10568,61.941
2020-03-12 06:00:00+00:00,65.01992,67.159996
2020-03-12 07:00:00+00:00,66.86397,69.512
2020-03-12 08:00:00+00:00,67.72393,69.576004
2020-03-12 09:00:00+00:00,68.15642,70.847
2020-03-12 10:00:00+00:00,68.7676,72.387
2020-03-12 11:00:00+00:00,69.29797,69.801
2020-03-12 12:00:00+00:00,66.609406,69.14
2020-03-12 13:00:00+00:00,66.164055,68.01
2020-03-12 14:00:00+00:00,65.76709,67.353004
2020-03-12 15:00:00+00:00,65.63924,65.907005
2020-03-12 16:00:00+00:00,64.92235,66.490005
2020-03-12 17:00:00+00:00,65.75398,68.375
2020-03-12 18:00:00+00:00,65.89347,68.844
2020-03-12 19:00:00+00:00,63.66305,64.986
2020-03-12 20:00:00+00:00,59.410263,61.19
2020-03-12 21:00:00+00:00,57.3812,58.686
2020-03-12 22:00:00+00:00,53.909122,54.686
2020-03-12 23:00:00+00:00,50.599255,51.647
2020-03-13 00:00:00+00:00,49.095184,49.895
2020-03-13 01:00:00+00:00,48.11832,49.34
2020-03-13 02:00:00+00:00,48.818455,50.015
2020-03-13 03:00:00+00:00,50.66276,51.598
2020-03-13 04:00:00+00:00,53.927795,55.214
2020-03-13 05:00:00+00:00,60.572033,61.945
2020-03-13 06:00:00+00:00,65.04293,66.93
2020-03-13 07:00:00+00:00,66.89802,69.255
2020-03-13 08:00:00+00:00,67.60037,70.454
2020-03-13 09:00:00+00:00,68.7048,71.154
2020-03-13 10:00:00+00:00,68.79781,71.752
2020-03-13 11:00:00+00:00,68.70519,70.342
2020-03-13 12:00:00+00:00,67.34049,69.023
2020-03-13 13:00:00+00:00,66.14123,66.225
2020-03-13 14:00:00+00:00,63.946926,65.113
2020-03-13 15:00:00+00:00,63.783417,64.423
2020-03-13 16:00:00+00:00,64.5277,64.878
2020-03-13 17:00:00+00:00,64.75569,66.612
2020-03-13 18:00:00+00:00,64.59403,66.151
2020-03-13 19:00:00+00:00,61.64716,61.707005
2020-03-13 20:00:00+00:00,57.17648,57.474
2020-03-13 21:00:00+00:00,53.796745,54.764
2020-03-13 22:00:00+00:00,50.734188,51.066
2020-03-13 23:00:00+00:00,48.002884,48.091
2020-03-14 00:00:00+00:00,46.278408,46.874996
2020-03-14 01:00:00+00:00,45.889645,45.735
2020-03-14 02:00:00+00:00,45.064835,46.008
2020-03-14 03:00:00+00:00,46.227306,46.38
2020-03-14 04:00:00+00:00,46.61664,46.867
2020-03-14 05:00:00+00:00,48.755733,46.985
2020-03-14 06:00:00+00:00,48.764317,49.188
2020-03-14 07:00:00+00:00,50.675327,52.356
2020-03-14 08:00:00+00:00,53.471992,54.193
2020-03-14 09:00:00+00:00,53.978065,55.573
2020-03-14 10:00:00+00:00,54.47604,57.288
2020-03-14 11:00:00+00:00,56.06731,56.806
2020-03-14 12:00:00+00:00,54.67836,54.629997
2020-03-14 13:00:00+00:00,52.300163,53.064
2020-03-14 14:00:00+00:00,51.842674,52.153
2020-03-14 15:00:00+00:00,52.042442,52.634003
2020-03-14 16:00:00+00:00,53.905174,54.513
2020-03-14 17:00:00+00:00,55.532795,57.050003
2020-03-14 18:00:00+00:00,56.085773,57.823997
2020-03-14 19:00:00+00:00,54.91304,54.515003
2020-03-14 20:00:00+00:00,51.437904,51.991997
2020-03-14 21:00:00+00:00,49.682552,50.734997
2020-03-14 22:00:00+00:00,47.54803,47.972004
2020-03-14 23:00:00+00:00,45.134975,44.461
2020-03-15 00:00:00+00:00,42.502693,42.593
2020-03-15 01:00:00+00:00,41.5009,41.7
2020-03-15 02:00:00+00:00,41.167664,41.796
2020-03-15 03:00:00+00:00,42.018517,41.434
2020-03-15 04:00:00+00:00,41.2746,41.353
2020-03-15 05:00:00+00:00,41.64567,40.274002
2020-03-15 06:00:00+00:00,41.549046,41.772
2020-03-15 07:00:00+00:00,44.286892,45.218
2020-03-15 08:00:00+00:00,47.863766,48.964
2020-03-15 09:00:00+00:00,51.291653,51.523003
2020-03-15 10:00:00+00:00,52.02295,53.607
2020-03-15 11:00:00+00:00,52.79003,53.083
2020-03-15 12:00:00+00:00,50.824245,50.806
2020-03-15 13:00:00+00:00,48.259743,48.260998
2020-03-15 14:00:00+00:00,46.46009,46.281998
2020-03-15 15:00:00+00:00,46.100037,46.287
2020-03-15 16:00:00+00:00,48.20069,49.954002
2020-03-15 17:00:00+00:00,53.408455,55.142002
2020-03-15 18:00:00+00:00,55.830654,56.065002
2020-03-15 19:00:00+00:00,53.33821,53.267
2020-03-15 20:00:00+00:00,50.258434,51.214
2020-03-15 21:00:00+00:00,49.642284,50.769
2020-03-15 22:00:00+00:00,48.182266,47.909
2020-03-15 23:00:00+00:00,44.717598,44.915
2020-03-16 00:00:00+00:00,42.828823,43.174
2020-03-16 01:00:00+00:00,42.003082,42.693
2020-03-16 02:00:00+00:00,42.646408,43.671
2020-03-16 03:00:00+00:00,45.00105,45.567
2020-03-16 04:00:00+00:00,49.671837,49.946
2020-03-16 05:00:00+00:00,56.91372,57.132
2020-03-16 06:00:00+00:00,61.33081,62.382
2020-03-16 07:00:00+00:00,63.71371,64.407005
2020-03-16 08:00:00+00:00,64.28376,65.177
2020-03-16 09:00:00+00:00,65.109825,65.773
2020-03-16 10:00:00+00:00,64.96357,66.758
2020-03-16 11:00:00+00:00,64.930405,65.705
2020-03-16 12:00:00+00:00,63.33649,64.49
2020-03-16 13:00:00+00:00,61.928017,63.154
2020-03-16 14:00:00+00:00,60.942776,62.676003
2020-03-16 15:00:00+00:00,61.26996,61.410004
2020-03-16 16:00:00+00:00,60.43195,61.409
2020-03-16 17:00:00+00:00,60.62358,65.11
2020-03-16 18:00:00+00:00,63.248398,66.374
2020-03-16 19:00:00+00:00,61.33386,61.906
2020-03-16 20:00:00+00:00,56.386707,58.587
2020-03-16 21:00:00+00:00,55.38863,55.259
2020-03-16 22:00:00+00:00,50.475163,51.13
2020-03-16 23:00:00+00:00,47.882607,47.323
2020-03-17 00:00:00+00:00,45.399246,45.341
2020-03-17 01:00:00+00:00,44.143353,44.686
2020-03-17 02:00:00+00:00,44.472744,45.325
2020-03-17 03:00:00+00:00,46.26959,47.224
2020-03-17 04:00:00+00:00,50.2701,50.693
2020-03-17 05:00:00+00:00,56.449757,57.08
2020-03-17 06:00:00+00:00,60.893368,62.334003
2020-03-17 07:00:00+00:00,63.38347,65.313
2020-03-17 08:00:00+00:00,64.32571,66.181
2020-03-17 09:00:00+00:00,64.96504,67.025
2020-03-17 10:00:00+00:00,65.3167,68.229996
2020-03-17 11:00:00+00:00,65.72888,67.432
2020-03-17 12:00:00+00:00,64.424385,67.032
2020-03-17 13:00:00+00:00,63.912205,66.340004
2020-03-17 14:00:00+00:00,63.479424,64.172
2020-03-17 15:00:00+00:00,61.592686,62.753998
2020-03-17 16:00:00+00:00,60.909485,63.616
2020-03-17 17:00:00+00:00,62.64877,65.868004
2020-03-17 18:00:00+00:00,63.48621,66.701004
2020-03-17 19:00:00+00:00,61.72909,63.001003
2020-03-17 20:00:00+00:00,57.499733,59.072998
2020-03-17 21:00:00+00:00,55.307632,55.405003
2020-03-17 22:00:00+00:00,50.49214,51.815
2020-03-17 23:00:00+00:00,48.182545,48.821
2020-03-18 00:00:00+00:00,46.38373,46.775
2020-03-18 01:00:00+00:00,45.379364,46.456
2020-03-18 02:00:00+00:00,46.558834,47.391
2020-03-18 03:00:00+00:00,48.65246,48.86
2020-03-18 04:00:00+00:00,52.299274,52.184002
2020-03-18 05:00:00+00:00,58.181732,57.499
2020-03-18 06:00:00+00:00,61.493362,63.022
2020-03-18 07:00:00+00:00,64.48216,65.388
2020-03-18 08:00:00+00:00,64.86595,65.905
2020-03-18 09:00:00+00:00,65.007545,66.557
2020-03-18 10:00:00+00:00,65.32822,67.89
2020-03-18 11:00:00+00:00,65.69452,67.335
2020-03-18 12:00:00+00:00,64.56142,65.396
2020-03-18 13:00:00+00:00,62.572372,63.689003
2020-03-18 14:00:00+00:00,61.300343,62.281998
2020-03-18 15:00:00+00:00,60.61235,60.884003
2020-03-18 16:00:00+00:00,60.06467,61.390003
2020-03-18 17:00:00+00:00,61.178577,63.409
2020-03-18 18:00:00+00:00,61.887608,64.912
2020-03-18 19:00:00+00:00,60.818695,61.11
2020-03-18 20:00:00+00:00,56.093727,57.27
2020-03-18 21:00:00+00:00,53.75466,54.279003
2020-03-18 22:00:00+00:00,49.888096,49.913002
2020-03-18 23:00:00+00:00,46.806087,47.384
2020-03-19 00:00:00+00:00,45.542816,45.619
2020-03-19 01:00:00+00:00,44.165737,44.691998
2020-03-19 02:00:00+00:00,44.228477,45.285
2020-03-19 03:00:00+00:00,45.86511,46.663
2020-03-19 04:00:00+00:00,48.972607,49.926
2020-03-19 05:00:00+00:00,55.022133,55.851
2020-03-19 06:00:00+00:00,59.492935,60.966
2020-03-19 07:00:00+00:00,62.08246,62.721
2020-03-19 08:00:00+00:00,61.89797,63.871002
2020-03-19 09:00:00+00:00,62.887207,64.412
2020-03-19 10:00:00+00:00,62.816566,65.327
2020-03-19 11:00:00+00:00,62.90177,65.485
2020-03-19 12:00:00+00:00,62.716118,64.198006
2020-03-19 13:00:00+00:00,61.239506,62.492
2020-03-19 14:00:00+00:00,59.773937,61.843002
2020-03-19 15:00:00+00:00,59.92933,60.483
2020-03-19 16:00:00+00:00,58.908966,60.725
2020-03-19 17:00:00+00:00,59.5002,63.932
2020-03-19 18:00:00+00:00,61.658665,64.595
2020-03-19 19:00:00+00:00,59.61775,60.871002
2020-03-19 20:00:00+00:00,55.71346,57.006
2020-03-19 21:00:00+00:00,53.224663,54.099
2020-03-19 22:00:00+00:00,49.59923,49.704998
2020-03-19 23:00:00+00:00,46.601948,46.482002
2020-03-20 00:00:00+00:00,44.71278,44.57
2020-03-20 01:00:00+00:00,43.46205,44.04
2020-03-20 02:00:00+00:00,44.192078,44.633
2020-03-20 03:00:00+00:00,45.799088,46.323
2020-03-20 04:00:00+00:00,49.655617,49.173
2020-03-20 05:00:00+00:00,54.952187,54.468002
2020-03-20 06:00:00+00:00,58.655792,59.365997
2020-03-20 07:00:00+00:00,61.264866,62.193
2020-03-20 08:00:00+00:00,62.008663,62.64
2020-03-20 09:00:00+00:00,61.85421,64.009
2020-03-20 10:00:00+00:00,62.715103,65.847
2020-03-20 11:00:00+00:00,63.615124,65.515
2020-03-20 12:00:00+00:00,62.592876,63.392002
2020-03-20 13:00:00+00:00,60.411,61.482002
2020-03-20 14:00:00+00:00,58.885674,60.735
2020-03-20 15:00:00+00:00,59.074604,59.985
2020-03-20 16:00:00+00:00,58.93306,60.365
2020-03-20 17:00:00+00:00,59.44539,62.599
2020-03-20 18:00:00+00:00,60.601414,63.019
2020-03-20 19:00:00+00:00,58.73968,58.927002
2020-03-20 20:00:00+00:00,54.48027,55.466
2020-03-20 21:00:00+00:00,52.28874,53.049
2020-03-20 22:00:00+00:00,48.669983,49.238
2020-03-20 23:00:00+00:00,46.04798,46.094
2020-03-21 00:00:00+00:00,44.105835,44.513
2020-03-21 01:00:00+00:00,43.411064,43.386
2020-03-21 02:00:00+00:00,43.04233,43.673
2020-03-21 03:00:00+00:00,44.34599,44.097
2020-03-21 04:00:00+00:00,45.02193,44.445
2020-03-21 05:00:00+00:00,46.38345,44.132
2020-03-21 06:00:00+00:00,46.334633,46.439
2020-03-21 07:00:00+00:00,48.756104,50.316998
2020-03-21 08:00:00+00:00,52.40524,53.965
2020-03-21 09:00:00+00:00,54.89791,57.106
2020-03-21 10:00:00+00:00,56.61852,59.283
2020-03-21 11:00:00+00:00,57.602043,58.143
2020-03-21 12:00:00+00:00,55.43089,55.637
2020-03-21 13:00:00+00:00,52.99873,53.064
2020-03-21 14:00:00+00:00,51.009014,52.881996
2020-03-21 15:00:00+00:00,53.278374,52.357002
2020-03-21 16:00:00+00:00,53.048298,54.062
2020-03-21 17:00:00+00:00,55.55285,56.126003
2020-03-21 18:00:00+00:00,55.65471,56.418003
2020-03-21 19:00:00+00:00,53.913017,53.262
2020-03-21 20:00:00+00:00,50.34251,51.002003
2020-03-21 21:00:00+00:00,49.1524,49.667
2020-03-21 22:00:00+00:00,46.48423,46.672
2020-03-21 23:00:00+00:00,43.476048,43.988003
2020-03-22 00:00:00+00:00,41.8583,42.234
2020-03-22 01:00:00+00:00,40.92236,41.11
2020-03-22 02:00:00+00:00,40.699352,40.041
2020-03-22 03:00:00+00:00,39.893894,40.252
2020-03-22 04:00:00+00:00,40.505596,40.190002
2020-03-22 05:00:00+00:00,40.52906,39.192
2020-03-22 06:00:00+00:00,40.416042,41.396
2020-03-22 07:00:00+00:00,44.32198,45.016
2020-03-22 08:00:00+00:00,47.90388,49.055
2020-03-22 09:00:00+00:00,51.541363,52.648
2020-03-22 10:00:00+00:00,53.371193,53.346996
2020-03-22 11:00:00+00:00,51.97615,53.225998
2020-03-22 12:00:00+00:00,51.15048,51.204
2020-03-22 13:00:00+00:00,48.680313,48.922
2020-03-22 14:00:00+00:00,47.00164,48.059998
2020-03-22 15:00:00+00:00,48.045925,46.423
2020-03-22 16:00:00+00:00,46.68329,48.845
2020-03-22 17:00:00+00:00,51.529114,52.672997
2020-03-22 18:00:00+00:00,53.86008,54.742
2020-03-22 19:00:00+00:00,53.023064,51.668003
2020-03-22 20:00:00+00:00,48.726517,50.276
2020-03-22 21:00:00+00:00,48.81697,50.046997
2020-03-22 22:00:00+00:00,47.49598,47.431004
2020-03-22 23:00:00+00:00,43.985367,45.755
2020-03-23 00:00:00+00:00,43.507645,44.411
2020-03-23 01:00:00+00:00,43.156178,43.912
2020-03-23 02:00:00+00:00,44.03659,44.438
2020-03-23 03:00:00+00:00,45.780823,45.635
2020-03-23 04:00:00+00:00,49.27038,48.954
2020-03-23 05:00:00+00:00,55.714863,53.939
2020-03-23 06:00:00+00:00,58.838455,58.346
2020-03-23 07:00:00+00:00,60.99034,60.848
2020-03-23 08:00:00+00:00,61.786633,61.366
2020-03-23 09:00:00+00:00,61.64448,62.739
2020-03-23 10:00:00+00:00,62.31685,64.375
2020-03-23 11:00:00+00:00,62.936047,63.575
2020-03-23 12:00:00+00:00,61.39792,61.785
2020-03-23 13:00:00+00:00,59.54456,60.32
2020-03-23 14:00:00+00:00,58.515224,59.549
2020-03-23 15:00:00+00:00,58.636482,58.128998
2020-03-23 16:00:00+00:00,57.579548,58.418
2020-03-23 17:00:00+00:00,58.543995,60.448
2020-03-23 18:00:00+00:00,59.520016,62.919
2020-03-23 19:00:00+00:00,59.71926,60.218998
2020-03-23 20:00:00+00:00,55.54351,57.359
2020-03-23 21:00:00+00:00,54.291183,54.891003
2020-03-23 22:00:00+00:00,50.742855,52.062
2020-03-23 23:00:00+00:00,48.684975,49.162003
2020-03-24 00:00:00+00:00,46.801838,47.510002
2020-03-24 01:00:00+00:00,46.229816,47.258
2020-03-24 02:00:00+00:00,47.006187,47.346996
2020-03-24 03:00:00+00:00,47.646732,47.811996
2020-03-24 04:00:00+00:00,48.762993,50.036
2020-03-24 05:00:00+00:00,54.467793,54.521
2020-03-24 06:00:00+00:00,58.23571,58.457
2020-03-24 07:00:00+00:00,60.343548,61.204998
2020-03-24 08:00:00+00:00,61.339867,61.076
2020-03-24 09:00:00+00:00,60.37309,62.566998
2020-03-24 10:00:00+00:00,61.44974,64.185
2020-03-24 11:00:00+00:00,62.36606,63.931
2020-03-24 12:00:00+00:00,61.357044,62.123
2020-03-24 13:00:00+00:00,59.618893,60.505
2020-03-24 14:00:00+00:00,58.501762,58.818005
2020-03-24 15:00:00+00:00,57.481094,57.816
2020-03-24 16:00:00+00:00,57.524307,58.739
2020-03-24 17:00:00+00:00,59.02006,60.293
2020-03-24 18:00:00+00:00,59.00842,62.478996
2020-03-24 19:00:00+00:00,59.322197,59.839
2020-03-24 20:00:00+00:00,55.46961,57.296
2020-03-24 21:00:00+00:00,54.316208,55.010998
2020-03-24 22:00:00+00:00,50.939953,51.767998
2020-03-24 23:00:00+00:00,48.39839,49.890003
2020-03-25 00:00:00+00:00,47.72583,47.587
2020-03-25 01:00:00+00:00,46.006584,46.924
2020-03-25 02:00:00+00:00,46.546017,47.509
2020-03-25 03:00:00+00:00,47.919937,48.132004
2020-03-25 04:00:00+00:00,49.194736,50.624996
2020-03-25 05:00:00+00:00,55.197937,54.76
2020-03-25 06:00:00+00:00,58.370296,59.121998
2020-03-25 07:00:00+00:00,60.965157,61.049
2020-03-25 08:00:00+00:00,61.006092,61.377
2020-03-25 09:00:00+00:00,60.728268,62.77
2020-03-25 10:00:00+00:00,61.674442,63.778004
2020-03-25 11:00:00+00:00,61.841827,63.744
2020-03-25 12:00:00+00:00,61.32259,61.947
2020-03-25 13:00:00+00:00,59.554684,59.935
2020-03-25 14:00:00+00:00,57.916298,58.343
2020-03-25 15:00:00+00:00,57.27323,57.336998
2020-03-25 16:00:00+00:00,57.296604,58.666
2020-03-25 17:00:00+00:00,59.236874,59.507
2020-03-25 18:00:00+00:00,58.122063,61.887
2020-03-25 19:00:00+00:00,59.00972,58.778
2020-03-25 20:00:00+00:00,54.596313,55.984
2020-03-25 21:00:00+00:00,52.953632,53.850998
2020-03-25 22:00:00+00:00,50.054825,50.767
2020-03-25 23:00:00+00:00,47.61816,47.906998
2020-03-26 00:00:00+00:00,45.799347,46.362
2020-03-26 01:00:00+00:00,45.087116,45.624
2020-03-26 02:00:00+00:00,44.971535,46.341
2020-03-26 03:00:00+00:00,46.79539,47.346996
2020-03-26 04:00:00+00:00,49.231144,49.37
2020-03-26 05:00:00+00:00,53.43438,53.623
2020-03-26 06:00:00+00:00,57.156445,57.919003
2020-03-26 07:00:00+00:00,59.682545,60.693
2020-03-26 08:00:00+00:00,60.59008,61.273
2020-03-26 09:00:00+00:00,60.27861,61.857002
2020-03-26 10:00:00+00:00,60.47624,62.992
2020-03-26 11:00:00+00:00,61.05477,63.258
2020-03-26 12:00:00+00:00,60.79322,61.275
2020-03-26 13:00:00+00:00,58.73458,60.260002
2020-03-26 14:00:00+00:00,58.434456,60.408
2020-03-26 15:00:00+00:00,59.582638,58.504997
2020-03-26 16:00:00+00:00,56.97672,59.350998
2020-03-26 17:00:00+00:00,58.799,60.037
2020-03-26 18:00:00+00:00,58.063194,61.497
2020-03-26 19:00:00+00:00,58.335415,58.870003
2020-03-26 20:00:00+00:00,54.950516,55.440002
2020-03-26 21:00:00+00:00,51.680416,52.927002
2020-03-26 22:00:00+00:00,49.22273,49.810997
2020-03-26 23:00:00+00:00,46.791157,46.927002
2020-03-27 00:00:00+00:00,44.90632,44.911
2020-03-27 01:00:00+00:00,43.64153,44.281
2020-03-27 02:00:00+00:00,43.933754,44.543
2020-03-27 03:00:00+00:00,44.849155,45.791
2020-03-27 04:00:00+00:00,47.6436,48.839
2020-03-27 05:00:00+00:00,53.95868,52.992
2020-03-27 06:00:00+00:00,56.794125,57.826
2020-03-27 07:00:00+00:00,59.800293,60.197
2020-03-27 08:00:00+00:00,60.13527,60.474
2020-03-27 09:00:00+00:00,59.59932,61.543003
2020-03-27 10:00:00+00:00,60.322,62.009
2020-03-27 11:00:00+00:00,59.9935,61.277004
2020-03-27 12:00:00+00:00,58.84922,59.567
2020-03-27 13:00:00+00:00,57.356476,58.238003
2020-03-27 14:00:00+00:00,56.721397,57.035
2020-03-27 15:00:00+00:00,56.375084,55.546997
2020-03-27 16:00:00+00:00,55.256817,56.515
2020-03-27 17:00:00+00:00,57.023846,58.123997
2020-03-27 18:00:00+00:00,56.926903,59.437
2020-03-27 19:00:00+00:00,56.320034,56.032
2020-03-27 20:00:00+00:00,52.2809,52.859
2020-03-27 21:00:00+00:00,49.548344,50.331
2020-03-27 22:00:00+00:00,46.731926,46.669003
2020-03-27 23:00:00+00:00,43.891964,44.276
2020-03-28 00:00:00+00:00,42.515675,42.406002
2020-03-28 01:00:00+00:00,41.282196,41.204
2020-03-28 02:00:00+00:00,40.657436,41.632
2020-03-28 03:00:00+00:00,41.816586,42.462
2020-03-28 04:00:00+00:00,43.381203,42.612003
2020-03-28 05:00:00+00:00,44.35997,42.528
2020-03-28 06:00:00+00:00,44.947388,45.009
2020-03-28 07:00:00+00:00,47.2435,48.187
2020-03-28 08:00:00+00:00,50.003216,50.206
2020-03-28 09:00:00+00:00,50.802326,51.803
2020-03-28 10:00:00+00:00,51.13387,52.78
2020-03-28 11:00:00+00:00,51.193073,52.581
2020-03-28 12:00:00+00:00,50.37808,50.633
2020-03-28 13:00:00+00:00,48.369778,48.991997
2020-03-28 14:00:00+00:00,47.84395,48.35
2020-03-28 15:00:00+00:00,48.593727,47.699
2020-03-28 16:00:00+00:00,48.21196,49.68
2020-03-28 17:00:00+00:00,51.143734,52.538
2020-03-28 18:00:00+00:00,52.690952,54.92
2020-03-28 19:00:00+00:00,53.079376,51.785
2020-03-28 20:00:00+00:00,49.08646,48.954998
2020-03-28 21:00:00+00:00,46.581333,47.869003
2020-03-28 22:00:00+00:00,44.87877,44.754
2020-03-28 23:00:00+00:00,42.12606,41.551003
2020-03-29 00:00:00+00:00,40.158627,38.089
2020-03-29 01:00:00+00:00,37.646626,39.305
2020-03-29 02:00:00+00:00,40.095036,38.827
2020-03-29 03:00:00+00:00,39.102036,38.325
2020-03-29 04:00:00+00:00,38.40364,38.129
2020-03-29 05:00:00+00:00,38.72759,39.468
2020-03-29 06:00:00+00:00,41.8859,43.071
2020-03-29 07:00:00+00:00,46.439064,46.274
2020-03-29 08:00:00+00:00,48.998783,49.411
2020-03-29 09:00:00+00:00,50.90277,53.984
2020-03-29 10:00:00+00:00,54.2564,55.278
2020-03-29 11:00:00+00:00,53.734707,54.44
2020-03-29 12:00:00+00:00,52.13014,52.991
2020-03-29 13:00:00+00:00,50.702587,51.959
2020-03-29 14:00:00+00:00,50.340824,52.534
2020-03-29 15:00:00+00:00,52.942165,52.280003
2020-03-29 16:00:00+00:00,52.304035,52.535
2020-03-29 17:00:00+00:00,52.32704,53.212
2020-03-29 18:00:00+00:00,52.451065,52.809998
2020-03-29 19:00:00+00:00,51.132915,50.581
2020-03-29 20:00:00+00:00,48.681892,50.289
2020-03-29 21:00:00+00:00,49.265514,47.146004
2020-03-29 22:00:00+00:00,43.793724,45.441998
2020-03-29 23:00:00+00:00,42.940502,43.93
2020-03-30 00:00:00+00:00,41.68019,43.627
2020-03-30 01:00:00+00:00,43.087246,43.462
2020-03-30 02:00:00+00:00,43.981903,44.962
2020-03-30 03:00:00+00:00,47.98265,47.530003
2020-03-30 04:00:00+00:00,54.526585,53.020004
2020-03-30 05:00:00+00:00,59.178883,56.385
2020-03-30 06:00:00+00:00,59.808495,59.864002
2020-03-30 07:00:00+00:00,61.760517,61.063004
2020-03-30 08:00:00+00:00,62.034374,62.775
2020-03-30 09:00:00+00:00,62.671715,64.327
2020-03-30 10:00:00+00:00,63.275265,64.143
2020-03-30 11:00:00+00:00,62.22019,62.907
2020-03-30 12:00:00+00:00,60.682995,61.678
2020-03-30 13:00:00+00:00,59.568935,59.787003
2020-03-30 14:00:00+00:00,58.057316,58.843998
2020-03-30 15:00:00+00:00,58.333164,58.969
2020-03-30 16:00:00+00:00,59.163986,59.160004
2020-03-30 17:00:00+00:00,58.334503,60.154
2020-03-30 18:00:00+00:00,58.16151,60.227
2020-03-30 19:00:00+00:00,56.900875,57.607
2020-03-30 20:00:00+00:00,54.040962,55.474003
2020-03-30 21:00:00+00:00,51.831936,51.466003
2020-03-30 22:00:00+00:00,47.654457,48.905
2020-03-30 23:00:00+00:00,46.56808,47.339
2020-03-31 00:00:00+00:00,45.742302,46.766
2020-03-31 01:00:00+00:00,46.331028,46.197
2020-03-31 02:00:00+00:00,46.129467,47.978996
2020-03-31 03:00:00+00:00,50.183388,50.578
2020-03-31 04:00:00+00:00,55.619846,54.944
2020-03-31 05:00:00+00:00,58.653942,58.378002
2020-03-31 06:00:00+00:00,60.31867,60.687004
2020-03-31 07:00:00+00:00,60.999065,60.173004
2020-03-31 08:00:00+00:00,59.788486,61.748
2020-03-31 09:00:00+00:00,60.866203,64.446
2020-03-31 10:00:00+00:00,62.928387,63.73
2020-03-31 11:00:00+00:00,61.142117,60.624
2020-03-31 12:00:00+00:00,58.041996,59.167004
2020-03-31 13:00:00+00:00,57.688366,58.232
2020-03-31 14:00:00+00:00,57.60233,56.153004
2020-03-31 15:00:00+00:00,55.71296,56.525997
2020-03-31 16:00:00+00:00,57.36637,57.125
2020-03-31 17:00:00+00:00,56.60224,58.150997
2020-03-31 18:00:00+00:00,56.29463,59.187004
2020-03-31 19:00:00+00:00,56.28774,56.761
2020-03-31 20:00:00+00:00,53.020454,54.899998
2020-03-31 21:00:00+00:00,51.198555,51.41
2020-03-31 22:00:00+00:00,48.005447,49.136
2020-03-31 23:00:00+00:00,47.016327,47.803997
2020-04-01 00:00:00+00:00,46.65838,47.022
2020-04-01 01:00:00+00:00,46.55031,47.099003
2020-04-01 02:00:00+00:00,47.268837,48.029003
2020-04-01 03:00:00+00:00,49.510136,50.298004
2020-04-01 04:00:00+00:00,54.29044,55.324
2020-04-01 05:00:00+00:00,58.771748,59.173
2020-04-01 06:00:00+00:00,60.611404,61.241
2020-04-01 07:00:00+00:00,60.938747,61.78
2020-04-01 08:00:00+00:00,61.016212,62.202
2020-04-01 09:00:00+00:00,60.89531,64.431
2020-04-01 10:00:00+00:00,62.709595,64.523
2020-04-01 11:00:00+00:00,62.028294,62.281002
2020-04-01 12:00:00+00:00,59.602413,60.409004
2020-04-01 13:00:00+00:00,58.432476,58.63
2020-04-01 14:00:00+00:00,57.382637,57.210003
2020-04-01 15:00:00+00:00,56.812454,56.868004
2020-04-01 16:00:00+00:00,57.13866,58.173
2020-04-01 17:00:00+00:00,57.81223,58.824
2020-04-01 18:00:00+00:00,56.63544,59.003002
2020-04-01 19:00:00+00:00,56.141876,56.459
2020-04-01 20:00:00+00:00,52.660248,54.506
2020-04-01 21:00:00+00:00,50.729492,50.906002
2020-04-01 22:00:00+00:00,47.663467,47.702
2020-04-01 23:00:00+00:00,45.56614,45.617
2020-04-02 00:00:00+00:00,44.09493,44.844
2020-04-02 01:00:00+00:00,43.959293,45.518
2020-04-02 02:00:00+00:00,45.71151,46.973
2020-04-02 03:00:00+00:00,49.05495,49.519
2020-04-02 04:00:00+00:00,53.821617,54.687004
2020-04-02 05:00:00+00:00,58.17413,58.531002
2020-04-02 06:00:00+00:00,59.853985,60.837
2020-04-02 07:00:00+00:00,60.473934,61.738
2020-04-02 08:00:00+00:00,60.79122,62.157
2020-04-02 09:00:00+00:00,60.60991,63.173
2020-04-02 10:00:00+00:00,61.098625,63.990997
2020-04-02 11:00:00+00:00,61.608204,62.196
2020-04-02 12:00:00+00:00,59.486164,60.762
2020-04-02 13:00:00+00:00,58.4933,59.134
2020-04-02 14:00:00+00:00,57.560917,57.934002
2020-04-02 15:00:00+00:00,57.083065,57.941
2020-04-02 16:00:00+00:00,57.57042,59.140003
2020-04-02 17:00:00+00:00,57.843525,60.073997
2020-04-02 18:00:00+00:00,57.16798,60.307
2020-04-02 19:00:00+00:00,56.629562,57.364
2020-04-02 20:00:00+00:00,53.09892,55.167004
2020-04-02 21:00:00+00:00,51.085552,51.59
2020-04-02 22:00:00+00:00,48.1142,48.487
2020-04-02 23:00:00+00:00,46.280716,46.962
2020-04-03 00:00:00+00:00,45.970562,45.712
2020-04-03 01:00:00+00:00,45.134583,46.073
2020-04-03 02:00:00+00:00,46.665623,47.251
2020-04-03 03:00:00+00:00,48.84649,49.402
2020-04-03 04:00:00+00:00,54.14488,54.142998
2020-04-03 05:00:00+00:00,58.14048,57.673
2020-04-03 06:00:00+00:00,59.65239,60.99
2020-04-03 07:00:00+00:00,61.315723,62.49
2020-04-03 08:00:00+00:00,61.710217,62.802002
2020-04-03 09:00:00+00:00,61.302326,63.338
2020-04-03 10:00:00+00:00,61.464695,63.043003
2020-04-03 11:00:00+00:00,60.726643,62.062
2020-04-03 12:00:00+00:00,59.578434,60.370003
2020-04-03 13:00:00+00:00,58.27614,58.818005
2020-04-03 14:00:00+00:00,57.46321,57.833
2020-04-03 15:00:00+00:00,57.459454,56.852
2020-04-03 16:00:00+00:00,56.54736,56.988
2020-04-03 17:00:00+00:00,56.482582,56.695
2020-04-03 18:00:00+00:00,54.96628,55.744
2020-04-03 19:00:00+00:00,53.423046,53.372
2020-04-03 20:00:00+00:00,50.317677,50.958
2020-04-03 21:00:00+00:00,47.396164,47.965
2020-04-03 22:00:00+00:00,44.87635,45.467003
2020-04-03 23:00:00+00:00,43.249428,43.21
2020-04-04 00:00:00+00:00,41.59205,42.387
2020-04-04 01:00:00+00:00,41.596573,42.234
2020-04-04 02:00:00+00:00,41.730854,42.719
2020-04-04 03:00:00+00:00,42.874973,43.109
2020-04-04 04:00:00+00:00,44.525673,43.318
2020-04-04 05:00:00+00:00,45.56497,45.08
2020-04-04 06:00:00+00:00,47.092293,47.983997
2020-04-04 07:00:00+00:00,49.59053,49.735
2020-04-04 08:00:00+00:00,50.166023,50.938
2020-04-04 09:00:00+00:00,50.153393,52.911
2020-04-04 10:00:00+00:00,52.06372,52.826
2020-04-04 11:00:00+00:00,50.93105,50.515
2020-04-04 12:00:00+00:00,48.168858,48.138
2020-04-04 13:00:00+00:00,46.821377,47.398
2020-04-04 14:00:00+00:00,47.791046,46.369003
2020-04-04 15:00:00+00:00,47.08196,47.085
2020-04-04 16:00:00+00:00,48.574196,48.843998
2020-04-04 17:00:00+00:00,49.52606,50.056995
2020-04-04 18:00:00+00:00,49.490623,50.346996
2020-04-04 19:00:00+00:00,49.281166,48.121
2020-04-04 20:00:00+00:00,45.47845,46.284996
2020-04-04 21:00:00+00:00,43.382553,43.102
2020-04-04 22:00:00+00:00,40.664295,40.16
2020-04-04 23:00:00+00:00,38.883026,38.18
2020-04-05 00:00:00+00:00,37.49408,37.822998
2020-04-05 01:00:00+00:00,37.690445,38.023
2020-04-05 02:00:00+00:00,38.212627,38.496002
2020-04-05 03:00:00+00:00,39.08158,38.673
2020-04-05 04:00:00+00:00,40.068638,38.444
2020-04-05 05:00:00+00:00,40.97538,39.112
2020-04-05 06:00:00+00:00,42.04445,42.04
2020-04-05 07:00:00+00:00,44.521015,45.165
2020-04-05 08:00:00+00:00,47.140617,46.407997
2020-04-05 09:00:00+00:00,47.115696,49.886
2020-04-05 10:00:00+00:00,49.775562,50.415
2020-04-05 11:00:00+00:00,48.728077,48.936
2020-04-05 12:00:00+00:00,46.799576,46.718002
2020-04-05 13:00:00+00:00,45.362316,45.323997
2020-04-05 14:00:00+00:00,45.117832,43.899
2020-04-05 15:00:00+00:00,44.730225,44.536
2020-04-05 16:00:00+00:00,46.29329,47.472
2020-04-05 17:00:00+00:00,49.006203,48.122
2020-04-05 18:00:00+00:00,47.98354,49.05
2020-04-05 19:00:00+00:00,48.529144,47.496998
2020-04-05 20:00:00+00:00,45.679752,47.233
2020-04-05 21:00:00+00:00,44.940086,44.067
2020-04-05 22:00:00+00:00,41.23929,41.677002
2020-04-05 23:00:00+00:00,40.04318,40.683002
2020-04-06 00:00:00+00:00,39.95412,39.883
2020-04-06 01:00:00+00:00,39.959805,40.042
2020-04-06 02:00:00+00:00,40.854053,41.074
2020-04-06 03:00:00+00:00,43.27593,44.623
2020-04-06 04:00:00+00:00,51.19846,50.269
2020-04-06 05:00:00+00:00,55.418488,54.933002
2020-04-06 06:00:00+00:00,57.66263,57.4
2020-04-06 07:00:00+00:00,58.215385,58.403
2020-04-06 08:00:00+00:00,58.49428,58.824997
2020-04-06 09:00:00+00:00,58.199284,60.651
2020-04-06 10:00:00+00:00,59.393333,60.068
2020-04-06 11:00:00+00:00,58.137886,58.667
2020-04-06 12:00:00+00:00,56.67046,57.823997
2020-04-06 13:00:00+00:00,56.57878,56.510998
2020-04-06 14:00:00+00:00,55.581833,54.339996
2020-04-06 15:00:00+00:00,53.43905,54.017
2020-04-06 16:00:00+00:00,54.411064,54.568
2020-04-06 17:00:00+00:00,54.31264,55.017002
2020-04-06 18:00:00+00:00,53.46165,55.571
2020-04-06 19:00:00+00:00,53.17338,53.643
2020-04-06 20:00:00+00:00,50.16662,51.184998
2020-04-06 21:00:00+00:00,47.267002,46.977997
2020-04-06 22:00:00+00:00,43.870132,44.095997
2020-04-06 23:00:00+00:00,42.24775,42.456
2020-04-07 00:00:00+00:00,41.393528,41.715
2020-04-07 01:00:00+00:00,41.568153,41.847
2020-04-07 02:00:00+00:00,42.28759,43.071
2020-04-07 03:00:00+00:00,45.05642,45.992
2020-04-07 04:00:00+00:00,51.24488,50.857998
2020-04-07 05:00:00+00:00,55.103867,55.364002
2020-04-07 06:00:00+00:00,57.57633,58.231003
2020-04-07 07:00:00+00:00,58.496555,58.789
2020-04-07 08:00:00+00:00,58.07513,60.247
2020-04-07 09:00:00+00:00,59.019863,61.213
2020-04-07 10:00:00+00:00,59.200138,60.731003
2020-04-07 11:00:00+00:00,58.29389,59.183
2020-04-07 12:00:00+00:00,56.90448,57.461002
2020-04-07 13:00:00+00:00,55.70121,56.071
2020-04-07 14:00:00+00:00,55.18057,54.605
2020-04-07 15:00:00+00:00,54.153015,54.305
2020-04-07 16:00:00+00:00,54.47262,55.588
2020-04-07 17:00:00+00:00,55.07664,56.385
2020-04-07 18:00:00+00:00,54.086678,56.201
2020-04-07 19:00:00+00:00,53.13542,53.262997
2020-04-07 20:00:00+00:00,49.470364,50.704002
2020-04-07 21:00:00+00:00,46.898697,45.833
2020-04-07 22:00:00+00:00,42.90392,44.05
2020-04-07 23:00:00+00:00,42.554356,42.502
2020-04-08 00:00:00+00:00,41.454582,41.812
2020-04-08 01:00:00+00:00,41.962364,41.993
2020-04-08 02:00:00+00:00,42.605713,43.047
2020-04-08 03:00:00+00:00,45.06492,45.47
2020-04-08 04:00:00+00:00,50.30592,51.042995
2020-04-08 05:00:00+00:00,55.373913,54.197
2020-04-08 06:00:00+00:00,56.279243,56.884
2020-04-08 07:00:00+00:00,57.403374,57.937
2020-04-08 08:00:00+00:00,57.48608,58.704
2020-04-08 09:00:00+00:00,57.34585,59.997
2020-04-08 10:00:00+00:00,58.47373,59.382
2020-04-08 11:00:00+00:00,57.25625,58.085003
2020-04-08 12:00:00+00:00,56.063183,56.246002
2020-04-08 13:00:00+00:00,54.786022,54.81
2020-04-08 14:00:00+00:00,54.036774,53.662003
2020-04-08 15:00:00+00:00,53.51329,53.925003
2020-04-08 16:00:00+00:00,54.36469,54.542004
2020-04-08 17:00:00+00:00,53.865677,54.77
2020-04-08 18:00:00+00:00,52.820843,54.980003
2020-04-08 19:00:00+00:00,52.478004,52.098003
2020-04-08 20:00:00+00:00,48.302143,49.032
2020-04-08 21:00:00+00:00,45.466503,45.089
2020-04-08 22:00:00+00:00,42.39548,42.392998
2020-04-08 23:00:00+00:00,40.831318,40.575
2020-04-09 00:00:00+00:00,39.734577,39.536003
2020-04-09 01:00:00+00:00,39.353138,39.501
2020-04-09 02:00:00+00:00,39.72857,40.716
2020-04-09 03:00:00+00:00,42.015526,43.92
2020-04-09 04:00:00+00:00,49.076725,49.256
2020-04-09 05:00:00+00:00,53.820778,53.331
2020-04-09 06:00:00+00:00,55.628826,56.567
2020-04-09 07:00:00+00:00,57.013798,57.395
2020-04-09 08:00:00+00:00,56.656136,58.63
2020-04-09 09:00:00+00:00,57.250465,59.677998
2020-04-09 10:00:00+00:00,57.791046,58.82
2020-04-09 11:00:00+00:00,56.400005,58.204002
2020-04-09 12:00:00+00:00,56.24533,56.446
2020-04-09 13:00:00+00:00,54.72223,54.174
2020-04-09 14:00:00+00:00,52.627266,52.536003
2020-04-09 15:00:00+00:00,51.856384,52.527
2020-04-09 16:00:00+00:00,52.738018,53.048
2020-04-09 17:00:00+00:00,52.420956,53.171
2020-04-09 18:00:00+00:00,51.405926,52.971
2020-04-09 19:00:00+00:00,50.75663,49.751
2020-04-09 20:00:00+00:00,46.127342,46.590004
2020-04-09 21:00:00+00:00,43.158493,42.729
2020-04-09 22:00:00+00:00,40.415386,40.627
2020-04-09 23:00:00+00:00,39.364475,38.296
2020-04-10 00:00:00+00:00,37.547333,37.165
2020-04-10 01:00:00+00:00,37.136753,36.760002
2020-04-10 02:00:00+00:00,36.71319,36.995
2020-04-10 03:00:00+00:00,36.958336,37.131
2020-04-10 04:00:00+00:00,38.29238,35.928
2020-04-10 05:00:00+00:00,38.48244,36.648003
2020-04-10 06:00:00+00:00,39.96424,40.064
2020-04-10 07:00:00+00:00,43.07466,42.657
2020-04-10 08:00:00+00:00,44.976013,44.86
2020-04-10 09:00:00+00:00,45.987114,47.419003
2020-04-10 10:00:00+00:00,47.03497,48.390003
2020-04-10 11:00:00+00:00,46.67221,46.231
2020-04-10 12:00:00+00:00,44.546597,44.088
2020-04-10 13:00:00+00:00,43.40258,42.709
2020-04-10 14:00:00+00:00,42.971256,42.093
2020-04-10 15:00:00+00:00,43.506416,43.895
2020-04-10 16:00:00+00:00,45.811367,45.224
2020-04-10 17:00:00+00:00,46.21406,46.242996
2020-04-10 18:00:00+00:00,46.340607,46.115
2020-04-10 19:00:00+00:00,45.72239,45.186
2020-04-10 20:00:00+00:00,44.457867,43.317
2020-04-10 21:00:00+00:00,41.284042,40.68
2020-04-10 22:00:00+00:00,38.50562,38.611
2020-04-10 23:00:00+00:00,37.09094,37.226
2020-04-11 00:00:00+00:00,36.169598,36.02
2020-04-11 01:00:00+00:00,35.710766,35.816
2020-04-11 02:00:00+00:00,36.09467,36.151
2020-04-11 03:00:00+00:00,36.695198,37.327
2020-04-11 04:00:00+00:00,39.014797,38.491
2020-04-11 05:00:00+00:00,41.43382,40.602
2020-04-11 06:00:00+00:00,44.126137,43.945
2020-04-11 07:00:00+00:00,46.77498,46.856003
2020-04-11 08:00:00+00:00,48.688377,47.525
2020-04-11 09:00:00+00:00,47.91283,48.582
2020-04-11 10:00:00+00:00,47.993332,48.222
2020-04-11 11:00:00+00:00,46.981335,46.409
2020-04-11 12:00:00+00:00,45.385113,45.084
2020-04-11 13:00:00+00:00,44.785187,44.112
2020-04-11 14:00:00+00:00,44.69875,43.276
2020-04-11 15:00:00+00:00,44.57207,43.676
2020-04-11 16:00:00+00:00,45.29309,44.941
2020-04-11 17:00:00+00:00,46.053516,45.238
2020-04-11 18:00:00+00:00,45.493374,45.899
2020-04-11 19:00:00+00:00,45.88415,44.225998
2020-04-11 20:00:00+00:00,42.73734,42.801
2020-04-11 21:00:00+00:00,40.544403,39.851
2020-04-11 22:00:00+00:00,37.612473,36.965
2020-04-11 23:00:00+00:00,35.865723,35.315998
2020-04-12 00:00:00+00:00,34.693787,34.350998
2020-04-12 01:00:00+00:00,34.0514,34.0
2020-04-12 02:00:00+00:00,33.999756,34.017998
2020-04-12 03:00:00+00:00,34.18588,33.861
2020-04-12 04:00:00+00:00,35.207565,33.363003
2020-04-12 05:00:00+00:00,36.003895,35.054
2020-04-12 06:00:00+00:00,38.750633,38.764
2020-04-12 07:00:00+00:00,42.396812,41.690998
2020-04-12 08:00:00+00:00,44.428318,43.447998
2020-04-12 09:00:00+00:00,44.755913,45.341
2020-04-12 10:00:00+00:00,45.257893,44.815
2020-04-12 11:00:00+00:00,44.05074,43.313
2020-04-12 12:00:00+00:00,43.021828,41.182
2020-04-12 13:00:00+00:00,42.02839,40.628002
2020-04-12 14:00:00+00:00,42.032642,39.888
2020-04-12 15:00:00+00:00,42.05892,40.406
2020-04-12 16:00:00+00:00,42.86755,41.978
2020-04-12 17:00:00+00:00,43.830505,42.367
2020-04-12 18:00:00+00:00,43.460503,43.041
2020-04-12 19:00:00+00:00,43.60606,43.011
2020-04-12 20:00:00+00:00,42.404396,41.461
2020-04-12 21:00:00+00:00,39.61867,38.218998
2020-04-12 22:00:00+00:00,36.46216,35.916
2020-04-12 23:00:00+00:00,34.985214,34.001003
2020-04-13 00:00:00+00:00,33.646763,33.461998
2020-04-13 01:00:00+00:00,33.337883,33.077
2020-04-13 02:00:00+00:00,33.30913,33.737
2020-04-13 03:00:00+00:00,34.372112,34.595997
2020-04-13 04:00:00+00:00,36.198303,34.635
2020-04-13 05:00:00+00:00,37.27633,36.02
2020-04-13 06:00:00+00:00,39.71697,38.986
2020-04-13 07:00:00+00:00,42.2978,41.853
2020-04-13 08:00:00+00:00,44.2879,44.835003
2020-04-13 09:00:00+00:00,46.245937,48.337
2020-04-13 10:00:00+00:00,48.55951,48.675
2020-04-13 11:00:00+00:00,47.350918,46.933
2020-04-13 12:00:00+00:00,45.375908,45.468998
2020-04-13 13:00:00+00:00,44.398315,44.405
2020-04-13 14:00:00+00:00,44.3707,42.919
2020-04-13 15:00:00+00:00,43.948048,43.472
2020-04-13 16:00:00+00:00,45.177414,45.666
2020-04-13 17:00:00+00:00,46.944984,46.352
2020-04-13 18:00:00+00:00,46.462666,46.537
2020-04-13 19:00:00+00:00,46.20921,44.561
2020-04-13 20:00:00+00:00,43.799507,43.412
2020-04-13 21:00:00+00:00,41.606113,40.862
2020-04-13 22:00:00+00:00,38.462807,38.468002
2020-04-13 23:00:00+00:00,36.95438,36.179
2020-04-14 00:00:00+00:00,35.35789,36.44
2020-04-14 01:00:00+00:00,36.510555,36.708
2020-04-14 02:00:00+00:00,37.3384,37.769
2020-04-14 03:00:00+00:00,40.01702,41.234
2020-04-14 04:00:00+00:00,47.576393,46.871002
2020-04-14 05:00:00+00:00,53.02634,51.59
2020-04-14 06:00:00+00:00,55.020256,54.386
2020-04-14 07:00:00+00:00,55.80395,56.396004
2020-04-14 08:00:00+00:00,56.76898,59.155003
2020-04-14 09:00:00+00:00,58.588722,59.488
2020-04-14 10:00:00+00:00,57.814632,58.207
2020-04-14 11:00:00+00:00,56.09566,57.349
2020-04-14 12:00:00+00:00,55.59006,56.487003
2020-04-14 13:00:00+00:00,55.096115,54.717003
2020-04-14 14:00:00+00:00,53.51869,53.276
2020-04-14 15:00:00+00:00,52.59049,53.459
2020-04-14 16:00:00+00:00,53.62658,53.367
2020-04-14 17:00:00+00:00,52.378735,53.912
2020-04-14 18:00:00+00:00,52.284775,53.281002
2020-04-14 19:00:00+00:00,50.687614,51.806
2020-04-14 20:00:00+00:00,49.253952,49.204002
2020-04-14 21:00:00+00:00,45.144886,45.369
2020-04-14 22:00:00+00:00,42.279846,42.539
2020-04-14 23:00:00+00:00,40.67581,40.934002
2020-04-15 00:00:00+00:00,40.04388,40.385
2020-04-15 01:00:00+00:00,40.688198,40.741
2020-04-15 02:00:00+00:00,41.821316,41.623
2020-04-15 03:00:00+00:00,44.059063,44.758
2020-04-15 04:00:00+00:00,50.859703,50.001003
2020-04-15 05:00:00+00:00,54.687244,54.095
2020-04-15 06:00:00+00:00,56.63795,57.362
2020-04-15 07:00:00+00:00,58.12741,58.177998
2020-04-15 08:00:00+00:00,57.805016,59.657
2020-04-15 09:00:00+00:00,58.53124,61.214
2020-04-15 10:00:00+00:00,59.415714,60.572998
2020-04-15 11:00:00+00:00,58.101784,58.770996
2020-04-15 12:00:00+00:00,56.313766,56.734
2020-04-15 13:00:00+00:00,54.91415,55.170998
2020-04-15 14:00:00+00:00,54.210327,53.574997
2020-04-15 15:00:00+00:00,53.13164,52.870003
2020-04-15 16:00:00+00:00,52.920635,53.258
2020-04-15 17:00:00+00:00,52.955753,53.861004
2020-04-15 18:00:00+00:00,52.351917,53.232998
2020-04-15 19:00:00+00:00,50.78912,51.423996
2020-04-15 20:00:00+00:00,48.52626,48.895
2020-04-15 21:00:00+00:00,44.920734,44.712
2020-04-15 22:00:00+00:00,41.756966,42.028
2020-04-15 23:00:00+00:00,40.33147,40.519
2020-04-16 00:00:00+00:00,39.537727,40.2
2020-04-16 01:00:00+00:00,40.39533,40.438
2020-04-16 02:00:00+00:00,41.07644,41.813
2020-04-16 03:00:00+00:00,44.523766,44.665
2020-04-16 04:00:00+00:00,49.717556,49.603
2020-04-16 05:00:00+00:00,53.876514,53.933002
2020-04-16 06:00:00+00:00,56.16695,56.95
2020-04-16 07:00:00+00:00,57.315907,58.427002
2020-04-16 08:00:00+00:00,57.68746,59.859
2020-04-16 09:00:00+00:00,58.42134,60.999004
2020-04-16 10:00:00+00:00,58.930023,60.626
2020-04-16 11:00:00+00:00,58.122074,58.120003
2020-04-16 12:00:00+00:00,55.529953,56.741
2020-04-16 13:00:00+00:00,55.19382,55.702
2020-04-16 14:00:00+00:00,55.0537,53.953
2020-04-16 15:00:00+00:00,53.091625,54.412003
2020-04-16 16:00:00+00:00,54.661118,54.305
2020-04-16 17:00:00+00:00,53.037445,54.211002
2020-04-16 18:00:00+00:00,52.273487,53.959
2020-04-16 19:00:00+00:00,51.502518,52.577
2020-04-16 20:00:00+00:00,49.267677,49.595
2020-04-16 21:00:00+00:00,45.54487,45.969
2020-04-16 22:00:00+00:00,43.059258,42.833
2020-04-16 23:00:00+00:00,41.04722,41.28
2020-04-17 00:00:00+00:00,40.55622,40.53
2020-04-17 01:00:00+00:00,40.60444,40.465
2020-04-17 02:00:00+00:00,41.00619,41.849
2020-04-17 03:00:00+00:00,44.0804,45.116
2020-04-17 04:00:00+00:00,50.74369,50.257
2020-04-17 05:00:00+00:00,54.707863,54.232
2020-04-17 06:00:00+00:00,56.497295,56.842
2020-04-17 07:00:00+00:00,57.300194,57.642
2020-04-17 08:00:00+00:00,57.131275,58.854
2020-04-17 09:00:00+00:00,57.581886,59.886997
2020-04-17 10:00:00+00:00,58.075317,59.903
2020-04-17 11:00:00+00:00,57.72976,57.995003
2020-04-17 12:00:00+00:00,55.67049,55.812
2020-04-17 13:00:00+00:00,53.983925,54.241
2020-04-17 14:00:00+00:00,53.358517,53.049
2020-04-17 15:00:00+00:00,52.89816,53.38
2020-04-17 16:00:00+00:00,53.914078,54.247
2020-04-17 17:00:00+00:00,53.609573,53.981
2020-04-17 18:00:00+00:00,51.839565,53.525
2020-04-17 19:00:00+00:00,51.215103,51.509
2020-04-17 20:00:00+00:00,48.171936,48.246
2020-04-17 21:00:00+00:00,44.37024,44.045
2020-04-17 22:00:00+00:00,41.508396,40.949
2020-04-17 23:00:00+00:00,39.623215,39.069
2020-04-18 00:00:00+00:00,38.443367,38.039
2020-04-18 01:00:00+00:00,37.965237,38.026
2020-04-18 02:00:00+00:00,38.24661,39.182003
2020-04-18 03:00:00+00:00,40.232502,39.93
2020-04-18 04:00:00+00:00,41.950817,40.102
2020-04-18 05:00:00+00:00,42.98118,42.774
2020-04-18 06:00:00+00:00,45.343327,45.168
2020-04-18 07:00:00+00:00,46.841988,46.291
2020-04-18 08:00:00+00:00,47.004837,48.104
2020-04-18 09:00:00+00:00,48.108,49.611
2020-04-18 10:00:00+00:00,48.610188,49.212
2020-04-18 11:00:00+00:00,47.287575,48.671997
2020-04-18 12:00:00+00:00,46.873558,47.217003
2020-04-18 13:00:00+00:00,45.887726,46.077
2020-04-18 14:00:00+00:00,45.681152,45.833
2020-04-18 15:00:00+00:00,46.31622,46.913002
2020-04-18 16:00:00+00:00,47.623585,47.98
2020-04-18 17:00:00+00:00,47.961246,47.690998
2020-04-18 18:00:00+00:00,46.964546,46.923
2020-04-18 19:00:00+00:00,46.308586,45.82
2020-04-18 20:00:00+00:00,44.060196,44.277
2020-04-18 21:00:00+00:00,41.518124,41.238
2020-04-18 22:00:00+00:00,39.110355,38.57
2020-04-18 23:00:00+00:00,37.393494,36.246002
2020-04-19 00:00:00+00:00,35.696335,35.031
2020-04-19 01:00:00+00:00,34.93606,34.332
2020-04-19 02:00:00+00:00,34.366386,34.579002
2020-04-19 03:00:00+00:00,34.686577,35.128
2020-04-19 04:00:00+00:00,36.39192,34.755
2020-04-19 05:00:00+00:00,37.321785,36.229
2020-04-19 06:00:00+00:00,39.887066,39.343998
2020-04-19 07:00:00+00:00,42.636875,42.541
2020-04-19 08:00:00+00:00,44.9522,45.308
2020-04-19 09:00:00+00:00,46.45132,48.704
2020-04-19 10:00:00+00:00,48.53138,49.566998
2020-04-19 11:00:00+00:00,47.91414,47.554
2020-04-19 12:00:00+00:00,45.591805,45.663
2020-04-19 13:00:00+00:00,44.41064,44.526
2020-04-19 14:00:00+00:00,44.335793,43.427
2020-04-19 15:00:00+00:00,44.34563,43.613003
2020-04-19 16:00:00+00:00,45.195114,45.708
2020-04-19 17:00:00+00:00,47.013046,46.394
2020-04-19 18:00:00+00:00,46.508152,46.257996
2020-04-19 19:00:00+00:00,45.950165,45.670002
2020-04-19 20:00:00+00:00,45.17666,44.627
2020-04-19 21:00:00+00:00,42.70834,41.401
2020-04-19 22:00:00+00:00,38.95146,39.556
2020-04-19 23:00:00+00:00,37.8157,38.201
2020-04-20 00:00:00+00:00,36.859146,37.296997
2020-04-20 01:00:00+00:00,37.06886,37.969
2020-04-20 02:00:00+00:00,38.80631,38.829998
2020-04-20 03:00:00+00:00,41.051895,42.663002
2020-04-20 04:00:00+00:00,49.935688,48.561
2020-04-20 05:00:00+00:00,54.639645,54.574
2020-04-20 06:00:00+00:00,57.757908,57.852
2020-04-20 07:00:00+00:00,58.814686,57.560997
2020-04-20 08:00:00+00:00,57.80999,60.215
2020-04-20 09:00:00+00:00,60.04381,62.771
2020-04-20 10:00:00+00:00,61.231277,63.093
2020-04-20 11:00:00+00:00,60.52714,62.082996
2020-04-20 12:00:00+00:00,59.472157,59.671
2020-04-20 13:00:00+00:00,57.144646,58.095
2020-04-20 14:00:00+00:00,56.23568,55.887
2020-04-20 15:00:00+00:00,54.71777,55.691998
2020-04-20 16:00:00+00:00,55.742317,56.023003
2020-04-20 17:00:00+00:00,55.28491,56.129
2020-04-20 18:00:00+00:00,54.149265,54.783
2020-04-20 19:00:00+00:00,51.998558,53.068996
2020-04-20 20:00:00+00:00,50.498756,49.574997
2020-04-20 21:00:00+00:00,45.34085,46.423
2020-04-20 22:00:00+00:00,43.337048,42.799
2020-04-20 23:00:00+00:00,40.761906,40.567
2020-04-21 00:00:00+00:00,39.591408,40.138
2020-04-21 01:00:00+00:00,40.25334,40.755
2020-04-21 02:00:00+00:00,41.853706,42.533
2020-04-21 03:00:00+00:00,46.251152,45.071003
2020-04-21 04:00:00+00:00,51.06089,50.646
2020-04-21 05:00:00+00:00,55.30194,55.829998
2020-04-21 06:00:00+00:00,58.237537,59.021
2020-04-21 07:00:00+00:00,59.257053,59.786
2020-04-21 08:00:00+00:00,59.198406,62.23
2020-04-21 09:00:00+00:00,61.11127,64.332
2020-04-21 10:00:00+00:00,62.14218,64.558
2020-04-21 11:00:00+00:00,61.53143,63.418
2020-04-21 12:00:00+00:00,60.36573,61.265003
2020-04-21 13:00:00+00:00,58.367348,60.146004
2020-04-21 14:00:00+00:00,57.81577,58.802002
2020-04-21 15:00:00+00:00,57.106323,57.205
2020-04-21 16:00:00+00:00,55.785385,56.69
2020-04-21 17:00:00+00:00,55.401276,57.196
2020-04-21 18:00:00+00:00,55.10395,55.927998
2020-04-21 19:00:00+00:00,52.815613,54.4
2020-04-21 20:00:00+00:00,51.582943,51.331
2020-04-21 21:00:00+00:00,46.89693,47.273
2020-04-21 22:00:00+00:00,44.00513,43.433
2020-04-21 23:00:00+00:00,41.473938,41.2
2020-04-22 00:00:00+00:00,40.143574,40.208
2020-04-22 01:00:00+00:00,40.076885,40.281998
2020-04-22 02:00:00+00:00,41.02762,41.959
2020-04-22 03:00:00+00:00,44.59246,45.957
2020-04-22 04:00:00+00:00,53.0341,52.336
2020-04-22 05:00:00+00:00,57.020462,57.023003
2020-04-22 06:00:00+00:00,59.079906,59.804005
2020-04-22 07:00:00+00:00,59.998764,60.674
2020-04-22 08:00:00+00:00,60.250633,60.678997
2020-04-22 09:00:00+00:00,59.505386,62.652
2020-04-22 10:00:00+00:00,60.7819,62.659004
2020-04-22 11:00:00+00:00,60.073215,60.467
2020-04-22 12:00:00+00:00,57.55294,58.782997
2020-04-22 13:00:00+00:00,56.55209,57.659
2020-04-22 14:00:00+00:00,56.420185,57.427002
2020-04-22 15:00:00+00:00,57.063763,56.42
2020-04-22 16:00:00+00:00,55.401634,56.419003
2020-04-22 17:00:00+00:00,54.956905,56.879997
2020-04-22 18:00:00+00:00,54.340015,55.266
2020-04-22 19:00:00+00:00,51.91341,53.176
2020-04-22 20:00:00+00:00,50.21496,49.945
2020-04-22 21:00:00+00:00,45.60003,46.222
2020-04-22 22:00:00+00:00,43.196358,44.212
2020-04-22 23:00:00+00:00,42.250675,43.315998
2020-04-23 00:00:00+00:00,42.63898,42.086002
2020-04-23 01:00:00+00:00,42.076294,42.531998
2020-04-23 02:00:00+00:00,43.517845,43.774002
2020-04-23 03:00:00+00:00,46.724457,46.883003
2020-04-23 04:00:00+00:00,52.611633,51.868
2020-04-23 05:00:00+00:00,56.039738,56.368
2020-04-23 06:00:00+00:00,58.466297,58.89
2020-04-23 07:00:00+00:00,59.086742,60.049
2020-04-23 08:00:00+00:00,59.417473,61.332
2020-04-23 09:00:00+00:00,59.98545,62.503
2020-04-23 10:00:00+00:00,60.377632,61.461
2020-04-23 11:00:00+00:00,58.89632,59.409
2020-04-23 12:00:00+00:00,56.859215,58.149002
2020-04-23 13:00:00+00:00,56.52182,57.063
2020-04-23 14:00:00+00:00,56.28159,56.276
2020-04-23 15:00:00+00:00,56.057415,55.957
2020-04-23 16:00:00+00:00,55.53124,56.165
2020-04-23 17:00:00+00:00,54.89005,56.211
2020-04-23 18:00:00+00:00,53.883102,55.624004
2020-04-23 19:00:00+00:00,52.744,53.592
2020-04-23 20:00:00+00:00,50.066227,49.982998
2020-04-23 21:00:00+00:00,45.93681,45.331
2020-04-23 22:00:00+00:00,42.683117,42.246002
2020-04-23 23:00:00+00:00,40.771145,40.588
2020-04-24 00:00:00+00:00,39.76022,39.775
2020-04-24 01:00:00+00:00,39.717323,40.222
2020-04-24 02:00:00+00:00,40.884197,41.182
2020-04-24 03:00:00+00:00,42.757946,44.059
2020-04-24 04:00:00+00:00,49.026466,49.223
2020-04-24 05:00:00+00:00,53.683514,53.996
2020-04-24 06:00:00+00:00,56.31235,57.25
2020-04-24 07:00:00+00:00,57.51998,57.781002
2020-04-24 08:00:00+00:00,56.927956,59.254997
2020-04-24 09:00:00+00:00,57.947357,60.112
2020-04-24 10:00:00+00:00,58.026142,59.733
2020-04-24 11:00:00+00:00,57.234814,58.431
2020-04-24 12:00:00+00:00,56.147556,57.098
2020-04-24 13:00:00+00:00,55.322227,55.874
2020-04-24 14:00:00+00:00,54.852627,54.643
2020-04-24 15:00:00+00:00,53.917007,54.272003
2020-04-24 16:00:00+00:00,53.797543,54.245003
2020-04-24 17:00:00+00:00,53.03734,55.214
2020-04-24 18:00:00+00:00,53.200943,53.642
2020-04-24 19:00:00+00:00,50.70135,51.594
2020-04-24 20:00:00+00:00,48.628136,48.455997
2020-04-24 21:00:00+00:00,44.44272,44.217
2020-04-24 22:00:00+00:00,41.68044,41.267998
2020-04-24 23:00:00+00:00,39.914494,39.316998
2020-04-25 00:00:00+00:00,38.71899,38.013
2020-04-25 01:00:00+00:00,38.03475,37.89
2020-04-25 02:00:00+00:00,38.24124,38.191998
2020-04-25 03:00:00+00:00,38.463753,38.812
2020-04-25 04:00:00+00:00,40.077423,39.987
2020-04-25 05:00:00+00:00,42.999012,42.966
2020-04-25 06:00:00+00:00,45.9382,46.496
2020-04-25 07:00:00+00:00,48.79266,49.614
2020-04-25 08:00:00+00:00,50.73752,50.358997
2020-04-25 09:00:00+00:00,49.54154,51.873997
2020-04-25 10:00:00+00:00,50.274918,51.56
2020-04-25 11:00:00+00:00,49.124004,50.243
2020-04-25 12:00:00+00:00,47.909607,48.747
2020-04-25 13:00:00+00:00,47.13684,46.527
2020-04-25 14:00:00+00:00,45.766193,45.814
2020-04-25 15:00:00+00:00,46.291523,47.516
2020-04-25 16:00:00+00:00,48.823326,49.295002
2020-04-25 17:00:00+00:00,49.339096,49.483997
2020-04-25 18:00:00+00:00,48.217144,48.578
2020-04-25 19:00:00+00:00,47.070614,46.711002
2020-04-25 20:00:00+00:00,44.983715,44.104
2020-04-25 21:00:00+00:00,41.282043,41.14
2020-04-25 22:00:00+00:00,38.97252,39.351
2020-04-25 23:00:00+00:00,37.78487,37.017002
2020-04-26 00:00:00+00:00,36.112526,36.097
2020-04-26 01:00:00+00:00,36.01031,36.244
2020-04-26 02:00:00+00:00,36.549126,36.526
2020-04-26 03:00:00+00:00,37.043884,36.916
2020-04-26 04:00:00+00:00,38.154034,36.707
2020-04-26 05:00:00+00:00,39.14992,38.494
2020-04-26 06:00:00+00:00,41.85444,42.238
2020-04-26 07:00:00+00:00,45.04243,44.811
2020-04-26 08:00:00+00:00,46.727573,46.118
2020-04-26 09:00:00+00:00,46.69884,48.491
2020-04-26 10:00:00+00:00,48.08476,48.364998
2020-04-26 11:00:00+00:00,46.78791,45.913
2020-04-26 12:00:00+00:00,44.701847,44.055
2020-04-26 13:00:00+00:00,43.761387,42.489002
2020-04-26 14:00:00+00:00,43.24434,42.086002
2020-04-26 15:00:00+00:00,43.888737,43.821
2020-04-26 16:00:00+00:00,45.87209,46.262
2020-04-26 17:00:00+00:00,47.333675,47.061996
2020-04-26 18:00:00+00:00,46.7283,47.137
2020-04-26 19:00:00+00:00,46.396564,46.254997
2020-04-26 20:00:00+00:00,44.90171,44.461998
2020-04-26 21:00:00+00:00,41.96728,41.092
2020-04-26 22:00:00+00:00,38.838673,38.646
2020-04-26 23:00:00+00:00,37.30672,37.396
2020-04-27 00:00:00+00:00,36.439865,36.933
2020-04-27 01:00:00+00:00,36.940594,37.595
2020-04-27 02:00:00+00:00,38.432476,38.999
2020-04-27 03:00:00+00:00,41.762737,42.147
2020-04-27 04:00:00+00:00,48.392776,48.045
2020-04-27 05:00:00+00:00,53.491714,54.359997
2020-04-27 06:00:00+00:00,57.241776,57.998
2020-04-27 07:00:00+00:00,58.498653,59.029
2020-04-27 08:00:00+00:00,58.6184,60.157
2020-04-27 09:00:00+00:00,59.354973,60.726
2020-04-27 10:00:00+00:00,59.033558,61.048004
2020-04-27 11:00:00+00:00,58.789116,59.682
2020-04-27 12:00:00+00:00,57.31856,57.956
2020-04-27 13:00:00+00:00,55.876965,57.178
2020-04-27 14:00:00+00:00,56.14387,55.582005
2020-04-27 15:00:00+00:00,54.59388,55.282
2020-04-27 16:00:00+00:00,54.806778,56.113003
2020-04-27 17:00:00+00:00,54.881474,56.646
2020-04-27 18:00:00+00:00,54.030704,56.205997
2020-04-27 19:00:00+00:00,52.86485,54.258
2020-04-27 20:00:00+00:00,50.756348,50.667004
2020-04-27 21:00:00+00:00,46.280136,46.003002
2020-04-27 22:00:00+00:00,43.146423,43.077
2020-04-27 23:00:00+00:00,41.46278,41.644
2020-04-28 00:00:00+00:00,40.878147,40.47
2020-04-28 01:00:00+00:00,40.648052,40.527
2020-04-28 02:00:00+00:00,41.504112,41.625
2020-04-28 03:00:00+00:00,43.60652,44.566
2020-04-28 04:00:00+00:00,50.738705,50.369
2020-04-28 05:00:00+00:00,55.398186,55.576
2020-04-28 06:00:00+00:00,58.1856,58.698
2020-04-28 07:00:00+00:00,59.076683,59.953
2020-04-28 08:00:00+00:00,59.44722,60.941
2020-04-28 09:00:00+00:00,59.75619,62.593998
2020-04-28 10:00:00+00:00,60.595776,61.710003
2020-04-28 11:00:00+00:00,59.09378,60.194
2020-04-28 12:00:00+00:00,57.445908,59.344
2020-04-28 13:00:00+00:00,57.326588,58.824
2020-04-28 14:00:00+00:00,57.533092,57.402
2020-04-28 15:00:00+00:00,56.080475,57.500004
2020-04-28 16:00:00+00:00,56.702766,57.451004
2020-04-28 17:00:00+00:00,55.655,57.398
2020-04-28 18:00:00+00:00,54.67123,56.397
2020-04-28 19:00:00+00:00,53.083576,53.571003
2020-04-28 20:00:00+00:00,50.337864,49.741997
2020-04-28 21:00:00+00:00,45.68953,46.202
2020-04-28 22:00:00+00:00,43.313152,43.190002
2020-04-28 23:00:00+00:00,41.32603,41.331
2020-04-29 00:00:00+00:00,40.365448,40.629997
2020-04-29 01:00:00+00:00,40.757317,40.98
2020-04-29 02:00:00+00:00,41.909473,42.606003
2020-04-29 03:00:00+00:00,45.72017,45.585003
2020-04-29 04:00:00+00:00,51.685505,51.288
2020-04-29 05:00:00+00:00,55.856316,56.485
2020-04-29 06:00:00+00:00,58.74511,59.501
2020-04-29 07:00:00+00:00,59.611458,60.841
2020-04-29 08:00:00+00:00,60.168404,62.175003
2020-04-29 09:00:00+00:00,60.83084,63.579998
2020-04-29 10:00:00+00:00,61.370842,63.768
2020-04-29 11:00:00+00:00,60.997684,61.447998
2020-04-29 12:00:00+00:00,58.515347,60.496998
2020-04-29 13:00:00+00:00,58.048145,59.140003
2020-04-29 14:00:00+00:00,57.2276,57.736004
2020-04-29 15:00:00+00:00,56.375492,57.788002
2020-04-29 16:00:00+00:00,57.070118,58.302002
2020-04-29 17:00:00+00:00,56.569756,57.384
2020-04-29 18:00:00+00:00,54.40283,55.557
2020-04-29 19:00:00+00:00,52.438843,53.106
2020-04-29 20:00:00+00:00,50.02094,48.988003
2020-04-29 21:00:00+00:00,44.972492,45.32
2020-04-29 22:00:00+00:00,42.71381,42.606003
2020-04-29 23:00:00+00:00,40.88034,41.51
2020-04-30 00:00:00+00:00,40.88053,41.007
2020-04-30 01:00:00+00:00,41.314617,41.246998
2020-04-30 02:00:00+00:00,42.17674,42.056
2020-04-30 03:00:00+00:00,44.229973,44.777
2020-04-30 04:00:00+00:00,50.037907,50.106
2020-04-30 05:00:00+00:00,54.57941,54.724003
2020-04-30 06:00:00+00:00,57.07343,57.568
2020-04-30 07:00:00+00:00,57.918434,58.363003
2020-04-30 08:00:00+00:00,57.77431,60.415
2020-04-30 09:00:00+00:00,59.222923,60.897
2020-04-30 10:00:00+00:00,58.736313,62.129
2020-04-30 11:00:00+00:00,59.884045,61.469
2020-04-30 12:00:00+00:00,58.788914,58.855003
2020-04-30 13:00:00+00:00,56.14548,57.787
2020-04-30 14:00:00+00:00,56.392746,55.856
2020-04-30 15:00:00+00:00,54.63341,56.535
2020-04-30 16:00:00+00:00,56.412178,55.708
2020-04-30 17:00:00+00:00,54.1089,54.803
2020-04-30 18:00:00+00:00,52.761932,53.464996
2020-04-30 19:00:00+00:00,51.064888,51.108
2020-04-30 20:00:00+00:00,47.991234,47.992
2020-04-30 21:00:00+00:00,44.256386,44.233
2020-04-30 22:00:00+00:00,41.66683,40.23
2020-04-30 23:00:00+00:00,39.05848,37.781
2020-05-01 00:00:00+00:00,37.320354,36.383
2020-05-01 01:00:00+00:00,36.265408,36.349
2020-05-01 02:00:00+00:00,36.551918,35.711998
2020-05-01 03:00:00+00:00,35.443882,35.055
2020-05-01 04:00:00+00:00,35.96872,35.077
2020-05-01 05:00:00+00:00,37.383804,36.993
2020-05-01 06:00:00+00:00,40.330368,39.709
2020-05-01 07:00:00+00:00,42.91267,43.302002
2020-05-01 08:00:00+00:00,45.674927,45.913
2020-05-01 09:00:00+00:00,46.686283,47.795002
2020-05-01 10:00:00+00:00,46.981384,47.827003
2020-05-01 11:00:00+00:00,45.93262,46.466
2020-05-01 12:00:00+00:00,44.720135,43.736
2020-05-01 13:00:00+00:00,43.18527,43.829
2020-05-01 14:00:00+00:00,44.179787,42.905
2020-05-01 15:00:00+00:00,43.828133,44.517
2020-05-01 16:00:00+00:00,46.017475,46.396004
2020-05-01 17:00:00+00:00,46.950134,47.249004
2020-05-01 18:00:00+00:00,46.702232,46.26
2020-05-01 19:00:00+00:00,45.400547,44.738
2020-05-01 20:00:00+00:00,44.283955,43.413
2020-05-01 21:00:00+00:00,41.663837,39.862
2020-05-01 22:00:00+00:00,37.906837,36.897
2020-05-01 23:00:00+00:00,36.046726,35.274002
2020-05-02 00:00:00+00:00,34.751804,34.636
2020-05-02 01:00:00+00:00,34.456043,34.257
2020-05-02 02:00:00+00:00,34.659622,35.279
2020-05-02 03:00:00+00:00,36.43015,36.052002
2020-05-02 04:00:00+00:00,37.73639,37.023003
2020-05-02 05:00:00+00:00,39.696537,40.372
2020-05-02 06:00:00+00:00,44.195732,43.509
2020-05-02 07:00:00+00:00,46.345695,46.807003
2020-05-02 08:00:00+00:00,48.72447,48.637997
2020-05-02 09:00:00+00:00,49.068676,49.854
2020-05-02 10:00:00+00:00,48.99519,49.847
2020-05-02 11:00:00+00:00,48.14411,49.223
2020-05-02 12:00:00+00:00,47.45082,48.646
2020-05-02 13:00:00+00:00,47.376434,47.045002
2020-05-02 14:00:00+00:00,46.285748,47.424
2020-05-02 15:00:00+00:00,47.92804,47.567997
2020-05-02 16:00:00+00:00,47.71098,49.112
2020-05-02 17:00:00+00:00,49.058876,48.769
2020-05-02 18:00:00+00:00,47.62744,47.327
2020-05-02 19:00:00+00:00,46.247204,45.017998
2020-05-02 20:00:00+00:00,44.045853,43.54
2020-05-02 21:00:00+00:00,41.370136,40.731003
2020-05-02 22:00:00+00:00,38.505455,38.098
2020-05-02 23:00:00+00:00,36.81287,35.631
2020-05-03 00:00:00+00:00,35.0682,34.687
2020-05-03 01:00:00+00:00,34.542427,34.704
2020-05-03 02:00:00+00:00,35.039856,35.013
2020-05-03 03:00:00+00:00,35.50291,35.041
2020-05-03 04:00:00+00:00,35.98274,34.507
2020-05-03 05:00:00+00:00,36.670433,36.192997
2020-05-03 06:00:00+00:00,39.64272,38.684002
2020-05-03 07:00:00+00:00,42.051674,42.474
2020-05-03 08:00:00+00:00,45.190735,44.967
2020-05-03 09:00:00+00:00,46.360176,47.327
2020-05-03 10:00:00+00:00,47.26705,46.871002
2020-05-03 11:00:00+00:00,45.656044,44.783
2020-05-03 12:00:00+00:00,43.918983,42.572
2020-05-03 13:00:00+00:00,42.734283,42.0
2020-05-03 14:00:00+00:00,42.81514,42.289
2020-05-03 15:00:00+00:00,44.083088,43.759
2020-05-03 16:00:00+00:00,45.552525,45.513
2020-05-03 17:00:00+00:00,46.35485,45.365
2020-05-03 18:00:00+00:00,45.221336,45.222
2020-05-03 19:00:00+00:00,45.014774,44.2
2020-05-03 20:00:00+00:00,43.64616,43.711998
2020-05-03 21:00:00+00:00,42.014256,41.112
2020-05-03 22:00:00+00:00,38.4835,38.247
2020-05-03 23:00:00+00:00,36.736675,37.057
2020-05-04 00:00:00+00:00,35.92498,36.39
2020-05-04 01:00:00+00:00,36.02966,36.639
2020-05-04 02:00:00+00:00,37.149952,37.961002
2020-05-04 03:00:00+00:00,40.16513,41.911
2020-05-04 04:00:00+00:00,48.94061,49.662003
2020-05-04 05:00:00+00:00,55.781937,55.455
2020-05-04 06:00:00+00:00,58.236553,58.763
2020-05-04 07:00:00+00:00,59.297676,59.783
2020-05-04 08:00:00+00:00,59.98037,60.845
2020-05-04 09:00:00+00:00,60.294746,62.472004
2020-05-04 10:00:00+00:00,60.881763,62.241
2020-05-04 11:00:00+00:00,59.93133,61.263
2020-05-04 12:00:00+00:00,58.679176,59.542
2020-05-04 13:00:00+00:00,57.11416,59.129
2020-05-04 14:00:00+00:00,57.604317,57.211998
2020-05-04 15:00:00+00:00,55.669106,57.156002
2020-05-04 16:00:00+00:00,56.32669,56.854
2020-05-04 17:00:00+00:00,55.205345,57.362
2020-05-04 18:00:00+00:00,54.80867,56.589
2020-05-04 19:00:00+00:00,53.096542,53.513
2020-05-04 20:00:00+00:00,50.151375,50.239002
2020-05-04 21:00:00+00:00,46.134315,45.677
2020-05-04 22:00:00+00:00,42.701595,43.178
2020-05-04 23:00:00+00:00,41.51263,41.385998
2020-05-05 00:00:00+00:00,40.351097,40.933
2020-05-05 01:00:00+00:00,41.456512,41.242
2020-05-05 02:00:00+00:00,42.44936,42.388
2020-05-05 03:00:00+00:00,45.279198,45.065002
2020-05-05 04:00:00+00:00,51.161526,51.444004
2020-05-05 05:00:00+00:00,56.285645,56.871002
2020-05-05 06:00:00+00:00,59.193886,60.173004
2020-05-05 07:00:00+00:00,60.239815,61.61
2020-05-05 08:00:00+00:00,60.992496,63.235
2020-05-05 09:00:00+00:00,61.898403,64.841
2020-05-05 10:00:00+00:00,62.57101,64.007996
2020-05-05 11:00:00+00:00,61.158165,61.35
2020-05-05 12:00:00+00:00,58.408966,60.452
2020-05-05 13:00:00+00:00,58.069756,59.49
2020-05-05 14:00:00+00:00,57.77694,58.328
2020-05-05 15:00:00+00:00,57.06675,57.314
2020-05-05 16:00:00+00:00,56.24152,57.237003
2020-05-05 17:00:00+00:00,55.858273,57.297
2020-05-05 18:00:00+00:00,54.86222,56.045002
2020-05-05 19:00:00+00:00,52.788383,54.329998
2020-05-05 20:00:00+00:00,51.358757,49.991
2020-05-05 21:00:00+00:00,45.52067,45.992
2020-05-05 22:00:00+00:00,43.146503,43.345997
2020-05-05 23:00:00+00:00,41.366375,41.693
2020-05-06 00:00:00+00:00,40.643597,40.701
2020-05-06 01:00:00+00:00,40.679924,40.798
2020-05-06 02:00:00+00:00,41.510357,42.440998
2020-05-06 03:00:00+00:00,45.28435,45.078
2020-05-06 04:00:00+00:00,50.784756,50.997
2020-05-06 05:00:00+00:00,55.60118,56.423004
2020-05-06 06:00:00+00:00,58.69129,58.981003
2020-05-06 07:00:00+00:00,58.950947,58.551
2020-05-06 08:00:00+00:00,58.069256,60.284
2020-05-06 09:00:00+00:00,59.30551,61.595997
2020-05-06 10:00:00+00:00,59.531868,61.610996
2020-05-06 11:00:00+00:00,58.982304,60.180004
2020-05-06 12:00:00+00:00,57.623615,57.947
2020-05-06 13:00:00+00:00,55.630375,56.753002
2020-05-06 14:00:00+00:00,55.652325,56.101
2020-05-06 15:00:00+00:00,55.827797,55.492
2020-05-06 16:00:00+00:00,54.9031,55.745003
2020-05-06 17:00:00+00:00,54.520878,56.460003
2020-05-06 18:00:00+00:00,54.050545,55.332
2020-05-06 19:00:00+00:00,52.087296,53.385
2020-05-06 20:00:00+00:00,50.23141,50.445
2020-05-06 21:00:00+00:00,46.212452,46.257
2020-05-06 22:00:00+00:00,43.226326,43.439
2020-05-06 23:00:00+00:00,41.6333,41.817
2020-05-07 00:00:00+00:00,40.87522,40.545
2020-05-07 01:00:00+00:00,40.40522,40.985
2020-05-07 02:00:00+00:00,41.80856,42.022
2020-05-07 03:00:00+00:00,43.931957,44.377
2020-05-07 04:00:00+00:00,49.548813,50.406
2020-05-07 05:00:00+00:00,55.11283,55.952
2020-05-07 06:00:00+00:00,58.32526,59.579998
2020-05-07 07:00:00+00:00,59.611656,59.691
2020-05-07 08:00:00+00:00,58.887905,60.993
2020-05-07 09:00:00+00:00,59.812653,62.383
2020-05-07 10:00:00+00:00,60.320522,61.544
2020-05-07 11:00:00+00:00,58.84848,59.739
2020-05-07 12:00:00+00:00,57.06281,58.061
2020-05-07 13:00:00+00:00,56.015335,56.583004
2020-05-07 14:00:00+00:00,55.34213,54.353
2020-05-07 15:00:00+00:00,53.31899,54.423
2020-05-07 16:00:00+00:00,54.963894,54.965004
2020-05-07 17:00:00+00:00,54.319077,55.442
2020-05-07 18:00:00+00:00,53.45256,54.260998
2020-05-07 19:00:00+00:00,51.328945,52.545
2020-05-07 20:00:00+00:00,49.77407,49.534
2020-05-07 21:00:00+00:00,45.244034,45.22
2020-05-07 22:00:00+00:00,42.25966,42.038002
2020-05-07 23:00:00+00:00,40.37979,40.396
2020-05-08 00:00:00+00:00,39.484283,39.284
2020-05-08 01:00:00+00:00,39.174114,39.564
2020-05-08 02:00:00+00:00,40.238895,40.966
2020-05-08 03:00:00+00:00,43.17546,43.369
2020-05-08 04:00:00+00:00,48.442245,48.497997
2020-05-08 05:00:00+00:00,53.237247,53.751
2020-05-08 06:00:00+00:00,56.36515,56.764
2020-05-08 07:00:00+00:00,57.126396,56.831005
2020-05-08 08:00:00+00:00,56.227406,57.958
2020-05-08 09:00:00+00:00,56.826405,58.924004
2020-05-08 10:00:00+00:00,57.00793,58.952
2020-05-08 11:00:00+00:00,56.7754,57.254
2020-05-08 12:00:00+00:00,55.08776,55.246002
2020-05-08 13:00:00+00:00,53.408478,53.834003
2020-05-08 14:00:00+00:00,52.91505,53.082
2020-05-08 15:00:00+00:00,52.994083,52.503
2020-05-08 16:00:00+00:00,52.06732,53.111004
2020-05-08 17:00:00+00:00,52.344505,52.899
2020-05-08 18:00:00+00:00,50.840607,51.469
2020-05-08 19:00:00+00:00,49.099705,49.878998
2020-05-08 20:00:00+00:00,47.045547,47.249004
2020-05-08 21:00:00+00:00,43.37006,43.063
2020-05-08 22:00:00+00:00,40.588486,40.458
2020-05-08 23:00:00+00:00,39.152073,38.465
2020-05-09 00:00:00+00:00,37.692757,37.578
2020-05-09 01:00:00+00:00,37.531593,37.187
2020-05-09 02:00:00+00:00,37.193027,37.47
2020-05-09 03:00:00+00:00,37.629055,38.029
2020-05-09 04:00:00+00:00,39.401726,38.861
2020-05-09 05:00:00+00:00,41.789635,42.18
2020-05-09 06:00:00+00:00,45.204765,45.522
2020-05-09 07:00:00+00:00,47.732426,48.181004
2020-05-09 08:00:00+00:00,49.236576,50.384
2020-05-09 09:00:00+00:00,49.995785,51.766003
2020-05-09 10:00:00+00:00,50.050827,51.431
2020-05-09 11:00:00+00:00,48.94119,49.738003
2020-05-09 12:00:00+00:00,47.36521,47.601
2020-05-09 13:00:00+00:00,46.042965,46.564
2020-05-09 14:00:00+00:00,46.297688,46.125
2020-05-09 15:00:00+00:00,46.678135,46.628
2020-05-09 16:00:00+00:00,47.393795,47.168003
2020-05-09 17:00:00+00:00,47.26401,47.173
2020-05-09 18:00:00+00:00,46.63078,46.42
2020-05-09 19:00:00+00:00,45.73388,45.63
2020-05-09 20:00:00+00:00,44.329575,44.034
2020-05-09 21:00:00+00:00,41.290943,40.285
2020-05-09 22:00:00+00:00,38.112858,37.546
2020-05-09 23:00:00+00:00,36.4246,35.347
2020-05-10 00:00:00+00:00,34.824284,33.945
2020-05-10 01:00:00+00:00,33.88362,33.499
2020-05-10 02:00:00+00:00,33.676186,33.735
2020-05-10 03:00:00+00:00,33.954647,33.494
2020-05-10 04:00:00+00:00,34.7887,33.72
2020-05-10 05:00:00+00:00,36.25092,36.062
2020-05-10 06:00:00+00:00,39.786667,39.811
2020-05-10 07:00:00+00:00,43.2713,41.889
2020-05-10 08:00:00+00:00,44.185326,43.459
2020-05-10 09:00:00+00:00,44.431313,46.013
2020-05-10 10:00:00+00:00,45.793087,46.66
2020-05-10 11:00:00+00:00,45.490856,45.346
2020-05-10 12:00:00+00:00,44.25536,44.472
2020-05-10 13:00:00+00:00,43.745155,42.877
2020-05-10 14:00:00+00:00,42.992424,42.277
2020-05-10 15:00:00+00:00,43.393494,43.575
2020-05-10 16:00:00+00:00,45.05311,45.517
2020-05-10 17:00:00+00:00,46.371548,46.267
2020-05-10 18:00:00+00:00,46.168926,46.39
2020-05-10 19:00:00+00:00,45.9049,45.932
2020-05-10 20:00:00+00:00,45.229633,45.213
2020-05-10 21:00:00+00:00,43.245316,41.862003
2020-05-10 22:00:00+00:00,39.2373,39.674
2020-05-10 23:00:00+00:00,37.955135,38.592
2020-05-11 00:00:00+00:00,37.37883,37.489002
2020-05-11 01:00:00+00:00,37.301147,38.33
2020-05-11 02:00:00+00:00,39.41304,39.266
2020-05-11 03:00:00+00:00,41.831978,43.538998
2020-05-11 04:00:00+00:00,51.490494,51.204998
2020-05-11 05:00:00+00:00,57.205833,57.182
2020-05-11 06:00:00+00:00,59.71313,61.158
2020-05-11 07:00:00+00:00,61.570267,61.704
2020-05-11 08:00:00+00:00,61.766335,64.85
2020-05-11 09:00:00+00:00,64.13001,65.835
2020-05-11 10:00:00+00:00,63.93065,65.687
2020-05-11 11:00:00+00:00,62.96058,65.054
2020-05-11 12:00:00+00:00,62.310234,64.322
2020-05-11 13:00:00+00:00,61.37861,63.188
2020-05-11 14:00:00+00:00,60.41258,62.067997
2020-05-11 15:00:00+00:00,59.844364,60.640003
2020-05-11 16:00:00+00:00,58.713123,59.252
2020-05-11 17:00:00+00:00,57.297226,58.472
2020-05-11 18:00:00+00:00,56.13985,56.450005
2020-05-11 19:00:00+00:00,53.618492,53.921
2020-05-11 20:00:00+00:00,51.37244,50.978
2020-05-11 21:00:00+00:00,46.886303,47.505
2020-05-11 22:00:00+00:00,44.14181,45.189
2020-05-11 23:00:00+00:00,42.883278,43.224
2020-05-12 00:00:00+00:00,41.790054,42.766003
2020-05-12 01:00:00+00:00,42.968884,42.715
2020-05-12 02:00:00+00:00,43.51627,43.683002
2020-05-12 03:00:00+00:00,46.214848,46.042
2020-05-12 04:00:00+00:00,51.888622,51.633
2020-05-12 05:00:00+00:00,56.301636,56.797
2020-05-12 06:00:00+00:00,59.255188,59.205997
2020-05-12 07:00:00+00:00,59.42158,60.565998
2020-05-12 08:00:00+00:00,60.195366,62.006
2020-05-12 09:00:00+00:00,60.858654,63.714
2020-05-12 10:00:00+00:00,61.586246,62.992
2020-05-12 11:00:00+00:00,60.327187,61.836998
2020-05-12 12:00:00+00:00,59.08361,59.946
2020-05-12 13:00:00+00:00,57.497875,58.687
2020-05-12 14:00:00+00:00,57.05755,57.961998
2020-05-12 15:00:00+00:00,57.291313,57.635
2020-05-12 16:00:00+00:00,56.908028,57.543
2020-05-12 17:00:00+00:00,56.024403,57.138
2020-05-12 18:00:00+00:00,54.662952,55.387
2020-05-12 19:00:00+00:00,52.400433,53.159996
2020-05-12 20:00:00+00:00,50.324474,50.555996
2020-05-12 21:00:00+00:00,46.50557,46.686
2020-05-12 22:00:00+00:00,43.526,44.64
2020-05-12 23:00:00+00:00,42.69224,42.725
2020-05-13 00:00:00+00:00,41.419518,42.016003
2020-05-13 01:00:00+00:00,41.9951,42.877
2020-05-13 02:00:00+00:00,43.879284,43.528
2020-05-13 03:00:00+00:00,45.74072,46.844997
2020-05-13 04:00:00+00:00,52.58571,52.094
2020-05-13 05:00:00+00:00,56.226036,56.648
2020-05-13 06:00:00+00:00,58.608116,59.399998
2020-05-13 07:00:00+00:00,59.528385,60.919
2020-05-13 08:00:00+00:00,60.153873,61.846
2020-05-13 09:00:00+00:00,60.36573,64.253
2020-05-13 10:00:00+00:00,62.234474,63.673
2020-05-13 11:00:00+00:00,60.859695,61.037
2020-05-13 12:00:00+00:00,58.09804,60.115
2020-05-13 13:00:00+00:00,58.06371,59.689003
2020-05-13 14:00:00+00:00,58.347355,58.546
2020-05-13 15:00:00+00:00,57.175655,58.594
2020-05-13 16:00:00+00:00,57.51016,58.918
2020-05-13 17:00:00+00:00,56.863632,58.148
2020-05-13 18:00:00+00:00,55.042255,56.266003
2020-05-13 19:00:00+00:00,53.062828,54.309002
2020-05-13 20:00:00+00:00,50.95773,51.342
2020-05-13 21:00:00+00:00,47.11932,47.158
2020-05-13 22:00:00+00:00,44.211403,44.172
2020-05-13 23:00:00+00:00,42.37758,42.617
2020-05-14 00:00:00+00:00,41.67272,41.765003
2020-05-14 01:00:00+00:00,41.747658,41.72
2020-05-14 02:00:00+00:00,42.270645,43.225
2020-05-14 03:00:00+00:00,45.628788,46.084
2020-05-14 04:00:00+00:00,51.7103,51.998997
2020-05-14 05:00:00+00:00,56.44087,56.646
2020-05-14 06:00:00+00:00,58.707897,59.190998
2020-05-14 07:00:00+00:00,59.202667,60.447
2020-05-14 08:00:00+00:00,59.821472,61.521
2020-05-14 09:00:00+00:00,60.118484,62.41
2020-05-14 10:00:00+00:00,60.235134,62.499004
2020-05-14 11:00:00+00:00,59.900635,61.0
2020-05-14 12:00:00+00:00,58.27049,59.526005
2020-05-14 13:00:00+00:00,57.24283,58.100002
2020-05-14 14:00:00+00:00,56.55962,56.756
2020-05-14 15:00:00+00:00,55.874157,57.169003
2020-05-14 16:00:00+00:00,56.875076,57.246
2020-05-14 17:00:00+00:00,55.606766,56.578003
2020-05-14 18:00:00+00:00,53.972256,55.098003
2020-05-14 19:00:00+00:00,52.20057,53.105
2020-05-14 20:00:00+00:00,50.022808,50.485
2020-05-14 21:00:00+00:00,46.424244,46.134
2020-05-14 22:00:00+00:00,43.12072,43.667
2020-05-14 23:00:00+00:00,41.889797,41.832
2020-05-15 00:00:00+00:00,40.713715,42.023
2020-05-15 01:00:00+00:00,42.56127,42.537003
2020-05-15 02:00:00+00:00,43.575176,44.0
2020-05-15 03:00:00+00:00,47.658234,46.128
2020-05-15 04:00:00+00:00,51.05465,50.751003
2020-05-15 05:00:00+00:00,54.8766,55.109
2020-05-15 06:00:00+00:00,57.328472,58.238003
2020-05-15 07:00:00+00:00,58.565327,59.081
2020-05-15 08:00:00+00:00,58.324703,60.512005
2020-05-15 09:00:00+00:00,59.171856,62.072002
2020-05-15 10:00:00+00:00,60.115982,61.683002
2020-05-15 11:00:00+00:00,59.02983,59.746998
2020-05-15 12:00:00+00:00,57.14623,57.627
2020-05-15 13:00:00+00:00,55.664818,57.007
2020-05-15 14:00:00+00:00,56.438946,56.471
2020-05-15 15:00:00+00:00,56.22949,55.816
2020-05-15 16:00:00+00:00,55.111652,55.924004
2020-05-15 17:00:00+00:00,54.66443,55.253998
2020-05-15 18:00:00+00:00,53.002472,53.068996
2020-05-15 19:00:00+00:00,50.5485,51.246998
2020-05-15 20:00:00+00:00,48.277508,48.913
2020-05-15 21:00:00+00:00,45.16144,45.245
2020-05-15 22:00:00+00:00,42.461773,41.760002
2020-05-15 23:00:00+00:00,40.188923,39.769
2020-05-16 00:00:00+00:00,38.99553,38.823
2020-05-16 01:00:00+00:00,38.634876,38.834
2020-05-16 02:00:00+00:00,38.999207,38.968998
2020-05-16 03:00:00+00:00,39.065132,39.164
2020-05-16 04:00:00+00:00,40.334248,39.773
2020-05-16 05:00:00+00:00,42.383034,43.063
2020-05-16 06:00:00+00:00,45.88144,47.013004
2020-05-16 07:00:00+00:00,49.356213,50.133
2020-05-16 08:00:00+00:00,51.1785,51.466003
2020-05-16 09:00:00+00:00,50.544395,52.468998
2020-05-16 10:00:00+00:00,50.56179,52.131996
2020-05-16 11:00:00+00:00,49.59532,50.498997
2020-05-16 12:00:00+00:00,48.08323,49.077
2020-05-16 13:00:00+00:00,47.63085,47.171997
2020-05-16 14:00:00+00:00,46.438614,46.68
2020-05-16 15:00:00+00:00,47.219532,47.613003
2020-05-16 16:00:00+00:00,48.41988,48.18
2020-05-16 17:00:00+00:00,48.09417,48.066
2020-05-16 18:00:00+00:00,47.279934,47.013004
2020-05-16 19:00:00+00:00,46.079575,46.343998
2020-05-16 20:00:00+00:00,44.943863,44.983
2020-05-16 21:00:00+00:00,42.160015,41.718
2020-05-16 22:00:00+00:00,39.207798,38.934002
2020-05-16 23:00:00+00:00,37.474224,37.263
2020-05-17 00:00:00+00:00,36.305664,36.463
2020-05-17 01:00:00+00:00,36.245396,35.987
2020-05-17 02:00:00+00:00,36.041523,35.849003
2020-05-17 03:00:00+00:00,35.87175,35.599
2020-05-17 04:00:00+00:00,36.580364,35.483
2020-05-17 05:00:00+00:00,37.756485,37.862
2020-05-17 06:00:00+00:00,41.334625,40.912003
2020-05-17 07:00:00+00:00,44.009148,43.808
2020-05-17 08:00:00+00:00,46.037273,45.908
2020-05-17 09:00:00+00:00,46.690037,48.691
2020-05-17 10:00:00+00:00,48.283894,48.473
2020-05-17 11:00:00+00:00,46.803253,45.434002
2020-05-17 12:00:00+00:00,44.313015,43.879
2020-05-17 13:00:00+00:00,43.617203,42.997997
2020-05-17 14:00:00+00:00,43.563683,42.730003
2020-05-17 15:00:00+00:00,44.378197,42.836002
2020-05-17 16:00:00+00:00,44.570774,44.952
2020-05-17 17:00:00+00:00,46.271812,45.961
2020-05-17 18:00:00+00:00,46.10001,45.654
2020-05-17 19:00:00+00:00,45.381145,45.512
2020-05-17 20:00:00+00:00,44.800404,44.711002
2020-05-17 21:00:00+00:00,42.541424,41.478
2020-05-17 22:00:00+00:00,38.870358,39.365
2020-05-17 23:00:00+00:00,37.65,38.079998
2020-05-18 00:00:00+00:00,36.875057,37.286003
2020-05-18 01:00:00+00:00,37.077103,37.888
2020-05-18 02:00:00+00:00,38.616886,39.285
2020-05-18 03:00:00+00:00,42.04081,42.436
2020-05-18 04:00:00+00:00,48.990086,49.817997
2020-05-18 05:00:00+00:00,55.54256,54.855
2020-05-18 06:00:00+00:00,57.515003,58.3
2020-05-18 07:00:00+00:00,58.910503,59.36
2020-05-18 08:00:00+00:00,59.4127,60.461998
2020-05-18 09:00:00+00:00,59.718113,62.066
2020-05-18 10:00:00+00:00,60.430103,61.635
2020-05-18 11:00:00+00:00,59.347576,60.282
2020-05-18 12:00:00+00:00,57.81746,59.375
2020-05-18 13:00:00+00:00,57.38482,58.251
2020-05-18 14:00:00+00:00,56.66629,57.523003
2020-05-18 15:00:00+00:00,56.525784,57.571
2020-05-18 16:00:00+00:00,56.57176,57.056
2020-05-18 17:00:00+00:00,55.129974,56.331
2020-05-18 18:00:00+00:00,53.795708,54.934998
2020-05-18 19:00:00+00:00,52.06621,53.051
2020-05-18 20:00:00+00:00,49.98819,49.96
2020-05-18 21:00:00+00:00,45.78178,45.413002
2020-05-18 22:00:00+00:00,42.628727,42.745003
2020-05-18 23:00:00+00:00,41.165413,41.034
2020-05-19 00:00:00+00:00,40.146687,40.154
2020-05-19 01:00:00+00:00,40.375767,40.384
2020-05-19 02:00:00+00:00,41.292984,41.456
2020-05-19 03:00:00+00:00,43.579857,44.479
2020-05-19 04:00:00+00:00,50.355637,50.75
2020-05-19 05:00:00+00:00,55.49771,56.218
2020-05-19 06:00:00+00:00,58.500263,59.725
2020-05-19 07:00:00+00:00,59.751614,60.229
2020-05-19 08:00:00+00:00,59.47645,61.778
2020-05-19 09:00:00+00:00,60.507576,63.050003
2020-05-19 10:00:00+00:00,60.87322,61.903
2020-05-19 11:00:00+00:00,59.119743,61.171
2020-05-19 12:00:00+00:00,58.457195,60.381
2020-05-19 13:00:00+00:00,58.042038,59.327003
2020-05-19 14:00:00+00:00,57.35901,57.632
2020-05-19 15:00:00+00:00,55.974365,57.389
2020-05-19 16:00:00+00:00,56.391136,57.6
2020-05-19 17:00:00+00:00,55.853916,56.835
2020-05-19 18:00:00+00:00,54.03753,54.875
2020-05-19 19:00:00+00:00,51.89744,52.903
2020-05-19 20:00:00+00:00,50.071335,50.151
2020-05-19 21:00:00+00:00,45.90686,45.172
2020-05-19 22:00:00+00:00,42.306564,42.826
2020-05-19 23:00:00+00:00,41.262943,41.556
2020-05-20 00:00:00+00:00,40.603916,40.778
2020-05-20 01:00:00+00:00,41.044777,40.762
2020-05-20 02:00:00+00:00,41.552216,41.684002
2020-05-20 03:00:00+00:00,43.638588,43.679
2020-05-20 04:00:00+00:00,48.32613,49.638
2020-05-20 05:00:00+00:00,54.457634,54.887
2020-05-20 06:00:00+00:00,57.456505,58.100002
2020-05-20 07:00:00+00:00,58.37477,59.234
2020-05-20 08:00:00+00:00,58.61726,60.286003
2020-05-20 09:00:00+00:00,59.021152,61.535004
2020-05-20 10:00:00+00:00,59.470905,60.928
2020-05-20 11:00:00+00:00,58.370544,59.750004
2020-05-20 12:00:00+00:00,57.22891,58.536
2020-05-20 13:00:00+00:00,56.538677,57.024998
2020-05-20 14:00:00+00:00,55.526752,55.674
2020-05-20 15:00:00+00:00,54.924286,54.976
2020-05-20 16:00:00+00:00,54.52946,54.489
2020-05-20 17:00:00+00:00,53.39301,53.779
2020-05-20 18:00:00+00:00,51.877155,51.897
2020-05-20 19:00:00+00:00,49.528496,49.882
2020-05-20 20:00:00+00:00,47.260662,47.245
2020-05-20 21:00:00+00:00,43.43102,42.821003
2020-05-20 22:00:00+00:00,40.420197,40.545
2020-05-20 23:00:00+00:00,39.19217,38.784
2020-05-21 00:00:00+00:00,37.755253,37.475
2020-05-21 01:00:00+00:00,37.190075,37.445
2020-05-21 02:00:00+00:00,37.506397,37.332
2020-05-21 03:00:00+00:00,37.192486,36.099
2020-05-21 04:00:00+00:00,37.055546,35.92
2020-05-21 05:00:00+00:00,38.30546,38.217
2020-05-21 06:00:00+00:00,41.412907,41.162
2020-05-21 07:00:00+00:00,44.096294,44.191
2020-05-21 08:00:00+00:00,46.336903,46.015
2020-05-21 09:00:00+00:00,46.50876,48.106
2020-05-21 10:00:00+00:00,47.25847,47.154
2020-05-21 11:00:00+00:00,45.4653,45.1
2020-05-21 12:00:00+00:00,43.999557,42.763
2020-05-21 13:00:00+00:00,42.85453,42.350998
2020-05-21 14:00:00+00:00,43.343582,42.046
2020-05-21 15:00:00+00:00,43.735455,42.333
2020-05-21 16:00:00+00:00,44.12264,44.227
2020-05-21 17:00:00+00:00,45.455044,44.857
2020-05-21 18:00:00+00:00,45.04998,44.493
2020-05-21 19:00:00+00:00,44.447742,44.476
2020-05-21 20:00:00+00:00,43.687473,43.469997
2020-05-21 21:00:00+00:00,41.271053,40.457
2020-05-21 22:00:00+00:00,38.00009,38.012
2020-05-21 23:00:00+00:00,36.512886,36.624
2020-05-22 00:00:00+00:00,35.55063,35.938
2020-05-22 01:00:00+00:00,35.649128,35.719
2020-05-22 02:00:00+00:00,35.922,36.079002
2020-05-22 03:00:00+00:00,36.695477,37.227
2020-05-22 04:00:00+00:00,38.913563,41.018
2020-05-22 05:00:00+00:00,45.530624,44.87
2020-05-22 06:00:00+00:00,48.77021,48.472
2020-05-22 07:00:00+00:00,51.075626,50.271004
2020-05-22 08:00:00+00:00,51.000298,52.773
2020-05-22 09:00:00+00:00,52.70814,54.631
2020-05-22 10:00:00+00:00,53.66178,54.491
2020-05-22 11:00:00+00:00,52.793247,54.445
2020-05-22 12:00:00+00:00,53.20105,52.170002
2020-05-22 13:00:00+00:00,50.26916,51.504
2020-05-22 14:00:00+00:00,50.924164,50.918003
2020-05-22 15:00:00+00:00,50.723675,51.289
2020-05-22 16:00:00+00:00,51.375034,51.533
2020-05-22 17:00:00+00:00,50.792286,50.529
2020-05-22 18:00:00+00:00,49.02494,48.902
2020-05-22 19:00:00+00:00,47.50755,47.565
2020-05-22 20:00:00+00:00,45.733116,45.605
2020-05-22 21:00:00+00:00,42.4418,42.210003
2020-05-22 22:00:00+00:00,39.949028,38.824
2020-05-22 23:00:00+00:00,37.67847,36.846
2020-05-23 00:00:00+00:00,36.248417,36.305
2020-05-23 01:00:00+00:00,36.324867,35.197998
2020-05-23 02:00:00+00:00,35.279446,35.412
2020-05-23 03:00:00+00:00,35.48013,36.184
2020-05-23 04:00:00+00:00,37.190636,37.496
2020-05-23 05:00:00+00:00,40.3503,41.062
2020-05-23 06:00:00+00:00,44.719955,44.28
2020-05-23 07:00:00+00:00,46.89396,46.664
2020-05-23 08:00:00+00:00,47.938602,49.514
2020-05-23 09:00:00+00:00,49.679543,52.141
2020-05-23 10:00:00+00:00,51.07464,52.485996
2020-05-23 11:00:00+00:00,50.3612,51.846996
2020-05-23 12:00:00+00:00,49.4176,50.09
2020-05-23 13:00:00+00:00,47.897938,49.067
2020-05-23 14:00:00+00:00,47.838352,49.51
2020-05-23 15:00:00+00:00,49.736904,49.934
2020-05-23 16:00:00+00:00,49.77975,50.594997
2020-05-23 17:00:00+00:00,49.92043,49.038998
2020-05-23 18:00:00+00:00,47.52629,46.815
2020-05-23 19:00:00+00:00,45.929028,45.105
2020-05-23 20:00:00+00:00,44.47212,43.899
2020-05-23 21:00:00+00:00,41.74097,40.78
2020-05-23 22:00:00+00:00,38.610535,37.478
2020-05-23 23:00:00+00:00,36.497887,36.742
2020-05-24 00:00:00+00:00,35.920143,35.188
2020-05-24 01:00:00+00:00,34.818172,34.916
2020-05-24 02:00:00+00:00,35.274242,34.959
2020-05-24 03:00:00+00:00,35.096077,34.365997
2020-05-24 04:00:00+00:00,35.09746,34.933002
2020-05-24 05:00:00+00:00,36.967422,37.416
2020-05-24 06:00:00+00:00,40.972267,41.152
2020-05-24 07:00:00+00:00,44.531284,44.687
2020-05-24 08:00:00+00:00,47.078655,47.921997
2020-05-24 09:00:00+00:00,48.857456,50.309002
2020-05-24 10:00:00+00:00,49.630592,49.604
2020-05-24 11:00:00+00:00,47.625732,47.823
2020-05-24 12:00:00+00:00,45.917057,45.586998
2020-05-24 13:00:00+00:00,44.465107,44.532
2020-05-24 14:00:00+00:00,44.60231,44.624
2020-05-24 15:00:00+00:00,45.841118,46.147
2020-05-24 16:00:00+00:00,47.510708,45.837997
2020-05-24 17:00:00+00:00,45.9914,46.306
2020-05-24 18:00:00+00:00,46.134026,45.033
2020-05-24 19:00:00+00:00,44.493694,44.354
2020-05-24 20:00:00+00:00,44.189224,43.964
2020-05-24 21:00:00+00:00,42.155598,40.862
2020-05-24 22:00:00+00:00,38.2211,38.578
2020-05-24 23:00:00+00:00,36.815018,37.187
2020-05-25 00:00:00+00:00,35.8092,36.396
2020-05-25 01:00:00+00:00,35.927338,36.751
2020-05-25 02:00:00+00:00,37.197853,38.027
2020-05-25 03:00:00+00:00,40.27264,41.555
2020-05-25 04:00:00+00:00,48.176537,49.762
2020-05-25 05:00:00+00:00,55.910168,56.471
2020-05-25 06:00:00+00:00,59.18794,59.306
2020-05-25 07:00:00+00:00,59.40351,61.694
2020-05-25 08:00:00+00:00,61.773926,62.761
2020-05-25 09:00:00+00:00,61.97222,65.569
2020-05-25 10:00:00+00:00,63.555412,65.444
2020-05-25 11:00:00+00:00,62.822914,63.634
2020-05-25 12:00:00+00:00,60.547924,61.781002
2020-05-25 13:00:00+00:00,58.917675,60.210003
2020-05-25 14:00:00+00:00,57.701736,59.22
2020-05-25 15:00:00+00:00,57.48916,58.827
2020-05-25 16:00:00+00:00,57.59808,58.076
2020-05-25 17:00:00+00:00,56.253246,56.834003
2020-05-25 18:00:00+00:00,54.334854,54.578
2020-05-25 19:00:00+00:00,51.832092,52.362
2020-05-25 20:00:00+00:00,49.894455,50.041
2020-05-25 21:00:00+00:00,45.975006,46.396004
2020-05-25 22:00:00+00:00,42.960125,42.854
2020-05-25 23:00:00+00:00,40.833275,41.893
2020-05-26 00:00:00+00:00,40.955578,41.014
2020-05-26 01:00:00+00:00,41.000095,41.023
2020-05-26 02:00:00+00:00,41.999317,42.350998
2020-05-26 03:00:00+00:00,45.34799,44.372
2020-05-26 04:00:00+00:00,50.066093,50.496
2020-05-26 05:00:00+00:00,55.575806,55.883
2020-05-26 06:00:00+00:00,58.48296,59.39
2020-05-26 07:00:00+00:00,59.68624,60.322
2020-05-26 08:00:00+00:00,59.83613,61.624
2020-05-26 09:00:00+00:00,60.51502,63.287
2020-05-26 10:00:00+00:00,61.250957,62.891
2020-05-26 11:00:00+00:00,60.19126,61.482002
2020-05-26 12:00:00+00:00,58.666245,60.045002
2020-05-26 13:00:00+00:00,57.591473,58.723
2020-05-26 14:00:00+00:00,56.878017,57.171
2020-05-26 15:00:00+00:00,55.961906,56.774
2020-05-26 16:00:00+00:00,56.19605,56.506
2020-05-26 17:00:00+00:00,55.192585,55.759003
2020-05-26 18:00:00+00:00,53.58496,53.776997
2020-05-26 19:00:00+00:00,51.074398,51.827
2020-05-26 20:00:00+00:00,49.238377,49.472004
2020-05-26 21:00:00+00:00,45.414463,45.39
2020-05-26 22:00:00+00:00,42.289967,42.986
2020-05-26 23:00:00+00:00,41.09122,41.091
2020-05-27 00:00:00+00:00,39.83381,40.333
2020-05-27 01:00:00+00:00,40.347828,40.773003
2020-05-27 02:00:00+00:00,41.52623,41.969
2020-05-27 03:00:00+00:00,44.509064,44.046
2020-05-27 04:00:00+00:00,49.02435,50.17
2020-05-27 05:00:00+00:00,54.771366,56.284
2020-05-27 06:00:00+00:00,58.562065,58.845
2020-05-27 07:00:00+00:00,58.599834,60.024998
2020-05-27 08:00:00+00:00,59.301674,61.403
2020-05-27 09:00:00+00:00,60.105705,63.217003
2020-05-27 10:00:00+00:00,60.986885,63.097
2020-05-27 11:00:00+00:00,60.291233,61.230003
2020-05-27 12:00:00+00:00,58.339466,59.525
2020-05-27 13:00:00+00:00,57.044178,58.170002
2020-05-27 14:00:00+00:00,56.43429,57.236
2020-05-27 15:00:00+00:00,56.29403,57.112003
2020-05-27 16:00:00+00:00,56.298607,56.864002
2020-05-27 17:00:00+00:00,55.148624,56.333
2020-05-27 18:00:00+00:00,53.7995,54.304
2020-05-27 19:00:00+00:00,51.410744,52.087997
2020-05-27 20:00:00+00:00,49.183483,50.0
2020-05-27 21:00:00+00:00,45.97827,45.616
2020-05-27 22:00:00+00:00,42.545517,42.59
2020-05-27 23:00:00+00:00,40.959026,40.913998
2020-05-28 00:00:00+00:00,39.965164,40.727
2020-05-28 01:00:00+00:00,41.153034,41.057
2020-05-28 02:00:00+00:00,42.052685,41.794
2020-05-28 03:00:00+00:00,43.99095,44.093
2020-05-28 04:00:00+00:00,49.189175,50.169
2020-05-28 05:00:00+00:00,54.813526,55.828003
2020-05-28 06:00:00+00:00,58.184505,59.259003
2020-05-28 07:00:00+00:00,59.26402,60.331997
2020-05-28 08:00:00+00:00,59.490585,61.462997
2020-05-28 09:00:00+00:00,60.104008,62.816
2020-05-28 10:00:00+00:00,60.624542,63.357002
2020-05-28 11:00:00+00:00,60.585205,62.53
2020-05-28 12:00:00+00:00,59.57684,60.466003
2020-05-28 13:00:00+00:00,57.669064,59.394
2020-05-28 14:00:00+00:00,57.374252,58.251
2020-05-28 15:00:00+00:00,56.776997,58.082
2020-05-28 16:00:00+00:00,56.92981,57.503002
2020-05-28 17:00:00+00:00,55.5964,56.712
2020-05-28 18:00:00+00:00,54.14349,54.351
2020-05-28 19:00:00+00:00,51.562527,52.028996
2020-05-28 20:00:00+00:00,49.32582,49.696003
2020-05-28 21:00:00+00:00,45.6587,45.381
2020-05-28 22:00:00+00:00,42.439877,42.637
2020-05-28 23:00:00+00:00,41.003975,40.865997
2020-05-29 00:00:00+00:00,39.854034,40.177002
2020-05-29 01:00:00+00:00,40.37228,40.436
2020-05-29 02:00:00+00:00,41.26903,41.398
2020-05-29 03:00:00+00:00,43.478355,43.589
2020-05-29 04:00:00+00:00,48.53576,49.426003
2020-05-29 05:00:00+00:00,54.21441,54.592
2020-05-29 06:00:00+00:00,57.13394,57.746002
2020-05-29 07:00:00+00:00,58.044548,58.652
2020-05-29 08:00:00+00:00,58.0431,59.572
2020-05-29 09:00:00+00:00,58.34286,61.048004
2020-05-29 10:00:00+00:00,59.087116,60.801
2020-05-29 11:00:00+00:00,58.25377,58.664997
2020-05-29 12:00:00+00:00,55.96099,57.222004
2020-05-29 13:00:00+00:00,55.402164,55.681
2020-05-29 14:00:00+00:00,54.52598,54.406
2020-05-29 15:00:00+00:00,53.90671,54.181004
2020-05-29 16:00:00+00:00,54.143425,54.003
2020-05-29 17:00:00+00:00,52.93918,53.432
2020-05-29 18:00:00+00:00,51.429714,51.58
2020-05-29 19:00:00+00:00,49.12433,49.619
2020-05-29 20:00:00+00:00,46.92545,47.227
2020-05-29 21:00:00+00:00,43.36805,43.104
2020-05-29 22:00:00+00:00,40.549526,40.11
2020-05-29 23:00:00+00:00,38.773537,38.029
2020-05-30 00:00:00+00:00,37.14878,36.981
2020-05-30 01:00:00+00:00,36.756657,37.015
2020-05-30 02:00:00+00:00,37.136375,36.796
2020-05-30 03:00:00+00:00,36.65336,36.878002
2020-05-30 04:00:00+00:00,37.960243,38.307
2020-05-30 05:00:00+00:00,41.17778,41.306
2020-05-30 06:00:00+00:00,44.369453,44.736
2020-05-30 07:00:00+00:00,47.09873,47.023003
2020-05-30 08:00:00+00:00,48.046185,49.057
2020-05-30 09:00:00+00:00,48.799374,51.369
2020-05-30 10:00:00+00:00,50.005352,51.415
2020-05-30 11:00:00+00:00,49.04677,49.684998
2020-05-30 12:00:00+00:00,47.21299,47.314
2020-05-30 13:00:00+00:00,45.63126,46.465
2020-05-30 14:00:00+00:00,46.063732,46.590004
2020-05-30 15:00:00+00:00,47.225002,46.749
2020-05-30 16:00:00+00:00,47.25598,46.947002
2020-05-30 17:00:00+00:00,46.942844,46.268
2020-05-30 18:00:00+00:00,45.797123,45.108997
2020-05-30 19:00:00+00:00,44.792557,44.395
2020-05-30 20:00:00+00:00,43.392467,42.744
2020-05-30 21:00:00+00:00,40.225735,38.999
2020-05-30 22:00:00+00:00,37.18748,36.472
2020-05-30 23:00:00+00:00,35.57566,34.612003
2020-05-31 00:00:00+00:00,34.178925,33.442
2020-05-31 01:00:00+00:00,33.379272,32.829
2020-05-31 02:00:00+00:00,32.998714,32.397
2020-05-31 03:00:00+00:00,32.977,31.922998
2020-05-31 04:00:00+00:00,33.473022,32.507
2020-05-31 05:00:00+00:00,35.123837,34.612003
2020-05-31 06:00:00+00:00,38.361195,38.689003
2020-05-31 07:00:00+00:00,42.588238,41.941
2020-05-31 08:00:00+00:00,44.626606,44.448
2020-05-31 09:00:00+00:00,45.46827,46.888
2020-05-31 10:00:00+00:00,46.397434,47.343002
2020-05-31 11:00:00+00:00,45.778645,45.035
2020-05-31 12:00:00+00:00,43.931236,43.496
2020-05-31 13:00:00+00:00,43.13966,42.307
2020-05-31 14:00:00+00:00,42.72907,41.482
2020-05-31 15:00:00+00:00,42.95842,41.974003
2020-05-31 16:00:00+00:00,43.830906,42.927002
2020-05-31 17:00:00+00:00,44.27739,42.748
2020-05-31 18:00:00+00:00,43.502693,42.267002
2020-05-31 19:00:00+00:00,42.925884,41.474
2020-05-31 20:00:00+00:00,41.788975,40.873
2020-05-31 21:00:00+00:00,39.70341,37.794003
2020-05-31 22:00:00+00:00,36.235027,35.002003
2020-05-31 23:00:00+00:00,34.349434,33.277
2020-06-01 00:00:00+00:00,33.041016,32.669
2020-06-01 01:00:00+00:00,32.604195,32.039997
2020-06-01 02:00:00+00:00,32.27543,32.714
2020-06-01 03:00:00+00:00,33.33579,32.592
2020-06-01 04:00:00+00:00,33.742107,33.128998
2020-06-01 05:00:00+00:00,35.451065,35.362
2020-06-01 06:00:00+00:00,38.83472,38.72
2020-06-01 07:00:00+00:00,42.385654,42.116
2020-06-01 08:00:00+00:00,44.729904,44.012
2020-06-01 09:00:00+00:00,45.220284,47.128
2020-06-01 10:00:00+00:00,47.1417,46.287
2020-06-01 11:00:00+00:00,45.30055,44.957
2020-06-01 12:00:00+00:00,44.145218,43.329998
2020-06-01 13:00:00+00:00,43.160374,41.947998
2020-06-01 14:00:00+00:00,42.645336,42.222
2020-06-01 15:00:00+00:00,43.865055,42.646
2020-06-01 16:00:00+00:00,44.252663,44.217
2020-06-01 17:00:00+00:00,45.309185,44.460003
2020-06-01 18:00:00+00:00,44.658676,44.5
2020-06-01 19:00:00+00:00,44.4497,43.598
2020-06-01 20:00:00+00:00,43.27754,43.127
2020-06-01 21:00:00+00:00,41.488007,40.003998
2020-06-01 22:00:00+00:00,37.568665,37.365
2020-06-01 23:00:00+00:00,35.975304,36.385002
2020-06-02 00:00:00+00:00,35.201923,35.904
2020-06-02 01:00:00+00:00,35.556477,36.279
2020-06-02 02:00:00+00:00,36.866222,37.364002
2020-06-02 03:00:00+00:00,39.575375,40.791
2020-06-02 04:00:00+00:00,47.042355,48.378998
2020-06-02 05:00:00+00:00,54.790543,54.386
2020-06-02 06:00:00+00:00,57.537056,58.476
2020-06-02 07:00:00+00:00,59.15674,60.094
2020-06-02 08:00:00+00:00,60.090775,61.399
2020-06-02 09:00:00+00:00,60.702465,62.649002
2020-06-02 10:00:00+00:00,61.018078,63.075
2020-06-02 11:00:00+00:00,60.713295,62.611
2020-06-02 12:00:00+00:00,59.875465,60.213997
2020-06-02 13:00:00+00:00,57.48255,59.011
2020-06-02 14:00:00+00:00,56.851604,57.598
2020-06-02 15:00:00+00:00,56.04924,56.79
2020-06-02 16:00:00+00:00,55.688316,56.067
2020-06-02 17:00:00+00:00,54.690845,56.224003
2020-06-02 18:00:00+00:00,54.142586,54.384
2020-06-02 19:00:00+00:00,51.42648,52.094997
2020-06-02 20:00:00+00:00,49.558025,50.07
2020-06-02 21:00:00+00:00,46.03243,45.743
2020-06-02 22:00:00+00:00,42.395447,42.022
2020-06-02 23:00:00+00:00,40.34164,40.992
2020-06-03 00:00:00+00:00,40.076096,40.302002
2020-06-03 01:00:00+00:00,40.47549,40.14
2020-06-03 02:00:00+00:00,41.09643,41.053
2020-06-03 03:00:00+00:00,43.230125,43.458
2020-06-03 04:00:00+00:00,48.89952,50.207005
2020-06-03 05:00:00+00:00,55.562447,55.806004
2020-06-03 06:00:00+00:00,58.399506,59.606
2020-06-03 07:00:00+00:00,59.833405,60.781998
2020-06-03 08:00:00+00:00,60.238285,62.132
2020-06-03 09:00:00+00:00,60.95136,63.466
2020-06-03 10:00:00+00:00,61.39969,64.206
2020-06-03 11:00:00+00:00,61.460377,63.235
2020-06-03 12:00:00+00:00,60.21715,61.135998
2020-06-03 13:00:00+00:00,58.195076,59.918
2020-06-03 14:00:00+00:00,57.57889,59.174
2020-06-03 15:00:00+00:00,57.695156,59.239998
2020-06-03 16:00:00+00:00,57.94489,58.881
2020-06-03 17:00:00+00:00,56.777424,57.52
2020-06-03 18:00:00+00:00,54.60125,55.05
2020-06-03 19:00:00+00:00,52.202446,52.547
2020-06-03 20:00:00+00:00,49.929817,50.333
2020-06-03 21:00:00+00:00,46.343983,45.837997
2020-06-03 22:00:00+00:00,42.67761,42.719
2020-06-03 23:00:00+00:00,41.04617,41.077
2020-06-04 00:00:00+00:00,39.93037,40.772
2020-06-04 01:00:00+00:00,41.102554,40.847
2020-06-04 02:00:00+00:00,41.76267,41.939
2020-06-04 03:00:00+00:00,44.498905,44.429
2020-06-04 04:00:00+00:00,50.203243,50.593
2020-06-04 05:00:00+00:00,55.46334,56.219
2020-06-04 06:00:00+00:00,58.655212,59.156998
2020-06-04 07:00:00+00:00,59.245483,61.005997
2020-06-04 08:00:00+00:00,60.43498,62.746998
2020-06-04 09:00:00+00:00,61.380985,64.685005
2020-06-04 10:00:00+00:00,62.358852,65.104004
2020-06-04 11:00:00+00:00,62.178154,63.777
2020-06-04 12:00:00+00:00,60.62229,62.977997
2020-06-04 13:00:00+00:00,59.966175,62.142
2020-06-04 14:00:00+00:00,59.502674,61.083
2020-06-04 15:00:00+00:00,58.810997,60.696
2020-06-04 16:00:00+00:00,58.77899,60.321003
2020-06-04 17:00:00+00:00,57.89348,58.233
2020-06-04 18:00:00+00:00,55.194977,55.828003
2020-06-04 19:00:00+00:00,53.07086,52.878002
2020-06-04 20:00:00+00:00,50.122616,50.242
2020-06-04 21:00:00+00:00,46.38454,45.959
2020-06-04 22:00:00+00:00,42.96216,43.404
2020-06-04 23:00:00+00:00,41.69233,41.591
2020-06-05 00:00:00+00:00,40.38653,40.393997
2020-06-05 01:00:00+00:00,40.38617,41.051003
2020-06-05 02:00:00+00:00,42.16254,41.529
2020-06-05 03:00:00+00:00,43.118816,44.177998
2020-06-05 04:00:00+00:00,49.846546,50.951
2020-06-05 05:00:00+00:00,56.012085,55.996998
2020-06-05 06:00:00+00:00,58.349983,59.55
2020-06-05 07:00:00+00:00,59.75604,61.045
2020-06-05 08:00:00+00:00,60.45491,62.064003
2020-06-05 09:00:00+00:00,60.699966,63.914
2020-06-05 10:00:00+00:00,61.807095,63.876003
2020-06-05 11:00:00+00:00,61.090492,61.656002
2020-06-05 12:00:00+00:00,58.618015,60.385002
2020-06-05 13:00:00+00:00,57.800026,59.326
2020-06-05 14:00:00+00:00,57.427143,58.368004
2020-06-05 15:00:00+00:00,57.063587,58.723
2020-06-05 16:00:00+00:00,57.778515,58.069
2020-06-05 17:00:00+00:00,55.977985,56.773003
2020-06-05 18:00:00+00:00,54.035137,53.571003
2020-06-05 19:00:00+00:00,50.726048,51.329998
2020-06-05 20:00:00+00:00,48.954666,49.365997
2020-06-05 21:00:00+00:00,45.368027,45.135998
2020-06-05 22:00:00+00:00,42.123383,42.87
2020-06-05 23:00:00+00:00,41.095642,41.212
2020-06-06 00:00:00+00:00,40.046432,39.525
2020-06-06 01:00:00+00:00,39.24537,38.864
2020-06-06 02:00:00+00:00,38.946793,38.859
2020-06-06 03:00:00+00:00,38.818287,39.015
2020-06-06 04:00:00+00:00,39.522392,40.017002
2020-06-06 05:00:00+00:00,42.624836,42.824
2020-06-06 06:00:00+00:00,45.855324,47.236
2020-06-06 07:00:00+00:00,50.070133,50.297
2020-06-06 08:00:00+00:00,51.53089,52.556
2020-06-06 09:00:00+00:00,52.02866,54.707
2020-06-06 10:00:00+00:00,53.33777,53.42
2020-06-06 11:00:00+00:00,50.700043,51.731
2020-06-06 12:00:00+00:00,49.080517,50.26
2020-06-06 13:00:00+00:00,48.494507,48.954998
2020-06-06 14:00:00+00:00,48.222546,48.01
2020-06-06 15:00:00+00:00,48.132404,48.56
2020-06-06 16:00:00+00:00,49.21893,49.598
2020-06-06 17:00:00+00:00,49.498146,48.511997
2020-06-06 18:00:00+00:00,47.259293,46.263004
2020-06-06 19:00:00+00:00,45.397198,44.638
2020-06-06 20:00:00+00:00,43.83601,43.762
2020-06-06 21:00:00+00:00,41.510654,40.814
2020-06-06 22:00:00+00:00,38.331226,38.362
2020-06-06 23:00:00+00:00,36.808647,36.221
2020-06-07 00:00:00+00:00,35.24989,34.933002
2020-06-07 01:00:00+00:00,34.45402,34.670002
2020-06-07 02:00:00+00:00,34.584072,34.427
2020-06-07 03:00:00+00:00,34.220722,34.1
2020-06-07 04:00:00+00:00,35.046246,35.185
2020-06-07 05:00:00+00:00,37.497017,37.078
2020-06-07 06:00:00+00:00,40.667522,40.498
2020-06-07 07:00:00+00:00,43.764324,43.870003
2020-06-07 08:00:00+00:00,46.045326,46.485
2020-06-07 09:00:00+00:00,47.21798,49.286
2020-06-07 10:00:00+00:00,48.775425,49.549
2020-06-07 11:00:00+00:00,47.68137,48.197
2020-06-07 12:00:00+00:00,46.126335,46.082
2020-06-07 13:00:00+00:00,44.686844,44.854
2020-06-07 14:00:00+00:00,44.62181,44.175
2020-06-07 15:00:00+00:00,44.98461,45.054
2020-06-07 16:00:00+00:00,46.382,46.151
2020-06-07 17:00:00+00:00,46.80171,45.407
2020-06-07 18:00:00+00:00,45.28826,43.674
2020-06-07 19:00:00+00:00,43.812363,43.190002
2020-06-07 20:00:00+00:00,43.112152,43.283
2020-06-07 21:00:00+00:00,41.532562,40.625
2020-06-07 22:00:00+00:00,37.975002,39.156002
2020-06-07 23:00:00+00:00,37.265163,37.538998
2020-06-08 00:00:00+00:00,36.05371,36.875
2020-06-08 01:00:00+00:00,36.52597,36.857002
2020-06-08 02:00:00+00:00,37.12949,38.7
2020-06-08 03:00:00+00:00,41.46601,41.642998
2020-06-08 04:00:00+00:00,47.911102,48.612
2020-06-08 05:00:00+00:00,54.643497,54.602997
2020-06-08 06:00:00+00:00,57.619278,58.192
2020-06-08 07:00:00+00:00,58.790215,58.920998
2020-06-08 08:00:00+00:00,58.940342,59.859997
2020-06-08 09:00:00+00:00,59.322952,62.726997
2020-06-08 10:00:00+00:00,61.247505,62.737
2020-06-08 11:00:00+00:00,60.261738,60.81
2020-06-08 12:00:00+00:00,58.087017,59.404
2020-06-08 13:00:00+00:00,57.135307,57.981
2020-06-08 14:00:00+00:00,56.190014,56.704002
2020-06-08 15:00:00+00:00,55.60662,56.837
2020-06-08 16:00:00+00:00,56.26889,56.244003
2020-06-08 17:00:00+00:00,54.648388,55.927998
2020-06-08 18:00:00+00:00,53.672012,53.798
2020-06-08 19:00:00+00:00,50.93988,51.718998
2020-06-08 20:00:00+00:00,49.13345,50.063
2020-06-08 21:00:00+00:00,46.097878,45.47
2020-06-08 22:00:00+00:00,42.27402,42.671
2020-06-08 23:00:00+00:00,40.985855,41.503998
2020-06-09 00:00:00+00:00,40.573685,40.651
2020-06-09 01:00:00+00:00,40.848904,40.538998
2020-06-09 02:00:00+00:00,41.35586,41.322998
2020-06-09 03:00:00+00:00,43.14736,43.896
2020-06-09 04:00:00+00:00,49.361553,49.896
2020-06-09 05:00:00+00:00,54.884377,56.016
2020-06-09 06:00:00+00:00,58.60375,59.236004
2020-06-09 07:00:00+00:00,59.314945,60.384
2020-06-09 08:00:00+00:00,59.70607,61.586
2020-06-09 09:00:00+00:00,60.415737,63.524
2020-06-09 10:00:00+00:00,61.427128,63.43
2020-06-09 11:00:00+00:00,60.64266,62.023
2020-06-09 12:00:00+00:00,59.088543,60.569004
2020-06-09 13:00:00+00:00,57.875553,59.766
2020-06-09 14:00:00+00:00,57.818794,58.233
2020-06-09 15:00:00+00:00,56.5405,58.378002
2020-06-09 16:00:00+00:00,57.4038,57.968002
2020-06-09 17:00:00+00:00,56.04436,57.141003
2020-06-09 18:00:00+00:00,54.43872,54.946003
2020-06-09 19:00:00+00:00,52.066425,52.573
2020-06-09 20:00:00+00:00,49.865417,50.528
2020-06-09 21:00:00+00:00,46.575134,45.555
2020-06-09 22:00:00+00:00,42.46607,42.286
2020-06-09 23:00:00+00:00,40.81764,40.398003
2020-06-10 00:00:00+00:00,39.362118,40.168003
2020-06-10 01:00:00+00:00,40.56714,40.350002
2020-06-10 02:00:00+00:00,41.277107,41.219
2020-06-10 03:00:00+00:00,43.32206,43.867
2020-06-10 04:00:00+00:00,49.4756,50.517002
2020-06-10 05:00:00+00:00,55.422405,55.883
2020-06-10 06:00:00+00:00,58.203716,59.293003
2020-06-10 07:00:00+00:00,59.35692,60.152
2020-06-10 08:00:00+00:00,59.510117,61.661003
2020-06-10 09:00:00+00:00,60.372597,63.144
2020-06-10 10:00:00+00:00,60.95189,63.035004
2020-06-10 11:00:00+00:00,60.23307,61.584
2020-06-10 12:00:00+00:00,58.67818,59.681004
2020-06-10 13:00:00+00:00,57.021652,58.755
2020-06-10 14:00:00+00:00,57.05451,57.882
2020-06-10 15:00:00+00:00,56.736206,57.493004
2020-06-10 16:00:00+00:00,56.351204,57.11
2020-06-10 17:00:00+00:00,55.31617,55.570004
2020-06-10 18:00:00+00:00,53.096798,53.406
2020-06-10 19:00:00+00:00,50.8093,51.344
2020-06-10 20:00:00+00:00,48.693127,48.792
2020-06-10 21:00:00+00:00,44.771053,45.025
2020-06-10 22:00:00+00:00,42.084774,41.566
2020-06-10 23:00:00+00:00,39.966015,39.896
2020-06-11 00:00:00+00:00,39.048763,38.446
2020-06-11 01:00:00+00:00,38.162476,38.122
2020-06-11 02:00:00+00:00,38.38446,38.303
2020-06-11 03:00:00+00:00,38.46798,39.029
2020-06-11 04:00:00+00:00,40.116486,41.033
2020-06-11 05:00:00+00:00,44.36615,43.498
2020-06-11 06:00:00+00:00,46.407913,46.345
2020-06-11 07:00:00+00:00,48.45004,48.531002
2020-06-11 08:00:00+00:00,49.377277,50.784
2020-06-11 09:00:00+00:00,50.424744,52.953
2020-06-11 10:00:00+00:00,51.794666,53.267
2020-06-11 11:00:00+00:00,51.136024,52.092
2020-06-11 12:00:00+00:00,49.523247,50.476
2020-06-11 13:00:00+00:00,48.327232,48.93
2020-06-11 14:00:00+00:00,47.71709,48.174
2020-06-11 15:00:00+00:00,48.11537,48.416
2020-06-11 16:00:00+00:00,48.75227,48.697
2020-06-11 17:00:00+00:00,48.48036,48.132004
2020-06-11 18:00:00+00:00,47.27785,46.544003
2020-06-11 19:00:00+00:00,45.69047,45.586998
2020-06-11 20:00:00+00:00,44.60848,45.005
2020-06-11 21:00:00+00:00,42.602127,41.506
2020-06-11 22:00:00+00:00,38.92888,39.207
2020-06-11 23:00:00+00:00,37.61878,37.481
2020-06-12 00:00:00+00:00,36.284508,36.423
2020-06-12 01:00:00+00:00,36.078964,36.311
2020-06-12 02:00:00+00:00,36.435047,37.194
2020-06-12 03:00:00+00:00,38.13172,39.36
2020-06-12 04:00:00+00:00,42.650505,44.697998
2020-06-12 05:00:00+00:00,50.18215,49.566
2020-06-12 06:00:00+00:00,53.233604,52.762
2020-06-12 07:00:00+00:00,54.219296,53.843
2020-06-12 08:00:00+00:00,53.939114,54.836
2020-06-12 09:00:00+00:00,54.05498,56.038002
2020-06-12 10:00:00+00:00,54.594902,56.672
2020-06-12 11:00:00+00:00,55.207806,55.332
2020-06-12 12:00:00+00:00,53.595192,54.157
2020-06-12 13:00:00+00:00,52.711414,53.288002
2020-06-12 14:00:00+00:00,52.488953,52.158997
2020-06-12 15:00:00+00:00,51.360023,51.888
2020-06-12 16:00:00+00:00,51.394188,52.045
2020-06-12 17:00:00+00:00,51.05197,50.899998
2020-06-12 18:00:00+00:00,49.06465,48.947
2020-06-12 19:00:00+00:00,47.327587,47.107002
2020-06-12 20:00:00+00:00,44.77407,46.364002
2020-06-12 21:00:00+00:00,43.14612,43.154
2020-06-12 22:00:00+00:00,40.379883,39.341
2020-06-12 23:00:00+00:00,38.025845,37.794003
2020-06-13 00:00:00+00:00,37.113148,37.22
2020-06-13 01:00:00+00:00,37.16113,36.071
2020-06-13 02:00:00+00:00,36.040535,35.947998
2020-06-13 03:00:00+00:00,35.82232,36.173
2020-06-13 04:00:00+00:00,37.22441,38.008
2020-06-13 05:00:00+00:00,40.99039,41.343998
2020-06-13 06:00:00+00:00,44.81912,45.069
2020-06-13 07:00:00+00:00,47.759426,47.464996
2020-06-13 08:00:00+00:00,48.589478,49.958
2020-06-13 09:00:00+00:00,49.734604,50.965
2020-06-13 10:00:00+00:00,49.314037,51.559
2020-06-13 11:00:00+00:00,49.426132,50.299
2020-06-13 12:00:00+00:00,47.95742,49.33
2020-06-13 13:00:00+00:00,47.587547,48.465996
2020-06-13 14:00:00+00:00,47.59534,47.596
2020-06-13 15:00:00+00:00,47.272408,48.952
2020-06-13 16:00:00+00:00,49.40719,48.969997
2020-06-13 17:00:00+00:00,48.309597,47.532
2020-06-13 18:00:00+00:00,46.50528,44.718
2020-06-13 19:00:00+00:00,44.479034,43.953
2020-06-13 20:00:00+00:00,43.384933,42.728
2020-06-13 21:00:00+00:00,40.326065,39.893
2020-06-13 22:00:00+00:00,37.831127,37.94
2020-06-13 23:00:00+00:00,36.48963,36.128002
2020-06-14 00:00:00+00:00,35.177204,34.938
2020-06-14 01:00:00+00:00,34.632084,34.589
2020-06-14 02:00:00+00:00,34.61333,34.121
2020-06-14 03:00:00+00:00,34.035088,33.709
2020-06-14 04:00:00+00:00,34.77751,34.655
2020-06-14 05:00:00+00:00,36.985584,37.214
2020-06-14 06:00:00+00:00,40.951927,40.593
2020-06-14 07:00:00+00:00,43.9944,43.274002
2020-06-14 08:00:00+00:00,45.46449,45.960003
2020-06-14 09:00:00+00:00,46.72791,48.75
2020-06-14 10:00:00+00:00,48.258327,49.045998
2020-06-14 11:00:00+00:00,47.365173,47.141003
2020-06-14 12:00:00+00:00,45.445827,45.857002
2020-06-14 13:00:00+00:00,44.659668,45.163
2020-06-14 14:00:00+00:00,44.968113,44.571
2020-06-14 15:00:00+00:00,45.270584,45.687
2020-06-14 16:00:00+00:00,46.779186,46.828
2020-06-14 17:00:00+00:00,47.15537,46.539
2020-06-14 18:00:00+00:00,46.11246,45.257
2020-06-14 19:00:00+00:00,44.910606,44.045
2020-06-14 20:00:00+00:00,43.683727,43.211002
2020-06-14 21:00:00+00:00,41.403732,40.192
2020-06-14 22:00:00+00:00,37.976994,38.239998
2020-06-14 23:00:00+00:00,36.716965,37.217
2020-06-15 00:00:00+00:00,36.006973,36.428
2020-06-15 01:00:00+00:00,36.17475,36.373
2020-06-15 02:00:00+00:00,36.788948,37.071003
2020-06-15 03:00:00+00:00,38.37611,40.466
2020-06-15 04:00:00+00:00,45.847466,48.536
2020-06-15 05:00:00+00:00,54.952724,54.732998
2020-06-15 06:00:00+00:00,57.752705,58.337997
2020-06-15 07:00:00+00:00,58.80534,59.105
2020-06-15 08:00:00+00:00,59.22221,61.211998
2020-06-15 09:00:00+00:00,60.618015,63.316
2020-06-15 10:00:00+00:00,61.508293,62.673
2020-06-15 11:00:00+00:00,60.122387,61.064
2020-06-15 12:00:00+00:00,58.41554,60.119003
2020-06-15 13:00:00+00:00,57.665695,59.344
2020-06-15 14:00:00+00:00,57.377563,58.072
2020-06-15 15:00:00+00:00,56.407925,57.393997
2020-06-15 16:00:00+00:00,56.06174,57.887997
2020-06-15 17:00:00+00:00,56.182858,56.456997
2020-06-15 18:00:00+00:00,53.64917,53.510002
2020-06-15 19:00:00+00:00,50.775875,50.874
2020-06-15 20:00:00+00:00,48.441208,48.831
2020-06-15 21:00:00+00:00,44.985195,44.636
2020-06-15 22:00:00+00:00,41.703236,41.599003
2020-06-15 23:00:00+00:00,40.101505,40.099003
2020-06-16 00:00:00+00:00,39.092373,39.156002
2020-06-16 01:00:00+00:00,39.260567,39.135998
2020-06-16 02:00:00+00:00,39.91315,40.056
2020-06-16 03:00:00+00:00,41.851368,43.529
2020-06-16 04:00:00+00:00,49.963097,51.445
2020-06-16 05:00:00+00:00,56.61941,56.906002
2020-06-16 06:00:00+00:00,58.938835,60.28
2020-06-16 07:00:00+00:00,60.115635,61.203003
2020-06-16 08:00:00+00:00,60.72769,62.682
2020-06-16 09:00:00+00:00,61.413322,64.263
2020-06-16 10:00:00+00:00,62.04264,64.439
2020-06-16 11:00:00+00:00,61.570072,63.336998
2020-06-16 12:00:00+00:00,60.22764,60.978
2020-06-16 13:00:00+00:00,58.00553,59.782
2020-06-16 14:00:00+00:00,57.41731,58.714
2020-06-16 15:00:00+00:00,57.14814,58.047
2020-06-16 16:00:00+00:00,56.749397,57.749
2020-06-16 17:00:00+00:00,55.98792,56.47
2020-06-16 18:00:00+00:00,53.828224,54.418
2020-06-16 19:00:00+00:00,51.59502,51.809998
2020-06-16 20:00:00+00:00,49.027637,49.414
2020-06-16 21:00:00+00:00,45.402397,45.510002
2020-06-16 22:00:00+00:00,42.31714,42.381
2020-06-16 23:00:00+00:00,40.596443,40.602
2020-06-17 00:00:00+00:00,39.52282,40.105
2020-06-17 01:00:00+00:00,40.36123,40.0
2020-06-17 02:00:00+00:00,40.767426,41.009003
2020-06-17 03:00:00+00:00,43.175686,43.673
2020-06-17 04:00:00+00:00,49.34538,50.613003
2020-06-17 05:00:00+00:00,55.624153,56.576
2020-06-17 06:00:00+00:00,58.857002,59.77
2020-06-17 07:00:00+00:00,59.59681,60.823
2020-06-17 08:00:00+00:00,60.17879,61.982
2020-06-17 09:00:00+00:00,60.7395,63.835
2020-06-17 10:00:00+00:00,61.62989,63.823
2020-06-17 11:00:00+00:00,60.980145,62.52
2020-06-17 12:00:00+00:00,59.47752,61.069
2020-06-17 13:00:00+00:00,58.238846,60.206
2020-06-17 14:00:00+00:00,58.00137,59.717
2020-06-17 15:00:00+00:00,58.102146,59.544003
2020-06-17 16:00:00+00:00,57.87141,59.071
2020-06-17 17:00:00+00:00,56.64261,57.498
2020-06-17 18:00:00+00:00,54.426586,54.932
2020-06-17 19:00:00+00:00,52.062435,52.305
2020-06-17 20:00:00+00:00,49.542145,49.534
2020-06-17 21:00:00+00:00,45.51044,45.834
2020-06-17 22:00:00+00:00,42.8522,42.903
2020-06-17 23:00:00+00:00,41.114853,40.938
2020-06-18 00:00:00+00:00,39.93679,40.065002
2020-06-18 01:00:00+00:00,40.20703,39.913
2020-06-18 02:00:00+00:00,40.59863,41.281002
2020-06-18 03:00:00+00:00,43.569523,43.971
2020-06-18 04:00:00+00:00,49.85656,50.699
2020-06-18 05:00:00+00:00,55.752895,57.201
2020-06-18 06:00:00+00:00,59.517426,60.483
2020-06-18 07:00:00+00:00,60.170444,61.718002
2020-06-18 08:00:00+00:00,60.93874,63.103
2020-06-18 09:00:00+00:00,61.838375,64.29401
2020-06-18 10:00:00+00:00,62.014645,63.598003
2020-06-18 11:00:00+00:00,60.766254,62.562
2020-06-18 12:00:00+00:00,59.61449,61.090004
2020-06-18 13:00:00+00:00,58.276062,60.628002
2020-06-18 14:00:00+00:00,58.590233,58.687
2020-06-18 15:00:00+00:00,56.784504,58.725002
2020-06-18 16:00:00+00:00,57.543377,57.889
2020-06-18 17:00:00+00:00,55.88754,56.757
2020-06-18 18:00:00+00:00,54.124725,53.788002
2020-06-18 19:00:00+00:00,50.927616,51.184002
2020-06-18 20:00:00+00:00,48.71027,49.308
2020-06-18 21:00:00+00:00,45.354652,45.163
2020-06-18 22:00:00+00:00,42.05476,42.661
2020-06-18 23:00:00+00:00,40.891598,40.126003
2020-06-19 00:00:00+00:00,38.9217,39.523
2020-06-19 01:00:00+00:00,39.712658,40.146
2020-06-19 02:00:00+00:00,41.07089,40.802
2020-06-19 03:00:00+00:00,42.728928,43.211998
2020-06-19 04:00:00+00:00,48.380756,49.817
2020-06-19 05:00:00+00:00,54.73719,55.641003
2020-06-19 06:00:00+00:00,58.011925,58.803005
2020-06-19 07:00:00+00:00,58.760757,59.488
2020-06-19 08:00:00+00:00,58.82975,61.0
2020-06-19 09:00:00+00:00,59.76683,61.969997
2020-06-19 10:00:00+00:00,59.78636,61.384
2020-06-19 11:00:00+00:00,58.70159,59.323
2020-06-19 12:00:00+00:00,56.57507,57.749
2020-06-19 13:00:00+00:00,55.655148,56.957
2020-06-19 14:00:00+00:00,56.034763,56.546
2020-06-19 15:00:00+00:00,56.082493,56.257
2020-06-19 16:00:00+00:00,55.29431,55.824
2020-06-19 17:00:00+00:00,54.093796,54.945004
2020-06-19 18:00:00+00:00,52.470276,52.2
2020-06-19 19:00:00+00:00,49.433216,49.539
2020-06-19 20:00:00+00:00,46.88017,47.076
2020-06-19 21:00:00+00:00,43.358517,43.232002
2020-06-19 22:00:00+00:00,40.732906,40.274002
2020-06-19 23:00:00+00:00,38.923294,38.518
2020-06-20 00:00:00+00:00,37.674374,37.477
2020-06-20 01:00:00+00:00,37.355404,36.925
2020-06-20 02:00:00+00:00,36.92328,36.959
2020-06-20 03:00:00+00:00,36.88253,36.406002
2020-06-20 04:00:00+00:00,37.308414,38.291
2020-06-20 05:00:00+00:00,41.11949,41.539
2020-06-20 06:00:00+00:00,44.732082,45.063
2020-06-20 07:00:00+00:00,47.612858,47.674
2020-06-20 08:00:00+00:00,48.81998,49.836998
2020-06-20 09:00:00+00:00,49.48339,51.989
2020-06-20 10:00:00+00:00,50.44243,51.916004
2020-06-20 11:00:00+00:00,49.395824,50.079
2020-06-20 12:00:00+00:00,47.485134,48.182
2020-06-20 13:00:00+00:00,46.37322,46.532
2020-06-20 14:00:00+00:00,45.809246,46.780003
2020-06-20 15:00:00+00:00,47.58563,47.004
2020-06-20 16:00:00+00:00,47.49421,47.787
2020-06-20 17:00:00+00:00,47.79503,47.213997
2020-06-20 18:00:00+00:00,46.40053,44.661
2020-06-20 19:00:00+00:00,44.26506,43.045998
2020-06-20 20:00:00+00:00,42.43623,42.063
2020-06-20 21:00:00+00:00,39.849392,38.920002
2020-06-20 22:00:00+00:00,36.988243,36.94
2020-06-20 23:00:00+00:00,35.718166,34.842003
2020-06-21 00:00:00+00:00,34.179348,33.881
2020-06-21 01:00:00+00:00,33.673107,33.092
2020-06-21 02:00:00+00:00,33.0489,32.918
2020-06-21 03:00:00+00:00,33.188667,32.743
2020-06-21 04:00:00+00:00,34.052155,33.733
2020-06-21 05:00:00+00:00,36.284477,35.698
2020-06-21 06:00:00+00:00,39.524097,39.121
2020-06-21 07:00:00+00:00,42.711166,41.989002
2020-06-21 08:00:00+00:00,44.370407,44.821
2020-06-21 09:00:00+00:00,45.792892,46.896
2020-06-21 10:00:00+00:00,46.448475,46.18
2020-06-21 11:00:00+00:00,44.961407,44.573997
2020-06-21 12:00:00+00:00,43.740337,42.789
2020-06-21 13:00:00+00:00,42.798176,42.632
2020-06-21 14:00:00+00:00,43.406384,42.47
2020-06-21 15:00:00+00:00,43.884556,43.617
2020-06-21 16:00:00+00:00,45.07498,45.432
2020-06-21 17:00:00+00:00,46.101627,45.76
2020-06-21 18:00:00+00:00,45.548203,44.781998
2020-06-21 19:00:00+00:00,44.487278,43.961998
2020-06-21 20:00:00+00:00,43.47582,43.95
2020-06-21 21:00:00+00:00,42.051155,40.801003
2020-06-21 22:00:00+00:00,38.188988,38.336998
2020-06-21 23:00:00+00:00,36.781353,36.594
2020-06-22 00:00:00+00:00,35.50926,36.054
2020-06-22 01:00:00+00:00,35.888695,36.332
2020-06-22 02:00:00+00:00,36.93075,37.429
2020-06-22 03:00:00+00:00,39.4761,40.888
2020-06-22 04:00:00+00:00,47.12526,49.146
2020-06-22 05:00:00+00:00,55.573917,56.369003
2020-06-22 06:00:00+00:00,59.243587,60.118
2020-06-22 07:00:00+00:00,60.16004,60.819
2020-06-22 08:00:00+00:00,60.777485,61.818
2020-06-22 09:00:00+00:00,61.379486,63.830997
2020-06-22 10:00:00+00:00,62.162704,63.661
2020-06-22 11:00:00+00:00,61.145844,62.099003
2020-06-22 12:00:00+00:00,59.28394,60.331
2020-06-22 13:00:00+00:00,57.663193,59.067
2020-06-22 14:00:00+00:00,56.93286,58.131
2020-06-22 15:00:00+00:00,56.8226,57.104004
2020-06-22 16:00:00+00:00,55.9513,56.859
2020-06-22 17:00:00+00:00,55.439796,56.048
2020-06-22 18:00:00+00:00,53.67454,54.638004
2020-06-22 19:00:00+00:00,51.816917,51.408997
2020-06-22 20:00:00+00:00,48.518654,49.328
2020-06-22 21:00:00+00:00,45.600338,45.561
2020-06-22 22:00:00+00:00,42.17955,42.528
2020-06-22 23:00:00+00:00,40.660545,40.567
2020-06-23 00:00:00+00:00,39.37195,39.817
2020-06-23 01:00:00+00:00,39.97579,39.672
2020-06-23 02:00:00+00:00,40.39622,40.52
2020-06-23 03:00:00+00:00,42.31892,43.401
2020-06-23 04:00:00+00:00,49.187546,50.39
2020-06-23 05:00:00+00:00,55.665985,56.483
2020-06-23 06:00:00+00:00,58.889565,60.085003
2020-06-23 07:00:00+00:00,60.01459,60.907
2020-06-23 08:00:00+00:00,60.277832,62.627003
2020-06-23 09:00:00+00:00,61.4514,64.318
2020-06-23 10:00:00+00:00,62.1037,63.494
2020-06-23 11:00:00+00:00,60.607452,62.566
2020-06-23 12:00:00+00:00,59.62353,61.354
2020-06-23 13:00:00+00:00,58.540752,59.837997
2020-06-23 14:00:00+00:00,57.370274,58.349003
2020-06-23 15:00:00+00:00,56.602077,58.098003
2020-06-23 16:00:00+00:00,57.00093,57.852
2020-06-23 17:00:00+00:00,56.09114,56.635998
2020-06-23 18:00:00+00:00,53.978016,55.336002
2020-06-23 19:00:00+00:00,52.413696,52.301
2020-06-23 20:00:00+00:00,49.261692,50.427002
2020-06-23 21:00:00+00:00,46.691113,45.643
2020-06-23 22:00:00+00:00,42.306934,42.698
2020-06-23 23:00:00+00:00,41.062313,41.721
2020-06-24 00:00:00+00:00,40.664658,40.958
2020-06-24 01:00:00+00:00,41.147137,40.985
2020-06-24 02:00:00+00:00,41.92428,41.662003
2020-06-24 03:00:00+00:00,43.61005,43.689
2020-06-24 04:00:00+00:00,48.485416,50.685
2020-06-24 05:00:00+00:00,55.796875,56.899
2020-06-24 06:00:00+00:00,59.280796,60.384
2020-06-24 07:00:00+00:00,60.18264,61.504
2020-06-24 08:00:00+00:00,60.815758,62.849
2020-06-24 09:00:00+00:00,61.630943,63.961
2020-06-24 10:00:00+00:00,61.776768,63.952003
2020-06-24 11:00:00+00:00,61.1882,63.093
2020-06-24 12:00:00+00:00,60.15137,61.477997
2020-06-24 13:00:00+00:00,58.615917,60.083
2020-06-24 14:00:00+00:00,57.668205,58.836002
2020-06-24 15:00:00+00:00,57.200058,58.268997
2020-06-24 16:00:00+00:00,57.04545,58.339
2020-06-24 17:00:00+00:00,56.68244,57.204
2020-06-24 18:00:00+00:00,54.444767,54.971
2020-06-24 19:00:00+00:00,52.147614,52.535
2020-06-24 20:00:00+00:00,49.80846,50.126003
2020-06-24 21:00:00+00:00,46.05415,45.814
2020-06-24 22:00:00+00:00,42.658333,43.725002
2020-06-24 23:00:00+00:00,41.85576,41.844
2020-06-25 00:00:00+00:00,40.524185,41.385998
2020-06-25 01:00:00+00:00,41.67465,40.89
2020-06-25 02:00:00+00:00,41.32431,41.857
2020-06-25 03:00:00+00:00,43.665783,43.956997
2020-06-25 04:00:00+00:00,48.721764,50.837
2020-06-25 05:00:00+00:00,55.804344,56.507004
2020-06-25 06:00:00+00:00,58.849564,59.968
2020-06-25 07:00:00+00:00,59.86111,61.432003
2020-06-25 08:00:00+00:00,60.7146,63.089005
2020-06-25 09:00:00+00:00,61.68523,64.491005
2020-06-25 10:00:00+00:00,62.174065,64.503006
2020-06-25 11:00:00+00:00,61.645588,63.382004
2020-06-25 12:00:00+00:00,60.357594,62.092
2020-06-25 13:00:00+00:00,59.176495,60.678
2020-06-25 14:00:00+00:00,58.144466,59.192
2020-06-25 15:00:00+00:00,57.278427,58.596
2020-06-25 16:00:00+00:00,57.28003,57.836
2020-06-25 17:00:00+00:00,56.098843,56.991
2020-06-25 18:00:00+00:00,54.6042,54.906002
2020-06-25 19:00:00+00:00,52.195236,52.227997
2020-06-25 20:00:00+00:00,49.547115,49.918
2020-06-25 21:00:00+00:00,45.95906,46.353
2020-06-25 22:00:00+00:00,43.076214,43.395
2020-06-25 23:00:00+00:00,41.385937,41.797
2020-06-26 00:00:00+00:00,40.676975,40.687
2020-06-26 01:00:00+00:00,40.533096,40.553
2020-06-26 02:00:00+00:00,41.09579,41.239002
2020-06-26 03:00:00+00:00,42.545,43.527
2020-06-26 04:00:00+00:00,48.1942,49.843
2020-06-26 05:00:00+00:00,54.923676,55.698
2020-06-26 06:00:00+00:00,58.270763,59.227
2020-06-26 07:00:00+00:00,59.321762,59.891
2020-06-26 08:00:00+00:00,59.205627,61.497
2020-06-26 09:00:00+00:00,60.32223,62.708004
2020-06-26 10:00:00+00:00,60.56965,62.109
2020-06-26 11:00:00+00:00,59.38205,60.308002
2020-06-26 12:00:00+00:00,57.57376,59.194004
2020-06-26 13:00:00+00:00,57.00387,57.944
2020-06-26 14:00:00+00:00,56.39057,57.118
2020-06-26 15:00:00+00:00,56.287914,56.266003
2020-06-26 16:00:00+00:00,55.309025,54.911003
2020-06-26 17:00:00+00:00,53.373764,53.348
2020-06-26 18:00:00+00:00,51.371788,51.381996
2020-06-26 19:00:00+00:00,49.25878,49.472004
2020-06-26 20:00:00+00:00,47.153522,47.683
2020-06-26 21:00:00+00:00,43.991676,44.434
2020-06-26 22:00:00+00:00,41.387775,41.378002
2020-06-26 23:00:00+00:00,39.58602,39.877
2020-06-27 00:00:00+00:00,38.84007,38.385998
2020-06-27 01:00:00+00:00,37.854427,37.797
2020-06-27 02:00:00+00:00,37.612362,37.717
2020-06-27 03:00:00+00:00,37.496048,37.27
2020-06-27 04:00:00+00:00,37.997787,38.446
2020-06-27 05:00:00+00:00,40.953842,41.533
2020-06-27 06:00:00+00:00,44.650063,46.205
2020-06-27 07:00:00+00:00,49.090992,49.354004
2020-06-27 08:00:00+00:00,50.723415,51.163
2020-06-27 09:00:00+00:00,50.471394,52.074
2020-06-27 10:00:00+00:00,50.123512,52.417
2020-06-27 11:00:00+00:00,50.031685,51.057
2020-06-27 12:00:00+00:00,48.56716,49.524002
2020-06-27 13:00:00+00:00,47.69758,49.166
2020-06-27 14:00:00+00:00,48.81727,49.231003
2020-06-27 15:00:00+00:00,49.330288,49.584
2020-06-27 16:00:00+00:00,49.408756,49.089
2020-06-27 17:00:00+00:00,48.23739,48.647
2020-06-27 18:00:00+00:00,47.632683,46.554996
2020-06-27 19:00:00+00:00,45.605637,44.588
2020-06-27 20:00:00+00:00,43.691475,43.905
2020-06-27 21:00:00+00:00,41.62928,41.484
2020-06-27 22:00:00+00:00,38.911495,39.539
2020-06-27 23:00:00+00:00,37.830475,37.109
2020-06-28 00:00:00+00:00,36.00066,35.363
2020-06-28 01:00:00+00:00,35.01437,35.006
2020-06-28 02:00:00+00:00,34.946278,34.855
2020-06-28 03:00:00+00:00,34.758785,34.332
2020-06-28 04:00:00+00:00,35.191315,35.336998
2020-06-28 05:00:00+00:00,37.552696,37.66
2020-06-28 06:00:00+00:00,41.2878,40.979
2020-06-28 07:00:00+00:00,44.292473,44.228
2020-06-28 08:00:00+00:00,46.43531,46.781
2020-06-28 09:00:00+00:00,47.495384,48.802
2020-06-28 10:00:00+00:00,48.19472,48.717003
2020-06-28 11:00:00+00:00,47.047565,46.809002
2020-06-28 12:00:00+00:00,45.28212,46.145
2020-06-28 13:00:00+00:00,45.065926,45.363
2020-06-28 14:00:00+00:00,45.196533,44.973
2020-06-28 15:00:00+00:00,45.659054,45.221
2020-06-28 16:00:00+00:00,46.056644,46.523
2020-06-28 17:00:00+00:00,47.00179,45.431
2020-06-28 18:00:00+00:00,45.136192,44.42
2020-06-28 19:00:00+00:00,44.46904,43.858
2020-06-28 20:00:00+00:00,43.62368,44.548
2020-06-28 21:00:00+00:00,42.985615,41.599003
2020-06-28 22:00:00+00:00,38.709873,38.963
2020-06-28 23:00:00+00:00,37.197407,37.932
2020-06-29 00:00:00+00:00,36.53215,37.350002
2020-06-29 01:00:00+00:00,36.95631,36.892
2020-06-29 02:00:00+00:00,37.12825,38.342
2020-06-29 03:00:00+00:00,40.422813,41.802002
2020-06-29 04:00:00+00:00,48.227947,48.934002
2020-06-29 05:00:00+00:00,55.119816,55.413002
2020-06-29 06:00:00+00:00,58.401176,59.387
2020-06-29 07:00:00+00:00,59.855618,61.034
2020-06-29 08:00:00+00:00,60.85341,62.556004
2020-06-29 09:00:00+00:00,61.80921,63.927
2020-06-29 10:00:00+00:00,62.171585,63.49
2020-06-29 11:00:00+00:00,61.042183,62.386
2020-06-29 12:00:00+00:00,59.68169,61.738
2020-06-29 13:00:00+00:00,59.05779,60.703
2020-06-29 14:00:00+00:00,58.284325,59.779
2020-06-29 15:00:00+00:00,57.912254,59.839
2020-06-29 16:00:00+00:00,58.30926,59.024
2020-06-29 17:00:00+00:00,56.6978,57.214
2020-06-29 18:00:00+00:00,54.446953,55.475998
2020-06-29 19:00:00+00:00,52.69967,52.596
2020-06-29 20:00:00+00:00,49.74915,50.742
2020-06-29 21:00:00+00:00,46.943974,46.879997
2020-06-29 22:00:00+00:00,43.39904,44.257
2020-06-29 23:00:00+00:00,42.21452,42.217
2020-06-30 00:00:00+00:00,40.87748,41.249
2020-06-30 01:00:00+00:00,41.329327,41.581
2020-06-30 02:00:00+00:00,42.61841,42.264
2020-06-30 03:00:00+00:00,44.248726,45.079
2020-06-30 04:00:00+00:00,51.39963,52.345
2020-06-30 05:00:00+00:00,57.47543,58.266
2020-06-30 06:00:00+00:00,60.42495,62.252
2020-06-30 07:00:00+00:00,62.00369,63.845
2020-06-30 08:00:00+00:00,63.06692,64.064995
2020-06-30 09:00:00+00:00,62.74733,65.841
2020-06-30 10:00:00+00:00,63.78711,65.433
2020-06-30 11:00:00+00:00,62.68965,64.582
2020-06-30 12:00:00+00:00,61.436455,63.087
2020-06-30 13:00:00+00:00,60.168068,61.249
2020-06-30 14:00:00+00:00,58.687737,59.683
2020-06-30 15:00:00+00:00,57.866005,59.832
2020-06-30 16:00:00+00:00,58.93488,59.505
2020-06-30 17:00:00+00:00,57.771072,57.829
2020-06-30 18:00:00+00:00,55.11663,55.297
2020-06-30 19:00:00+00:00,52.563972,52.354
2020-06-30 20:00:00+00:00,49.61343,50.085
2020-06-30 21:00:00+00:00,46.185192,46.365997
2020-06-30 22:00:00+00:00,43.035862,43.732
2020-06-30 23:00:00+00:00,41.69217,42.017998
2020-07-01 00:00:00+00:00,40.701466,41.067
2020-07-01 01:00:00+00:00,40.916485,41.683
2020-07-01 02:00:00+00:00,42.568737,42.769
2020-07-01 03:00:00+00:00,45.40683,44.888
2020-07-01 04:00:00+00:00,50.030796,51.674
2020-07-01 05:00:00+00:00,56.184998,57.456
2020-07-01 06:00:00+00:00,59.44166,60.865997
2020-07-01 07:00:00+00:00,60.46607,63.732
2020-07-01 08:00:00+00:00,62.819977,65.748
2020-07-01 09:00:00+00:00,63.806866,66.968
2020-07-01 10:00:00+00:00,64.15839,66.645004
2020-07-01 11:00:00+00:00,63.601337,65.024
2020-07-01 12:00:00+00:00,61.799854,63.663998
2020-07-01 13:00:00+00:00,60.52461,62.248005
2020-07-01 14:00:00+00:00,59.51096,60.654
2020-07-01 15:00:00+00:00,58.474472,60.705
2020-07-01 16:00:00+00:00,59.32613,60.056
2020-07-01 17:00:00+00:00,57.92994,58.868
2020-07-01 18:00:00+00:00,55.923462,56.49
2020-07-01 19:00:00+00:00,53.399834,53.476997
2020-07-01 20:00:00+00:00,50.65809,52.084
2020-07-01 21:00:00+00:00,48.065063,47.206997
2020-07-01 22:00:00+00:00,43.56665,45.188
2020-07-01 23:00:00+00:00,43.386738,42.959
2020-07-02 00:00:00+00:00,41.29326,42.594
2020-07-02 01:00:00+00:00,42.979317,41.669003
2020-07-02 02:00:00+00:00,41.96056,42.559
2020-07-02 03:00:00+00:00,44.115818,45.161
2020-07-02 04:00:00+00:00,50.823093,51.514996
2020-07-02 05:00:00+00:00,56.593582,56.725
2020-07-02 06:00:00+00:00,59.220924,60.321003
2020-07-02 07:00:00+00:00,60.546738,61.841
2020-07-02 08:00:00+00:00,61.24628,63.679005
2020-07-02 09:00:00+00:00,62.329647,65.205
2020-07-02 10:00:00+00:00,62.953804,64.922
2020-07-02 11:00:00+00:00,62.065952,64.128
2020-07-02 12:00:00+00:00,61.12775,62.375
2020-07-02 13:00:00+00:00,59.45291,61.597
2020-07-02 14:00:00+00:00,59.099674,60.113
2020-07-02 15:00:00+00:00,58.178528,60.336998
2020-07-02 16:00:00+00:00,59.05983,59.359
2020-07-02 17:00:00+00:00,57.278076,58.475
2020-07-02 18:00:00+00:00,55.777096,55.634003
2020-07-02 19:00:00+00:00,52.762802,52.795
2020-07-02 20:00:00+00:00,50.321724,50.874
2020-07-02 21:00:00+00:00,47.038136,46.566
2020-07-02 22:00:00+00:00,43.23635,43.094997
2020-07-02 23:00:00+00:00,41.314346,41.48
2020-07-03 00:00:00+00:00,40.225796,40.72
2020-07-03 01:00:00+00:00,40.63734,40.955
2020-07-03 02:00:00+00:00,41.73268,41.762
2020-07-03 03:00:00+00:00,43.576797,44.345
2020-07-03 04:00:00+00:00,49.86786,50.155
2020-07-03 05:00:00+00:00,54.955666,55.645
2020-07-03 06:00:00+00:00,58.132862,58.519
2020-07-03 07:00:00+00:00,58.70365,60.413
2020-07-03 08:00:00+00:00,59.83546,62.265
2020-07-03 09:00:00+00:00,60.88927,63.576004
2020-07-03 10:00:00+00:00,61.227993,62.468998
2020-07-03 11:00:00+00:00,59.695904,60.565998
2020-07-03 12:00:00+00:00,57.778107,59.916
2020-07-03 13:00:00+00:00,57.73084,59.136
2020-07-03 14:00:00+00:00,57.531155,57.955
2020-07-03 15:00:00+00:00,56.552723,57.934002
2020-07-03 16:00:00+00:00,56.864986,56.355
2020-07-03 17:00:00+00:00,54.379417,54.786003
2020-07-03 18:00:00+00:00,52.63966,52.458
2020-07-03 19:00:00+00:00,50.057453,49.836998
2020-07-03 20:00:00+00:00,47.36599,48.118
